step,eval_reward,algo,env,seed
5000.0,978.8203,SACDistanceAgentNew,Ant-v5,32
10000.0,860.698,SACDistanceAgentNew,Ant-v5,32
15000.0,-64.1103,SACDistanceAgentNew,Ant-v5,32
20000.0,-34.5214,SACDistanceAgentNew,Ant-v5,32
25000.0,-52.3607,SACDistanceAgentNew,Ant-v5,32
30000.0,-13.8818,SACDistanceAgentNew,Ant-v5,32
35000.0,-10.4897,SACDistanceAgentNew,Ant-v5,32
40000.0,-12.6805,SACDistanceAgentNew,Ant-v5,32
45000.0,-6.3806,SACDistanceAgentNew,Ant-v5,32
50000.0,-7.5086,SACDistanceAgentNew,Ant-v5,32
55000.0,-7.2267,SACDistanceAgentNew,Ant-v5,32
60000.0,-4.5252,SACDistanceAgentNew,Ant-v5,32
65000.0,-4.6435,SACDistanceAgentNew,Ant-v5,32
70000.0,-3.4495,SACDistanceAgentNew,Ant-v5,32
75000.0,-2.6816,SACDistanceAgentNew,Ant-v5,32
80000.0,0.312,SACDistanceAgentNew,Ant-v5,32
85000.0,0.7366,SACDistanceAgentNew,Ant-v5,32
90000.0,-1.2846,SACDistanceAgentNew,Ant-v5,32
95000.0,0.9791,SACDistanceAgentNew,Ant-v5,32
100000.0,0.5785,SACDistanceAgentNew,Ant-v5,32
105000.0,2.3243,SACDistanceAgentNew,Ant-v5,32
110000.0,2.461,SACDistanceAgentNew,Ant-v5,32
115000.0,4.8585,SACDistanceAgentNew,Ant-v5,32
120000.0,4.1628,SACDistanceAgentNew,Ant-v5,32
125000.0,5.5011,SACDistanceAgentNew,Ant-v5,32
130000.0,6.1481,SACDistanceAgentNew,Ant-v5,32
135000.0,5.9665,SACDistanceAgentNew,Ant-v5,32
140000.0,5.7027,SACDistanceAgentNew,Ant-v5,32
145000.0,6.7883,SACDistanceAgentNew,Ant-v5,32
150000.0,5.3489,SACDistanceAgentNew,Ant-v5,32
155000.0,6.2913,SACDistanceAgentNew,Ant-v5,32
160000.0,5.9036,SACDistanceAgentNew,Ant-v5,32
165000.0,8.4305,SACDistanceAgentNew,Ant-v5,32
170000.0,7.0957,SACDistanceAgentNew,Ant-v5,32
175000.0,7.9966,SACDistanceAgentNew,Ant-v5,32
180000.0,7.8788,SACDistanceAgentNew,Ant-v5,32
185000.0,8.1599,SACDistanceAgentNew,Ant-v5,32
190000.0,8.4903,SACDistanceAgentNew,Ant-v5,32
195000.0,7.6514,SACDistanceAgentNew,Ant-v5,32
200000.0,8.0307,SACDistanceAgentNew,Ant-v5,32
205000.0,7.4636,SACDistanceAgentNew,Ant-v5,32
210000.0,7.2713,SACDistanceAgentNew,Ant-v5,32
215000.0,8.8161,SACDistanceAgentNew,Ant-v5,32
220000.0,6.9121,SACDistanceAgentNew,Ant-v5,32
225000.0,6.8438,SACDistanceAgentNew,Ant-v5,32
230000.0,7.5166,SACDistanceAgentNew,Ant-v5,32
235000.0,8.959,SACDistanceAgentNew,Ant-v5,32
240000.0,6.472,SACDistanceAgentNew,Ant-v5,32
245000.0,7.6027,SACDistanceAgentNew,Ant-v5,32
250000.0,7.1956,SACDistanceAgentNew,Ant-v5,32
255000.0,7.0446,SACDistanceAgentNew,Ant-v5,32
260000.0,7.2833,SACDistanceAgentNew,Ant-v5,32
265000.0,8.289,SACDistanceAgentNew,Ant-v5,32
270000.0,6.8276,SACDistanceAgentNew,Ant-v5,32
275000.0,7.873,SACDistanceAgentNew,Ant-v5,32
280000.0,7.2978,SACDistanceAgentNew,Ant-v5,32
285000.0,7.746,SACDistanceAgentNew,Ant-v5,32
290000.0,7.6789,SACDistanceAgentNew,Ant-v5,32
295000.0,8.0084,SACDistanceAgentNew,Ant-v5,32
300000.0,7.2251,SACDistanceAgentNew,Ant-v5,32
305000.0,6.6291,SACDistanceAgentNew,Ant-v5,32
310000.0,5.9653,SACDistanceAgentNew,Ant-v5,32
315000.0,7.4169,SACDistanceAgentNew,Ant-v5,32
320000.0,6.462,SACDistanceAgentNew,Ant-v5,32
325000.0,7.0804,SACDistanceAgentNew,Ant-v5,32
330000.0,5.4529,SACDistanceAgentNew,Ant-v5,32
335000.0,6.4768,SACDistanceAgentNew,Ant-v5,32
340000.0,4.6822,SACDistanceAgentNew,Ant-v5,32
345000.0,5.8152,SACDistanceAgentNew,Ant-v5,32
350000.0,7.2482,SACDistanceAgentNew,Ant-v5,32
355000.0,5.8143,SACDistanceAgentNew,Ant-v5,32
360000.0,7.7369,SACDistanceAgentNew,Ant-v5,32
365000.0,7.6672,SACDistanceAgentNew,Ant-v5,32
370000.0,7.2719,SACDistanceAgentNew,Ant-v5,32
375000.0,5.808,SACDistanceAgentNew,Ant-v5,32
380000.0,7.8132,SACDistanceAgentNew,Ant-v5,32
385000.0,6.4641,SACDistanceAgentNew,Ant-v5,32
390000.0,6.463,SACDistanceAgentNew,Ant-v5,32
395000.0,7.1749,SACDistanceAgentNew,Ant-v5,32
400000.0,5.8967,SACDistanceAgentNew,Ant-v5,32
405000.0,6.2273,SACDistanceAgentNew,Ant-v5,32
410000.0,6.0541,SACDistanceAgentNew,Ant-v5,32
415000.0,6.3237,SACDistanceAgentNew,Ant-v5,32
420000.0,5.9726,SACDistanceAgentNew,Ant-v5,32
425000.0,6.3899,SACDistanceAgentNew,Ant-v5,32
430000.0,5.5584,SACDistanceAgentNew,Ant-v5,32
435000.0,6.613,SACDistanceAgentNew,Ant-v5,32
440000.0,5.1586,SACDistanceAgentNew,Ant-v5,32
445000.0,4.9064,SACDistanceAgentNew,Ant-v5,32
450000.0,5.0139,SACDistanceAgentNew,Ant-v5,32
455000.0,3.9629,SACDistanceAgentNew,Ant-v5,32
460000.0,6.7976,SACDistanceAgentNew,Ant-v5,32
465000.0,6.1594,SACDistanceAgentNew,Ant-v5,32
470000.0,5.5863,SACDistanceAgentNew,Ant-v5,32
475000.0,6.2616,SACDistanceAgentNew,Ant-v5,32
480000.0,7.4752,SACDistanceAgentNew,Ant-v5,32
485000.0,6.8393,SACDistanceAgentNew,Ant-v5,32
490000.0,6.4831,SACDistanceAgentNew,Ant-v5,32
495000.0,5.5825,SACDistanceAgentNew,Ant-v5,32
500000.0,6.8339,SACDistanceAgentNew,Ant-v5,32
505000.0,9.7481,SACDistanceAgentNew,Ant-v5,32
510000.0,6.2687,SACDistanceAgentNew,Ant-v5,32
515000.0,5.9852,SACDistanceAgentNew,Ant-v5,32
520000.0,5.3197,SACDistanceAgentNew,Ant-v5,32
525000.0,6.8964,SACDistanceAgentNew,Ant-v5,32
530000.0,4.9827,SACDistanceAgentNew,Ant-v5,32
535000.0,6.0552,SACDistanceAgentNew,Ant-v5,32
540000.0,6.2356,SACDistanceAgentNew,Ant-v5,32
545000.0,6.3944,SACDistanceAgentNew,Ant-v5,32
550000.0,7.9146,SACDistanceAgentNew,Ant-v5,32
555000.0,7.1888,SACDistanceAgentNew,Ant-v5,32
560000.0,7.5,SACDistanceAgentNew,Ant-v5,32
565000.0,6.7219,SACDistanceAgentNew,Ant-v5,32
570000.0,5.6373,SACDistanceAgentNew,Ant-v5,32
575000.0,7.1483,SACDistanceAgentNew,Ant-v5,32
580000.0,5.2343,SACDistanceAgentNew,Ant-v5,32
585000.0,4.9732,SACDistanceAgentNew,Ant-v5,32
590000.0,8.0512,SACDistanceAgentNew,Ant-v5,32
595000.0,5.8718,SACDistanceAgentNew,Ant-v5,32
600000.0,6.0712,SACDistanceAgentNew,Ant-v5,32
605000.0,5.7769,SACDistanceAgentNew,Ant-v5,32
610000.0,6.6246,SACDistanceAgentNew,Ant-v5,32
615000.0,7.8089,SACDistanceAgentNew,Ant-v5,32
620000.0,5.231,SACDistanceAgentNew,Ant-v5,32
625000.0,5.9753,SACDistanceAgentNew,Ant-v5,32
630000.0,7.0105,SACDistanceAgentNew,Ant-v5,32
635000.0,6.2759,SACDistanceAgentNew,Ant-v5,32
640000.0,6.118,SACDistanceAgentNew,Ant-v5,32
645000.0,6.2552,SACDistanceAgentNew,Ant-v5,32
650000.0,5.9523,SACDistanceAgentNew,Ant-v5,32
655000.0,5.8847,SACDistanceAgentNew,Ant-v5,32
660000.0,5.729,SACDistanceAgentNew,Ant-v5,32
665000.0,7.0885,SACDistanceAgentNew,Ant-v5,32
670000.0,6.1155,SACDistanceAgentNew,Ant-v5,32
675000.0,5.372,SACDistanceAgentNew,Ant-v5,32
680000.0,6.6281,SACDistanceAgentNew,Ant-v5,32
685000.0,3.9961,SACDistanceAgentNew,Ant-v5,32
690000.0,4.868,SACDistanceAgentNew,Ant-v5,32
695000.0,6.0529,SACDistanceAgentNew,Ant-v5,32
700000.0,6.9158,SACDistanceAgentNew,Ant-v5,32
705000.0,6.4923,SACDistanceAgentNew,Ant-v5,32
710000.0,5.7383,SACDistanceAgentNew,Ant-v5,32
715000.0,5.6122,SACDistanceAgentNew,Ant-v5,32
720000.0,7.5941,SACDistanceAgentNew,Ant-v5,32
725000.0,6.017,SACDistanceAgentNew,Ant-v5,32
730000.0,4.1751,SACDistanceAgentNew,Ant-v5,32
735000.0,7.6721,SACDistanceAgentNew,Ant-v5,32
740000.0,7.0525,SACDistanceAgentNew,Ant-v5,32
745000.0,5.718,SACDistanceAgentNew,Ant-v5,32
750000.0,7.4242,SACDistanceAgentNew,Ant-v5,32
755000.0,6.3704,SACDistanceAgentNew,Ant-v5,32
760000.0,4.9185,SACDistanceAgentNew,Ant-v5,32
765000.0,8.2973,SACDistanceAgentNew,Ant-v5,32
770000.0,6.3172,SACDistanceAgentNew,Ant-v5,32
775000.0,6.0898,SACDistanceAgentNew,Ant-v5,32
780000.0,7.3259,SACDistanceAgentNew,Ant-v5,32
785000.0,7.6837,SACDistanceAgentNew,Ant-v5,32
790000.0,6.3864,SACDistanceAgentNew,Ant-v5,32
795000.0,8.7489,SACDistanceAgentNew,Ant-v5,32
800000.0,7.3811,SACDistanceAgentNew,Ant-v5,32
805000.0,7.5323,SACDistanceAgentNew,Ant-v5,32
810000.0,6.959,SACDistanceAgentNew,Ant-v5,32
815000.0,5.2623,SACDistanceAgentNew,Ant-v5,32
820000.0,6.9345,SACDistanceAgentNew,Ant-v5,32
825000.0,6.8635,SACDistanceAgentNew,Ant-v5,32
830000.0,6.2081,SACDistanceAgentNew,Ant-v5,32
835000.0,5.5055,SACDistanceAgentNew,Ant-v5,32
840000.0,4.8769,SACDistanceAgentNew,Ant-v5,32
845000.0,7.4789,SACDistanceAgentNew,Ant-v5,32
850000.0,6.8684,SACDistanceAgentNew,Ant-v5,32
855000.0,5.0215,SACDistanceAgentNew,Ant-v5,32
860000.0,8.1312,SACDistanceAgentNew,Ant-v5,32
865000.0,6.6032,SACDistanceAgentNew,Ant-v5,32
870000.0,4.6134,SACDistanceAgentNew,Ant-v5,32
875000.0,4.5163,SACDistanceAgentNew,Ant-v5,32
880000.0,5.396,SACDistanceAgentNew,Ant-v5,32
885000.0,5.5132,SACDistanceAgentNew,Ant-v5,32
890000.0,5.9844,SACDistanceAgentNew,Ant-v5,32
895000.0,6.6092,SACDistanceAgentNew,Ant-v5,32
900000.0,6.1182,SACDistanceAgentNew,Ant-v5,32
905000.0,5.9625,SACDistanceAgentNew,Ant-v5,32
910000.0,6.741,SACDistanceAgentNew,Ant-v5,32
915000.0,6.5932,SACDistanceAgentNew,Ant-v5,32
920000.0,5.4163,SACDistanceAgentNew,Ant-v5,32
925000.0,7.0103,SACDistanceAgentNew,Ant-v5,32
930000.0,6.4679,SACDistanceAgentNew,Ant-v5,32
935000.0,5.2853,SACDistanceAgentNew,Ant-v5,32
940000.0,7.4896,SACDistanceAgentNew,Ant-v5,32
945000.0,7.6109,SACDistanceAgentNew,Ant-v5,32
950000.0,4.3338,SACDistanceAgentNew,Ant-v5,32
955000.0,6.7855,SACDistanceAgentNew,Ant-v5,32
960000.0,5.1732,SACDistanceAgentNew,Ant-v5,32
965000.0,6.6073,SACDistanceAgentNew,Ant-v5,32
970000.0,6.7974,SACDistanceAgentNew,Ant-v5,32
975000.0,8.191,SACDistanceAgentNew,Ant-v5,32
980000.0,6.6178,SACDistanceAgentNew,Ant-v5,32
985000.0,9.423,SACDistanceAgentNew,Ant-v5,32
990000.0,6.0173,SACDistanceAgentNew,Ant-v5,32
995000.0,7.9209,SACDistanceAgentNew,Ant-v5,32
1000000.0,6.5845,SACDistanceAgentNew,Ant-v5,32
1005000.0,6.8825,SACDistanceAgentNew,Ant-v5,32
1010000.0,7.9425,SACDistanceAgentNew,Ant-v5,32
1015000.0,9.284,SACDistanceAgentNew,Ant-v5,32
1020000.0,7.6566,SACDistanceAgentNew,Ant-v5,32
1025000.0,7.3542,SACDistanceAgentNew,Ant-v5,32
1030000.0,7.5242,SACDistanceAgentNew,Ant-v5,32
1035000.0,9.3111,SACDistanceAgentNew,Ant-v5,32
1040000.0,8.4707,SACDistanceAgentNew,Ant-v5,32
1045000.0,7.8551,SACDistanceAgentNew,Ant-v5,32
1050000.0,8.6633,SACDistanceAgentNew,Ant-v5,32
1055000.0,9.6106,SACDistanceAgentNew,Ant-v5,32
1060000.0,10.5123,SACDistanceAgentNew,Ant-v5,32
1065000.0,11.0604,SACDistanceAgentNew,Ant-v5,32
1070000.0,10.4401,SACDistanceAgentNew,Ant-v5,32
1075000.0,9.2984,SACDistanceAgentNew,Ant-v5,32
1080000.0,9.464,SACDistanceAgentNew,Ant-v5,32
1085000.0,10.4087,SACDistanceAgentNew,Ant-v5,32
1090000.0,10.9395,SACDistanceAgentNew,Ant-v5,32
1095000.0,9.691,SACDistanceAgentNew,Ant-v5,32
1100000.0,10.3818,SACDistanceAgentNew,Ant-v5,32
1105000.0,10.7903,SACDistanceAgentNew,Ant-v5,32
1110000.0,11.6515,SACDistanceAgentNew,Ant-v5,32
1115000.0,10.9615,SACDistanceAgentNew,Ant-v5,32
1120000.0,10.8465,SACDistanceAgentNew,Ant-v5,32
1125000.0,11.1237,SACDistanceAgentNew,Ant-v5,32
1130000.0,11.4268,SACDistanceAgentNew,Ant-v5,32
1135000.0,12.7099,SACDistanceAgentNew,Ant-v5,32
1140000.0,10.3007,SACDistanceAgentNew,Ant-v5,32
1145000.0,11.9626,SACDistanceAgentNew,Ant-v5,32
1150000.0,10.3995,SACDistanceAgentNew,Ant-v5,32
1155000.0,10.8748,SACDistanceAgentNew,Ant-v5,32
1160000.0,12.3268,SACDistanceAgentNew,Ant-v5,32
1165000.0,11.795,SACDistanceAgentNew,Ant-v5,32
1170000.0,11.2449,SACDistanceAgentNew,Ant-v5,32
5000.0,-1.7872,SACDistanceAgentNew,HalfCheetah-v5,42
10000.0,106.5733,SACDistanceAgentNew,HalfCheetah-v5,42
15000.0,1177.6296,SACDistanceAgentNew,HalfCheetah-v5,42
20000.0,3379.5704,SACDistanceAgentNew,HalfCheetah-v5,42
25000.0,3996.6033,SACDistanceAgentNew,HalfCheetah-v5,42
30000.0,4594.121,SACDistanceAgentNew,HalfCheetah-v5,42
35000.0,4895.4404,SACDistanceAgentNew,HalfCheetah-v5,42
40000.0,4932.0709,SACDistanceAgentNew,HalfCheetah-v5,42
45000.0,5669.3482,SACDistanceAgentNew,HalfCheetah-v5,42
50000.0,6029.5874,SACDistanceAgentNew,HalfCheetah-v5,42
55000.0,6040.0782,SACDistanceAgentNew,HalfCheetah-v5,42
60000.0,6285.6572,SACDistanceAgentNew,HalfCheetah-v5,42
65000.0,6226.0295,SACDistanceAgentNew,HalfCheetah-v5,42
70000.0,6008.0587,SACDistanceAgentNew,HalfCheetah-v5,42
75000.0,6224.3586,SACDistanceAgentNew,HalfCheetah-v5,42
80000.0,6400.9235,SACDistanceAgentNew,HalfCheetah-v5,42
85000.0,6335.1389,SACDistanceAgentNew,HalfCheetah-v5,42
90000.0,6512.6268,SACDistanceAgentNew,HalfCheetah-v5,42
95000.0,6630.3206,SACDistanceAgentNew,HalfCheetah-v5,42
100000.0,6550.8758,SACDistanceAgentNew,HalfCheetah-v5,42
105000.0,6387.3229,SACDistanceAgentNew,HalfCheetah-v5,42
110000.0,6441.9788,SACDistanceAgentNew,HalfCheetah-v5,42
115000.0,6519.1763,SACDistanceAgentNew,HalfCheetah-v5,42
120000.0,6420.4197,SACDistanceAgentNew,HalfCheetah-v5,42
125000.0,6434.6096,SACDistanceAgentNew,HalfCheetah-v5,42
130000.0,6412.6069,SACDistanceAgentNew,HalfCheetah-v5,42
135000.0,6577.6195,SACDistanceAgentNew,HalfCheetah-v5,42
140000.0,6627.6656,SACDistanceAgentNew,HalfCheetah-v5,42
145000.0,6436.1931,SACDistanceAgentNew,HalfCheetah-v5,42
150000.0,6587.4686,SACDistanceAgentNew,HalfCheetah-v5,42
155000.0,6495.6736,SACDistanceAgentNew,HalfCheetah-v5,42
160000.0,6583.8164,SACDistanceAgentNew,HalfCheetah-v5,42
165000.0,6535.7397,SACDistanceAgentNew,HalfCheetah-v5,42
170000.0,6553.8196,SACDistanceAgentNew,HalfCheetah-v5,42
175000.0,6382.621,SACDistanceAgentNew,HalfCheetah-v5,42
180000.0,6562.1761,SACDistanceAgentNew,HalfCheetah-v5,42
185000.0,6785.8639,SACDistanceAgentNew,HalfCheetah-v5,42
190000.0,6777.2343,SACDistanceAgentNew,HalfCheetah-v5,42
195000.0,6689.5492,SACDistanceAgentNew,HalfCheetah-v5,42
200000.0,6664.1036,SACDistanceAgentNew,HalfCheetah-v5,42
205000.0,6690.0351,SACDistanceAgentNew,HalfCheetah-v5,42
210000.0,6575.6486,SACDistanceAgentNew,HalfCheetah-v5,42
215000.0,6642.4497,SACDistanceAgentNew,HalfCheetah-v5,42
220000.0,6464.2286,SACDistanceAgentNew,HalfCheetah-v5,42
225000.0,6531.9028,SACDistanceAgentNew,HalfCheetah-v5,42
230000.0,6773.122,SACDistanceAgentNew,HalfCheetah-v5,42
235000.0,6667.3115,SACDistanceAgentNew,HalfCheetah-v5,42
240000.0,6625.1234,SACDistanceAgentNew,HalfCheetah-v5,42
245000.0,6664.2793,SACDistanceAgentNew,HalfCheetah-v5,42
250000.0,6652.1862,SACDistanceAgentNew,HalfCheetah-v5,42
255000.0,6690.4523,SACDistanceAgentNew,HalfCheetah-v5,42
260000.0,6547.8585,SACDistanceAgentNew,HalfCheetah-v5,42
265000.0,6677.1817,SACDistanceAgentNew,HalfCheetah-v5,42
270000.0,6635.5878,SACDistanceAgentNew,HalfCheetah-v5,42
275000.0,6624.4716,SACDistanceAgentNew,HalfCheetah-v5,42
280000.0,6625.1747,SACDistanceAgentNew,HalfCheetah-v5,42
285000.0,6697.1727,SACDistanceAgentNew,HalfCheetah-v5,42
290000.0,6744.4091,SACDistanceAgentNew,HalfCheetah-v5,42
295000.0,6802.2202,SACDistanceAgentNew,HalfCheetah-v5,42
300000.0,6747.5135,SACDistanceAgentNew,HalfCheetah-v5,42
305000.0,6730.5178,SACDistanceAgentNew,HalfCheetah-v5,42
310000.0,6744.8057,SACDistanceAgentNew,HalfCheetah-v5,42
315000.0,6778.9375,SACDistanceAgentNew,HalfCheetah-v5,42
320000.0,6726.1692,SACDistanceAgentNew,HalfCheetah-v5,42
325000.0,6803.8834,SACDistanceAgentNew,HalfCheetah-v5,42
330000.0,6897.6201,SACDistanceAgentNew,HalfCheetah-v5,42
335000.0,7090.4748,SACDistanceAgentNew,HalfCheetah-v5,42
340000.0,7096.4772,SACDistanceAgentNew,HalfCheetah-v5,42
345000.0,7007.6615,SACDistanceAgentNew,HalfCheetah-v5,42
350000.0,7203.1543,SACDistanceAgentNew,HalfCheetah-v5,42
355000.0,7408.3531,SACDistanceAgentNew,HalfCheetah-v5,42
360000.0,7249.642,SACDistanceAgentNew,HalfCheetah-v5,42
365000.0,7273.1989,SACDistanceAgentNew,HalfCheetah-v5,42
370000.0,7386.403,SACDistanceAgentNew,HalfCheetah-v5,42
375000.0,7370.3076,SACDistanceAgentNew,HalfCheetah-v5,42
380000.0,7478.0092,SACDistanceAgentNew,HalfCheetah-v5,42
385000.0,7638.2813,SACDistanceAgentNew,HalfCheetah-v5,42
390000.0,7455.4165,SACDistanceAgentNew,HalfCheetah-v5,42
395000.0,7583.1027,SACDistanceAgentNew,HalfCheetah-v5,42
400000.0,7440.1722,SACDistanceAgentNew,HalfCheetah-v5,42
405000.0,7565.6719,SACDistanceAgentNew,HalfCheetah-v5,42
410000.0,7496.2013,SACDistanceAgentNew,HalfCheetah-v5,42
415000.0,7594.7745,SACDistanceAgentNew,HalfCheetah-v5,42
420000.0,7615.3642,SACDistanceAgentNew,HalfCheetah-v5,42
425000.0,7664.6963,SACDistanceAgentNew,HalfCheetah-v5,42
430000.0,7705.1386,SACDistanceAgentNew,HalfCheetah-v5,42
435000.0,7714.1803,SACDistanceAgentNew,HalfCheetah-v5,42
440000.0,7916.2939,SACDistanceAgentNew,HalfCheetah-v5,42
445000.0,7753.3455,SACDistanceAgentNew,HalfCheetah-v5,42
450000.0,7748.0558,SACDistanceAgentNew,HalfCheetah-v5,42
455000.0,7780.4146,SACDistanceAgentNew,HalfCheetah-v5,42
460000.0,7711.2829,SACDistanceAgentNew,HalfCheetah-v5,42
465000.0,7903.6582,SACDistanceAgentNew,HalfCheetah-v5,42
470000.0,7790.0308,SACDistanceAgentNew,HalfCheetah-v5,42
475000.0,8025.6289,SACDistanceAgentNew,HalfCheetah-v5,42
480000.0,8025.1303,SACDistanceAgentNew,HalfCheetah-v5,42
485000.0,7899.9634,SACDistanceAgentNew,HalfCheetah-v5,42
490000.0,8002.17,SACDistanceAgentNew,HalfCheetah-v5,42
495000.0,7899.3451,SACDistanceAgentNew,HalfCheetah-v5,42
500000.0,7976.2636,SACDistanceAgentNew,HalfCheetah-v5,42
505000.0,7974.4823,SACDistanceAgentNew,HalfCheetah-v5,42
510000.0,8160.7209,SACDistanceAgentNew,HalfCheetah-v5,42
515000.0,7946.7229,SACDistanceAgentNew,HalfCheetah-v5,42
520000.0,8234.9169,SACDistanceAgentNew,HalfCheetah-v5,42
525000.0,8027.8952,SACDistanceAgentNew,HalfCheetah-v5,42
530000.0,8059.6191,SACDistanceAgentNew,HalfCheetah-v5,42
535000.0,8295.5872,SACDistanceAgentNew,HalfCheetah-v5,42
540000.0,8332.4118,SACDistanceAgentNew,HalfCheetah-v5,42
545000.0,8514.0145,SACDistanceAgentNew,HalfCheetah-v5,42
550000.0,8184.087,SACDistanceAgentNew,HalfCheetah-v5,42
555000.0,8352.4507,SACDistanceAgentNew,HalfCheetah-v5,42
560000.0,8073.7982,SACDistanceAgentNew,HalfCheetah-v5,42
565000.0,8485.268,SACDistanceAgentNew,HalfCheetah-v5,42
570000.0,8359.0341,SACDistanceAgentNew,HalfCheetah-v5,42
575000.0,8313.4973,SACDistanceAgentNew,HalfCheetah-v5,42
580000.0,8288.6861,SACDistanceAgentNew,HalfCheetah-v5,42
585000.0,8533.0057,SACDistanceAgentNew,HalfCheetah-v5,42
590000.0,8845.653,SACDistanceAgentNew,HalfCheetah-v5,42
595000.0,9401.2491,SACDistanceAgentNew,HalfCheetah-v5,42
600000.0,8228.2785,SACDistanceAgentNew,HalfCheetah-v5,42
605000.0,8255.8209,SACDistanceAgentNew,HalfCheetah-v5,42
610000.0,8220.6825,SACDistanceAgentNew,HalfCheetah-v5,42
615000.0,8436.4267,SACDistanceAgentNew,HalfCheetah-v5,42
620000.0,8451.0441,SACDistanceAgentNew,HalfCheetah-v5,42
625000.0,8470.9113,SACDistanceAgentNew,HalfCheetah-v5,42
630000.0,8535.7414,SACDistanceAgentNew,HalfCheetah-v5,42
635000.0,8516.3678,SACDistanceAgentNew,HalfCheetah-v5,42
640000.0,9090.9199,SACDistanceAgentNew,HalfCheetah-v5,42
645000.0,9493.0467,SACDistanceAgentNew,HalfCheetah-v5,42
650000.0,9143.2783,SACDistanceAgentNew,HalfCheetah-v5,42
655000.0,8323.2153,SACDistanceAgentNew,HalfCheetah-v5,42
660000.0,9378.1706,SACDistanceAgentNew,HalfCheetah-v5,42
665000.0,8465.7879,SACDistanceAgentNew,HalfCheetah-v5,42
670000.0,8496.7928,SACDistanceAgentNew,HalfCheetah-v5,42
675000.0,8929.0714,SACDistanceAgentNew,HalfCheetah-v5,42
680000.0,8382.9089,SACDistanceAgentNew,HalfCheetah-v5,42
685000.0,8413.1225,SACDistanceAgentNew,HalfCheetah-v5,42
690000.0,8416.8275,SACDistanceAgentNew,HalfCheetah-v5,42
695000.0,8818.1172,SACDistanceAgentNew,HalfCheetah-v5,42
700000.0,8525.7743,SACDistanceAgentNew,HalfCheetah-v5,42
705000.0,8481.7385,SACDistanceAgentNew,HalfCheetah-v5,42
710000.0,8431.3351,SACDistanceAgentNew,HalfCheetah-v5,42
715000.0,8617.3822,SACDistanceAgentNew,HalfCheetah-v5,42
720000.0,9302.8844,SACDistanceAgentNew,HalfCheetah-v5,42
725000.0,9151.4813,SACDistanceAgentNew,HalfCheetah-v5,42
730000.0,9194.2683,SACDistanceAgentNew,HalfCheetah-v5,42
735000.0,9610.3541,SACDistanceAgentNew,HalfCheetah-v5,42
740000.0,8682.407,SACDistanceAgentNew,HalfCheetah-v5,42
745000.0,8814.3953,SACDistanceAgentNew,HalfCheetah-v5,42
750000.0,8734.6023,SACDistanceAgentNew,HalfCheetah-v5,42
755000.0,8602.6258,SACDistanceAgentNew,HalfCheetah-v5,42
760000.0,8673.8913,SACDistanceAgentNew,HalfCheetah-v5,42
765000.0,9476.4671,SACDistanceAgentNew,HalfCheetah-v5,42
770000.0,9757.1413,SACDistanceAgentNew,HalfCheetah-v5,42
775000.0,8726.354,SACDistanceAgentNew,HalfCheetah-v5,42
780000.0,8792.7688,SACDistanceAgentNew,HalfCheetah-v5,42
785000.0,8887.6381,SACDistanceAgentNew,HalfCheetah-v5,42
790000.0,8668.1063,SACDistanceAgentNew,HalfCheetah-v5,42
795000.0,9790.6735,SACDistanceAgentNew,HalfCheetah-v5,42
800000.0,9715.5799,SACDistanceAgentNew,HalfCheetah-v5,42
805000.0,8789.5387,SACDistanceAgentNew,HalfCheetah-v5,42
810000.0,9421.7995,SACDistanceAgentNew,HalfCheetah-v5,42
815000.0,8953.937,SACDistanceAgentNew,HalfCheetah-v5,42
820000.0,9589.2832,SACDistanceAgentNew,HalfCheetah-v5,42
825000.0,9793.8491,SACDistanceAgentNew,HalfCheetah-v5,42
830000.0,8975.113,SACDistanceAgentNew,HalfCheetah-v5,42
835000.0,9562.1555,SACDistanceAgentNew,HalfCheetah-v5,42
840000.0,9134.775,SACDistanceAgentNew,HalfCheetah-v5,42
845000.0,9768.909,SACDistanceAgentNew,HalfCheetah-v5,42
850000.0,8982.7689,SACDistanceAgentNew,HalfCheetah-v5,42
855000.0,9211.4195,SACDistanceAgentNew,HalfCheetah-v5,42
860000.0,9779.3793,SACDistanceAgentNew,HalfCheetah-v5,42
865000.0,9805.7062,SACDistanceAgentNew,HalfCheetah-v5,42
870000.0,9205.694,SACDistanceAgentNew,HalfCheetah-v5,42
875000.0,9216.9871,SACDistanceAgentNew,HalfCheetah-v5,42
880000.0,9265.2527,SACDistanceAgentNew,HalfCheetah-v5,42
885000.0,9015.5101,SACDistanceAgentNew,HalfCheetah-v5,42
890000.0,9346.2002,SACDistanceAgentNew,HalfCheetah-v5,42
895000.0,9088.128,SACDistanceAgentNew,HalfCheetah-v5,42
900000.0,9072.7709,SACDistanceAgentNew,HalfCheetah-v5,42
905000.0,9075.225,SACDistanceAgentNew,HalfCheetah-v5,42
910000.0,9165.8386,SACDistanceAgentNew,HalfCheetah-v5,42
915000.0,9419.7164,SACDistanceAgentNew,HalfCheetah-v5,42
920000.0,9070.6782,SACDistanceAgentNew,HalfCheetah-v5,42
925000.0,9118.507,SACDistanceAgentNew,HalfCheetah-v5,42
930000.0,9296.1429,SACDistanceAgentNew,HalfCheetah-v5,42
935000.0,8949.7756,SACDistanceAgentNew,HalfCheetah-v5,42
940000.0,8985.9737,SACDistanceAgentNew,HalfCheetah-v5,42
945000.0,8879.4457,SACDistanceAgentNew,HalfCheetah-v5,42
950000.0,9108.1132,SACDistanceAgentNew,HalfCheetah-v5,42
955000.0,9168.2545,SACDistanceAgentNew,HalfCheetah-v5,42
960000.0,9201.8841,SACDistanceAgentNew,HalfCheetah-v5,42
965000.0,9162.5757,SACDistanceAgentNew,HalfCheetah-v5,42
970000.0,8981.4074,SACDistanceAgentNew,HalfCheetah-v5,42
975000.0,9061.4525,SACDistanceAgentNew,HalfCheetah-v5,42
980000.0,8869.2405,SACDistanceAgentNew,HalfCheetah-v5,42
985000.0,9017.6664,SACDistanceAgentNew,HalfCheetah-v5,42
990000.0,9059.3189,SACDistanceAgentNew,HalfCheetah-v5,42
995000.0,9299.459,SACDistanceAgentNew,HalfCheetah-v5,42
1000000.0,9357.6864,SACDistanceAgentNew,HalfCheetah-v5,42
1005000.0,9188.2725,SACDistanceAgentNew,HalfCheetah-v5,42
1010000.0,9252.2487,SACDistanceAgentNew,HalfCheetah-v5,42
1015000.0,9063.8223,SACDistanceAgentNew,HalfCheetah-v5,42
1020000.0,9396.5266,SACDistanceAgentNew,HalfCheetah-v5,42
1025000.0,10104.6008,SACDistanceAgentNew,HalfCheetah-v5,42
1030000.0,9418.0585,SACDistanceAgentNew,HalfCheetah-v5,42
1035000.0,8874.3881,SACDistanceAgentNew,HalfCheetah-v5,42
1040000.0,9921.6954,SACDistanceAgentNew,HalfCheetah-v5,42
1045000.0,9160.2986,SACDistanceAgentNew,HalfCheetah-v5,42
1050000.0,9288.1866,SACDistanceAgentNew,HalfCheetah-v5,42
1055000.0,10071.3695,SACDistanceAgentNew,HalfCheetah-v5,42
1060000.0,9723.5439,SACDistanceAgentNew,HalfCheetah-v5,42
1065000.0,9141.4838,SACDistanceAgentNew,HalfCheetah-v5,42
1070000.0,9352.6085,SACDistanceAgentNew,HalfCheetah-v5,42
1075000.0,9630.6563,SACDistanceAgentNew,HalfCheetah-v5,42
1080000.0,9138.3289,SACDistanceAgentNew,HalfCheetah-v5,42
1085000.0,9810.7576,SACDistanceAgentNew,HalfCheetah-v5,42
1090000.0,9510.6864,SACDistanceAgentNew,HalfCheetah-v5,42
1095000.0,10010.9088,SACDistanceAgentNew,HalfCheetah-v5,42
1100000.0,9328.6537,SACDistanceAgentNew,HalfCheetah-v5,42
1105000.0,9393.9999,SACDistanceAgentNew,HalfCheetah-v5,42
1110000.0,10133.0761,SACDistanceAgentNew,HalfCheetah-v5,42
1115000.0,10070.8922,SACDistanceAgentNew,HalfCheetah-v5,42
1120000.0,9777.9397,SACDistanceAgentNew,HalfCheetah-v5,42
1125000.0,9697.7293,SACDistanceAgentNew,HalfCheetah-v5,42
1130000.0,9477.8166,SACDistanceAgentNew,HalfCheetah-v5,42
1135000.0,9346.0569,SACDistanceAgentNew,HalfCheetah-v5,42
1140000.0,9266.7919,SACDistanceAgentNew,HalfCheetah-v5,42
1145000.0,9778.069,SACDistanceAgentNew,HalfCheetah-v5,42
1150000.0,9244.3166,SACDistanceAgentNew,HalfCheetah-v5,42
1155000.0,9307.188,SACDistanceAgentNew,HalfCheetah-v5,42
5000.0,103.4821,SACDistanceAgentNew,InvertedDoublePendulum-v5,42
10000.0,443.8167,SACDistanceAgentNew,InvertedDoublePendulum-v5,42
15000.0,1375.4802,SACDistanceAgentNew,InvertedDoublePendulum-v5,42
20000.0,9359.7892,SACDistanceAgentNew,InvertedDoublePendulum-v5,42
25000.0,9359.8484,SACDistanceAgentNew,InvertedDoublePendulum-v5,42
30000.0,9358.6964,SACDistanceAgentNew,InvertedDoublePendulum-v5,42
35000.0,9359.7181,SACDistanceAgentNew,InvertedDoublePendulum-v5,42
40000.0,9359.2728,SACDistanceAgentNew,InvertedDoublePendulum-v5,42
45000.0,9359.2053,SACDistanceAgentNew,InvertedDoublePendulum-v5,42
50000.0,9359.4641,SACDistanceAgentNew,InvertedDoublePendulum-v5,42
55000.0,9358.5652,SACDistanceAgentNew,InvertedDoublePendulum-v5,42
60000.0,9358.5701,SACDistanceAgentNew,InvertedDoublePendulum-v5,42
65000.0,9352.8482,SACDistanceAgentNew,InvertedDoublePendulum-v5,42
70000.0,9356.2796,SACDistanceAgentNew,InvertedDoublePendulum-v5,42
75000.0,9356.1044,SACDistanceAgentNew,InvertedDoublePendulum-v5,42
80000.0,9354.3054,SACDistanceAgentNew,InvertedDoublePendulum-v5,42
85000.0,9354.3977,SACDistanceAgentNew,InvertedDoublePendulum-v5,42
90000.0,9355.6953,SACDistanceAgentNew,InvertedDoublePendulum-v5,42
95000.0,9356.5254,SACDistanceAgentNew,InvertedDoublePendulum-v5,42
100000.0,9355.5051,SACDistanceAgentNew,InvertedDoublePendulum-v5,42
105000.0,9350.8158,SACDistanceAgentNew,InvertedDoublePendulum-v5,42
110000.0,9342.1659,SACDistanceAgentNew,InvertedDoublePendulum-v5,42
115000.0,9350.92,SACDistanceAgentNew,InvertedDoublePendulum-v5,42
120000.0,9347.06,SACDistanceAgentNew,InvertedDoublePendulum-v5,42
125000.0,9348.0235,SACDistanceAgentNew,InvertedDoublePendulum-v5,42
130000.0,9348.0074,SACDistanceAgentNew,InvertedDoublePendulum-v5,42
135000.0,9355.4827,SACDistanceAgentNew,InvertedDoublePendulum-v5,42
140000.0,9358.2545,SACDistanceAgentNew,InvertedDoublePendulum-v5,42
145000.0,9347.1553,SACDistanceAgentNew,InvertedDoublePendulum-v5,42
150000.0,9347.6639,SACDistanceAgentNew,InvertedDoublePendulum-v5,42
155000.0,9355.6446,SACDistanceAgentNew,InvertedDoublePendulum-v5,42
160000.0,9356.5521,SACDistanceAgentNew,InvertedDoublePendulum-v5,42
165000.0,9354.0382,SACDistanceAgentNew,InvertedDoublePendulum-v5,42
170000.0,9352.0487,SACDistanceAgentNew,InvertedDoublePendulum-v5,42
175000.0,9358.0945,SACDistanceAgentNew,InvertedDoublePendulum-v5,42
180000.0,9353.6495,SACDistanceAgentNew,InvertedDoublePendulum-v5,42
185000.0,9348.4816,SACDistanceAgentNew,InvertedDoublePendulum-v5,42
190000.0,9352.1896,SACDistanceAgentNew,InvertedDoublePendulum-v5,42
195000.0,9345.4374,SACDistanceAgentNew,InvertedDoublePendulum-v5,42
200000.0,9359.084,SACDistanceAgentNew,InvertedDoublePendulum-v5,42
205000.0,9359.6849,SACDistanceAgentNew,InvertedDoublePendulum-v5,42
210000.0,9359.7471,SACDistanceAgentNew,InvertedDoublePendulum-v5,42
215000.0,9359.4613,SACDistanceAgentNew,InvertedDoublePendulum-v5,42
220000.0,9359.6858,SACDistanceAgentNew,InvertedDoublePendulum-v5,42
225000.0,9359.5749,SACDistanceAgentNew,InvertedDoublePendulum-v5,42
230000.0,9350.86,SACDistanceAgentNew,InvertedDoublePendulum-v5,42
235000.0,9359.0321,SACDistanceAgentNew,InvertedDoublePendulum-v5,42
240000.0,9343.2894,SACDistanceAgentNew,InvertedDoublePendulum-v5,42
245000.0,9356.1233,SACDistanceAgentNew,InvertedDoublePendulum-v5,42
250000.0,9359.6091,SACDistanceAgentNew,InvertedDoublePendulum-v5,42
255000.0,9354.5568,SACDistanceAgentNew,InvertedDoublePendulum-v5,42
260000.0,9359.4399,SACDistanceAgentNew,InvertedDoublePendulum-v5,42
265000.0,9356.2234,SACDistanceAgentNew,InvertedDoublePendulum-v5,42
270000.0,9357.9876,SACDistanceAgentNew,InvertedDoublePendulum-v5,42
275000.0,9347.9508,SACDistanceAgentNew,InvertedDoublePendulum-v5,42
280000.0,9358.8327,SACDistanceAgentNew,InvertedDoublePendulum-v5,42
285000.0,9350.9762,SACDistanceAgentNew,InvertedDoublePendulum-v5,42
290000.0,9355.616,SACDistanceAgentNew,InvertedDoublePendulum-v5,42
295000.0,9354.6228,SACDistanceAgentNew,InvertedDoublePendulum-v5,42
300000.0,9347.2927,SACDistanceAgentNew,InvertedDoublePendulum-v5,42
305000.0,9337.0114,SACDistanceAgentNew,InvertedDoublePendulum-v5,42
310000.0,9351.2709,SACDistanceAgentNew,InvertedDoublePendulum-v5,42
315000.0,9359.3611,SACDistanceAgentNew,InvertedDoublePendulum-v5,42
320000.0,9346.5892,SACDistanceAgentNew,InvertedDoublePendulum-v5,42
325000.0,9359.3971,SACDistanceAgentNew,InvertedDoublePendulum-v5,42
330000.0,9355.3012,SACDistanceAgentNew,InvertedDoublePendulum-v5,42
335000.0,9347.6022,SACDistanceAgentNew,InvertedDoublePendulum-v5,42
340000.0,9355.186,SACDistanceAgentNew,InvertedDoublePendulum-v5,42
345000.0,9348.9809,SACDistanceAgentNew,InvertedDoublePendulum-v5,42
350000.0,9358.1318,SACDistanceAgentNew,InvertedDoublePendulum-v5,42
355000.0,9359.1277,SACDistanceAgentNew,InvertedDoublePendulum-v5,42
360000.0,9338.8031,SACDistanceAgentNew,InvertedDoublePendulum-v5,42
365000.0,9353.7765,SACDistanceAgentNew,InvertedDoublePendulum-v5,42
370000.0,9358.858,SACDistanceAgentNew,InvertedDoublePendulum-v5,42
375000.0,9355.8806,SACDistanceAgentNew,InvertedDoublePendulum-v5,42
380000.0,9357.793,SACDistanceAgentNew,InvertedDoublePendulum-v5,42
385000.0,9352.1579,SACDistanceAgentNew,InvertedDoublePendulum-v5,42
390000.0,9353.2167,SACDistanceAgentNew,InvertedDoublePendulum-v5,42
395000.0,9355.9101,SACDistanceAgentNew,InvertedDoublePendulum-v5,42
400000.0,9358.8377,SACDistanceAgentNew,InvertedDoublePendulum-v5,42
405000.0,9359.5407,SACDistanceAgentNew,InvertedDoublePendulum-v5,42
410000.0,9351.5852,SACDistanceAgentNew,InvertedDoublePendulum-v5,42
415000.0,9359.1934,SACDistanceAgentNew,InvertedDoublePendulum-v5,42
420000.0,9350.1642,SACDistanceAgentNew,InvertedDoublePendulum-v5,42
425000.0,9357.9465,SACDistanceAgentNew,InvertedDoublePendulum-v5,42
430000.0,9359.249,SACDistanceAgentNew,InvertedDoublePendulum-v5,42
435000.0,9347.8418,SACDistanceAgentNew,InvertedDoublePendulum-v5,42
440000.0,9349.2543,SACDistanceAgentNew,InvertedDoublePendulum-v5,42
445000.0,9349.3354,SACDistanceAgentNew,InvertedDoublePendulum-v5,42
450000.0,9345.1614,SACDistanceAgentNew,InvertedDoublePendulum-v5,42
455000.0,9349.1787,SACDistanceAgentNew,InvertedDoublePendulum-v5,42
460000.0,9348.935,SACDistanceAgentNew,InvertedDoublePendulum-v5,42
465000.0,9342.8809,SACDistanceAgentNew,InvertedDoublePendulum-v5,42
470000.0,9350.7082,SACDistanceAgentNew,InvertedDoublePendulum-v5,42
475000.0,9347.3991,SACDistanceAgentNew,InvertedDoublePendulum-v5,42
480000.0,9352.3557,SACDistanceAgentNew,InvertedDoublePendulum-v5,42
485000.0,9352.6504,SACDistanceAgentNew,InvertedDoublePendulum-v5,42
490000.0,9343.9233,SACDistanceAgentNew,InvertedDoublePendulum-v5,42
495000.0,9359.1549,SACDistanceAgentNew,InvertedDoublePendulum-v5,42
500000.0,9342.4198,SACDistanceAgentNew,InvertedDoublePendulum-v5,42
505000.0,9352.4106,SACDistanceAgentNew,InvertedDoublePendulum-v5,42
510000.0,9353.2847,SACDistanceAgentNew,InvertedDoublePendulum-v5,42
515000.0,9348.4393,SACDistanceAgentNew,InvertedDoublePendulum-v5,42
520000.0,9358.9204,SACDistanceAgentNew,InvertedDoublePendulum-v5,42
525000.0,9358.2736,SACDistanceAgentNew,InvertedDoublePendulum-v5,42
530000.0,9354.7618,SACDistanceAgentNew,InvertedDoublePendulum-v5,42
535000.0,9356.5208,SACDistanceAgentNew,InvertedDoublePendulum-v5,42
540000.0,9354.581,SACDistanceAgentNew,InvertedDoublePendulum-v5,42
545000.0,9359.5156,SACDistanceAgentNew,InvertedDoublePendulum-v5,42
550000.0,9342.1415,SACDistanceAgentNew,InvertedDoublePendulum-v5,42
555000.0,9345.125,SACDistanceAgentNew,InvertedDoublePendulum-v5,42
560000.0,9359.4397,SACDistanceAgentNew,InvertedDoublePendulum-v5,42
565000.0,9342.0145,SACDistanceAgentNew,InvertedDoublePendulum-v5,42
570000.0,9353.5838,SACDistanceAgentNew,InvertedDoublePendulum-v5,42
575000.0,9359.6212,SACDistanceAgentNew,InvertedDoublePendulum-v5,42
580000.0,9354.0556,SACDistanceAgentNew,InvertedDoublePendulum-v5,42
585000.0,9353.2112,SACDistanceAgentNew,InvertedDoublePendulum-v5,42
590000.0,9346.8216,SACDistanceAgentNew,InvertedDoublePendulum-v5,42
595000.0,9357.9072,SACDistanceAgentNew,InvertedDoublePendulum-v5,42
600000.0,9355.6648,SACDistanceAgentNew,InvertedDoublePendulum-v5,42
605000.0,9355.0205,SACDistanceAgentNew,InvertedDoublePendulum-v5,42
610000.0,9342.489,SACDistanceAgentNew,InvertedDoublePendulum-v5,42
615000.0,9359.342,SACDistanceAgentNew,InvertedDoublePendulum-v5,42
620000.0,9348.9173,SACDistanceAgentNew,InvertedDoublePendulum-v5,42
625000.0,9358.5297,SACDistanceAgentNew,InvertedDoublePendulum-v5,42
630000.0,9359.4923,SACDistanceAgentNew,InvertedDoublePendulum-v5,42
635000.0,9359.2082,SACDistanceAgentNew,InvertedDoublePendulum-v5,42
640000.0,9355.1911,SACDistanceAgentNew,InvertedDoublePendulum-v5,42
645000.0,9340.7577,SACDistanceAgentNew,InvertedDoublePendulum-v5,42
650000.0,9356.4161,SACDistanceAgentNew,InvertedDoublePendulum-v5,42
655000.0,9359.424,SACDistanceAgentNew,InvertedDoublePendulum-v5,42
660000.0,9359.5798,SACDistanceAgentNew,InvertedDoublePendulum-v5,42
665000.0,9351.3326,SACDistanceAgentNew,InvertedDoublePendulum-v5,42
670000.0,9359.6552,SACDistanceAgentNew,InvertedDoublePendulum-v5,42
675000.0,9351.4914,SACDistanceAgentNew,InvertedDoublePendulum-v5,42
680000.0,9359.4699,SACDistanceAgentNew,InvertedDoublePendulum-v5,42
685000.0,9351.927,SACDistanceAgentNew,InvertedDoublePendulum-v5,42
690000.0,9359.3112,SACDistanceAgentNew,InvertedDoublePendulum-v5,42
695000.0,9354.8474,SACDistanceAgentNew,InvertedDoublePendulum-v5,42
700000.0,9353.1192,SACDistanceAgentNew,InvertedDoublePendulum-v5,42
705000.0,9346.3285,SACDistanceAgentNew,InvertedDoublePendulum-v5,42
710000.0,9345.8658,SACDistanceAgentNew,InvertedDoublePendulum-v5,42
715000.0,9359.2952,SACDistanceAgentNew,InvertedDoublePendulum-v5,42
720000.0,9358.5909,SACDistanceAgentNew,InvertedDoublePendulum-v5,42
725000.0,9357.9662,SACDistanceAgentNew,InvertedDoublePendulum-v5,42
730000.0,9350.8823,SACDistanceAgentNew,InvertedDoublePendulum-v5,42
735000.0,9331.2934,SACDistanceAgentNew,InvertedDoublePendulum-v5,42
740000.0,9350.2253,SACDistanceAgentNew,InvertedDoublePendulum-v5,42
745000.0,9353.8687,SACDistanceAgentNew,InvertedDoublePendulum-v5,42
750000.0,9358.1616,SACDistanceAgentNew,InvertedDoublePendulum-v5,42
755000.0,9356.6597,SACDistanceAgentNew,InvertedDoublePendulum-v5,42
760000.0,9358.7378,SACDistanceAgentNew,InvertedDoublePendulum-v5,42
765000.0,9346.9095,SACDistanceAgentNew,InvertedDoublePendulum-v5,42
770000.0,9346.366,SACDistanceAgentNew,InvertedDoublePendulum-v5,42
775000.0,9359.2129,SACDistanceAgentNew,InvertedDoublePendulum-v5,42
780000.0,9354.0284,SACDistanceAgentNew,InvertedDoublePendulum-v5,42
785000.0,9356.6282,SACDistanceAgentNew,InvertedDoublePendulum-v5,42
790000.0,9359.8536,SACDistanceAgentNew,InvertedDoublePendulum-v5,42
795000.0,9351.3229,SACDistanceAgentNew,InvertedDoublePendulum-v5,42
800000.0,9359.6051,SACDistanceAgentNew,InvertedDoublePendulum-v5,42
805000.0,9340.118,SACDistanceAgentNew,InvertedDoublePendulum-v5,42
810000.0,9359.4516,SACDistanceAgentNew,InvertedDoublePendulum-v5,42
815000.0,9358.23,SACDistanceAgentNew,InvertedDoublePendulum-v5,42
820000.0,9359.4877,SACDistanceAgentNew,InvertedDoublePendulum-v5,42
825000.0,9357.7118,SACDistanceAgentNew,InvertedDoublePendulum-v5,42
830000.0,9359.3938,SACDistanceAgentNew,InvertedDoublePendulum-v5,42
835000.0,9357.6089,SACDistanceAgentNew,InvertedDoublePendulum-v5,42
840000.0,9356.2147,SACDistanceAgentNew,InvertedDoublePendulum-v5,42
845000.0,9357.4304,SACDistanceAgentNew,InvertedDoublePendulum-v5,42
850000.0,9357.6928,SACDistanceAgentNew,InvertedDoublePendulum-v5,42
855000.0,9349.674,SACDistanceAgentNew,InvertedDoublePendulum-v5,42
860000.0,9356.4677,SACDistanceAgentNew,InvertedDoublePendulum-v5,42
865000.0,9356.2639,SACDistanceAgentNew,InvertedDoublePendulum-v5,42
870000.0,9359.766,SACDistanceAgentNew,InvertedDoublePendulum-v5,42
875000.0,9354.6444,SACDistanceAgentNew,InvertedDoublePendulum-v5,42
880000.0,9359.6459,SACDistanceAgentNew,InvertedDoublePendulum-v5,42
885000.0,9358.179,SACDistanceAgentNew,InvertedDoublePendulum-v5,42
890000.0,9358.4365,SACDistanceAgentNew,InvertedDoublePendulum-v5,42
895000.0,9355.7359,SACDistanceAgentNew,InvertedDoublePendulum-v5,42
900000.0,9353.3938,SACDistanceAgentNew,InvertedDoublePendulum-v5,42
905000.0,9348.7536,SACDistanceAgentNew,InvertedDoublePendulum-v5,42
910000.0,9359.508,SACDistanceAgentNew,InvertedDoublePendulum-v5,42
915000.0,9340.4287,SACDistanceAgentNew,InvertedDoublePendulum-v5,42
920000.0,9355.1474,SACDistanceAgentNew,InvertedDoublePendulum-v5,42
925000.0,9356.5889,SACDistanceAgentNew,InvertedDoublePendulum-v5,42
930000.0,9357.5871,SACDistanceAgentNew,InvertedDoublePendulum-v5,42
935000.0,9359.7434,SACDistanceAgentNew,InvertedDoublePendulum-v5,42
940000.0,9334.1544,SACDistanceAgentNew,InvertedDoublePendulum-v5,42
945000.0,9343.4695,SACDistanceAgentNew,InvertedDoublePendulum-v5,42
950000.0,9353.4999,SACDistanceAgentNew,InvertedDoublePendulum-v5,42
955000.0,9356.9654,SACDistanceAgentNew,InvertedDoublePendulum-v5,42
960000.0,9358.1062,SACDistanceAgentNew,InvertedDoublePendulum-v5,42
965000.0,9358.0072,SACDistanceAgentNew,InvertedDoublePendulum-v5,42
970000.0,9357.327,SACDistanceAgentNew,InvertedDoublePendulum-v5,42
975000.0,9359.378,SACDistanceAgentNew,InvertedDoublePendulum-v5,42
980000.0,9356.8894,SACDistanceAgentNew,InvertedDoublePendulum-v5,42
985000.0,9359.2559,SACDistanceAgentNew,InvertedDoublePendulum-v5,42
990000.0,8441.4632,SACDistanceAgentNew,InvertedDoublePendulum-v5,42
995000.0,9357.528,SACDistanceAgentNew,InvertedDoublePendulum-v5,42
1000000.0,9353.6523,SACDistanceAgentNew,InvertedDoublePendulum-v5,42
1005000.0,9357.8512,SACDistanceAgentNew,InvertedDoublePendulum-v5,42
1010000.0,9352.2837,SACDistanceAgentNew,InvertedDoublePendulum-v5,42
1015000.0,9359.0329,SACDistanceAgentNew,InvertedDoublePendulum-v5,42
1020000.0,9358.9274,SACDistanceAgentNew,InvertedDoublePendulum-v5,42
1025000.0,9357.5837,SACDistanceAgentNew,InvertedDoublePendulum-v5,42
1030000.0,9330.4145,SACDistanceAgentNew,InvertedDoublePendulum-v5,42
1035000.0,9343.7807,SACDistanceAgentNew,InvertedDoublePendulum-v5,42
1040000.0,9339.8568,SACDistanceAgentNew,InvertedDoublePendulum-v5,42
1045000.0,9358.2637,SACDistanceAgentNew,InvertedDoublePendulum-v5,42
1050000.0,9329.6706,SACDistanceAgentNew,InvertedDoublePendulum-v5,42
1055000.0,9357.8001,SACDistanceAgentNew,InvertedDoublePendulum-v5,42
1060000.0,9357.135,SACDistanceAgentNew,InvertedDoublePendulum-v5,42
1065000.0,9357.9591,SACDistanceAgentNew,InvertedDoublePendulum-v5,42
1070000.0,9359.3095,SACDistanceAgentNew,InvertedDoublePendulum-v5,42
1075000.0,9359.5914,SACDistanceAgentNew,InvertedDoublePendulum-v5,42
1080000.0,9359.7084,SACDistanceAgentNew,InvertedDoublePendulum-v5,42
1085000.0,9359.4904,SACDistanceAgentNew,InvertedDoublePendulum-v5,42
1090000.0,9357.8656,SACDistanceAgentNew,InvertedDoublePendulum-v5,42
1095000.0,9357.4275,SACDistanceAgentNew,InvertedDoublePendulum-v5,42
1100000.0,9356.2897,SACDistanceAgentNew,InvertedDoublePendulum-v5,42
1105000.0,9358.9404,SACDistanceAgentNew,InvertedDoublePendulum-v5,42
1110000.0,9359.5535,SACDistanceAgentNew,InvertedDoublePendulum-v5,42
1115000.0,9358.8971,SACDistanceAgentNew,InvertedDoublePendulum-v5,42
1120000.0,9359.8522,SACDistanceAgentNew,InvertedDoublePendulum-v5,42
1125000.0,9356.1182,SACDistanceAgentNew,InvertedDoublePendulum-v5,42
1130000.0,9359.1439,SACDistanceAgentNew,InvertedDoublePendulum-v5,42
1135000.0,9358.3827,SACDistanceAgentNew,InvertedDoublePendulum-v5,42
1140000.0,9359.2921,SACDistanceAgentNew,InvertedDoublePendulum-v5,42
1145000.0,9357.4093,SACDistanceAgentNew,InvertedDoublePendulum-v5,42
1150000.0,9358.8318,SACDistanceAgentNew,InvertedDoublePendulum-v5,42
1155000.0,9359.4493,SACDistanceAgentNew,InvertedDoublePendulum-v5,42
1160000.0,9356.8674,SACDistanceAgentNew,InvertedDoublePendulum-v5,42
5000.0,-0.0149,SACDistanceAgentNew,MountainCarContinuous-v0,42
10000.0,-0.0177,SACDistanceAgentNew,MountainCarContinuous-v0,42
15000.0,-0.0216,SACDistanceAgentNew,MountainCarContinuous-v0,42
20000.0,-0.0038,SACDistanceAgentNew,MountainCarContinuous-v0,42
25000.0,-0.0171,SACDistanceAgentNew,MountainCarContinuous-v0,42
30000.0,-0.0034,SACDistanceAgentNew,MountainCarContinuous-v0,42
35000.0,-0.0036,SACDistanceAgentNew,MountainCarContinuous-v0,42
40000.0,-0.0015,SACDistanceAgentNew,MountainCarContinuous-v0,42
45000.0,-0.0201,SACDistanceAgentNew,MountainCarContinuous-v0,42
50000.0,-0.0042,SACDistanceAgentNew,MountainCarContinuous-v0,42
55000.0,-0.0044,SACDistanceAgentNew,MountainCarContinuous-v0,42
60000.0,-0.0619,SACDistanceAgentNew,MountainCarContinuous-v0,42
65000.0,-0.0524,SACDistanceAgentNew,MountainCarContinuous-v0,42
70000.0,-0.0046,SACDistanceAgentNew,MountainCarContinuous-v0,42
75000.0,-0.056,SACDistanceAgentNew,MountainCarContinuous-v0,42
80000.0,-0.0101,SACDistanceAgentNew,MountainCarContinuous-v0,42
85000.0,-0.0409,SACDistanceAgentNew,MountainCarContinuous-v0,42
90000.0,-0.0372,SACDistanceAgentNew,MountainCarContinuous-v0,42
95000.0,-0.0479,SACDistanceAgentNew,MountainCarContinuous-v0,42
100000.0,-0.0205,SACDistanceAgentNew,MountainCarContinuous-v0,42
105000.0,-0.0022,SACDistanceAgentNew,MountainCarContinuous-v0,42
110000.0,-0.0043,SACDistanceAgentNew,MountainCarContinuous-v0,42
115000.0,-0.0141,SACDistanceAgentNew,MountainCarContinuous-v0,42
120000.0,-0.0366,SACDistanceAgentNew,MountainCarContinuous-v0,42
125000.0,-0.0053,SACDistanceAgentNew,MountainCarContinuous-v0,42
130000.0,-0.0022,SACDistanceAgentNew,MountainCarContinuous-v0,42
135000.0,-0.0106,SACDistanceAgentNew,MountainCarContinuous-v0,42
140000.0,-0.0049,SACDistanceAgentNew,MountainCarContinuous-v0,42
145000.0,-0.0378,SACDistanceAgentNew,MountainCarContinuous-v0,42
150000.0,-0.018,SACDistanceAgentNew,MountainCarContinuous-v0,42
155000.0,-0.0075,SACDistanceAgentNew,MountainCarContinuous-v0,42
160000.0,-0.0057,SACDistanceAgentNew,MountainCarContinuous-v0,42
165000.0,-0.0164,SACDistanceAgentNew,MountainCarContinuous-v0,42
170000.0,-0.0959,SACDistanceAgentNew,MountainCarContinuous-v0,42
175000.0,-0.1373,SACDistanceAgentNew,MountainCarContinuous-v0,42
180000.0,-0.0207,SACDistanceAgentNew,MountainCarContinuous-v0,42
185000.0,-0.4915,SACDistanceAgentNew,MountainCarContinuous-v0,42
190000.0,-0.011,SACDistanceAgentNew,MountainCarContinuous-v0,42
195000.0,-0.0364,SACDistanceAgentNew,MountainCarContinuous-v0,42
200000.0,-0.0887,SACDistanceAgentNew,MountainCarContinuous-v0,42
205000.0,-0.0475,SACDistanceAgentNew,MountainCarContinuous-v0,42
210000.0,-0.1376,SACDistanceAgentNew,MountainCarContinuous-v0,42
215000.0,-0.181,SACDistanceAgentNew,MountainCarContinuous-v0,42
220000.0,-0.254,SACDistanceAgentNew,MountainCarContinuous-v0,42
225000.0,-0.545,SACDistanceAgentNew,MountainCarContinuous-v0,42
230000.0,-0.0815,SACDistanceAgentNew,MountainCarContinuous-v0,42
235000.0,-0.0546,SACDistanceAgentNew,MountainCarContinuous-v0,42
240000.0,-0.0333,SACDistanceAgentNew,MountainCarContinuous-v0,42
245000.0,-0.036,SACDistanceAgentNew,MountainCarContinuous-v0,42
250000.0,-0.1071,SACDistanceAgentNew,MountainCarContinuous-v0,42
255000.0,-0.0826,SACDistanceAgentNew,MountainCarContinuous-v0,42
260000.0,-0.0692,SACDistanceAgentNew,MountainCarContinuous-v0,42
265000.0,-0.0329,SACDistanceAgentNew,MountainCarContinuous-v0,42
270000.0,-0.0365,SACDistanceAgentNew,MountainCarContinuous-v0,42
275000.0,-0.054,SACDistanceAgentNew,MountainCarContinuous-v0,42
280000.0,-0.0557,SACDistanceAgentNew,MountainCarContinuous-v0,42
285000.0,-0.0275,SACDistanceAgentNew,MountainCarContinuous-v0,42
290000.0,-0.1031,SACDistanceAgentNew,MountainCarContinuous-v0,42
295000.0,-0.0435,SACDistanceAgentNew,MountainCarContinuous-v0,42
300000.0,-0.0234,SACDistanceAgentNew,MountainCarContinuous-v0,42
305000.0,-0.0197,SACDistanceAgentNew,MountainCarContinuous-v0,42
310000.0,-0.0454,SACDistanceAgentNew,MountainCarContinuous-v0,42
315000.0,-0.0867,SACDistanceAgentNew,MountainCarContinuous-v0,42
320000.0,-0.0575,SACDistanceAgentNew,MountainCarContinuous-v0,42
325000.0,-0.0196,SACDistanceAgentNew,MountainCarContinuous-v0,42
330000.0,-0.0465,SACDistanceAgentNew,MountainCarContinuous-v0,42
335000.0,-0.0489,SACDistanceAgentNew,MountainCarContinuous-v0,42
340000.0,-0.0399,SACDistanceAgentNew,MountainCarContinuous-v0,42
345000.0,-0.0632,SACDistanceAgentNew,MountainCarContinuous-v0,42
350000.0,-0.0246,SACDistanceAgentNew,MountainCarContinuous-v0,42
355000.0,-0.0238,SACDistanceAgentNew,MountainCarContinuous-v0,42
360000.0,-0.083,SACDistanceAgentNew,MountainCarContinuous-v0,42
365000.0,-0.0536,SACDistanceAgentNew,MountainCarContinuous-v0,42
370000.0,-0.0867,SACDistanceAgentNew,MountainCarContinuous-v0,42
375000.0,-0.0092,SACDistanceAgentNew,MountainCarContinuous-v0,42
380000.0,-0.0569,SACDistanceAgentNew,MountainCarContinuous-v0,42
385000.0,-0.039,SACDistanceAgentNew,MountainCarContinuous-v0,42
390000.0,-0.0555,SACDistanceAgentNew,MountainCarContinuous-v0,42
395000.0,-0.0731,SACDistanceAgentNew,MountainCarContinuous-v0,42
400000.0,-0.0583,SACDistanceAgentNew,MountainCarContinuous-v0,42
405000.0,-0.105,SACDistanceAgentNew,MountainCarContinuous-v0,42
410000.0,-0.0783,SACDistanceAgentNew,MountainCarContinuous-v0,42
415000.0,-0.0633,SACDistanceAgentNew,MountainCarContinuous-v0,42
420000.0,-0.0631,SACDistanceAgentNew,MountainCarContinuous-v0,42
425000.0,-0.0314,SACDistanceAgentNew,MountainCarContinuous-v0,42
430000.0,-0.0248,SACDistanceAgentNew,MountainCarContinuous-v0,42
435000.0,-0.0473,SACDistanceAgentNew,MountainCarContinuous-v0,42
440000.0,-0.0628,SACDistanceAgentNew,MountainCarContinuous-v0,42
445000.0,-0.0512,SACDistanceAgentNew,MountainCarContinuous-v0,42
450000.0,-0.137,SACDistanceAgentNew,MountainCarContinuous-v0,42
455000.0,-0.0546,SACDistanceAgentNew,MountainCarContinuous-v0,42
460000.0,-0.0383,SACDistanceAgentNew,MountainCarContinuous-v0,42
465000.0,-0.0562,SACDistanceAgentNew,MountainCarContinuous-v0,42
470000.0,-0.0392,SACDistanceAgentNew,MountainCarContinuous-v0,42
475000.0,-0.0682,SACDistanceAgentNew,MountainCarContinuous-v0,42
480000.0,-0.0769,SACDistanceAgentNew,MountainCarContinuous-v0,42
485000.0,-0.0391,SACDistanceAgentNew,MountainCarContinuous-v0,42
490000.0,-0.0767,SACDistanceAgentNew,MountainCarContinuous-v0,42
495000.0,-0.0517,SACDistanceAgentNew,MountainCarContinuous-v0,42
500000.0,-0.0891,SACDistanceAgentNew,MountainCarContinuous-v0,42
505000.0,-0.1082,SACDistanceAgentNew,MountainCarContinuous-v0,42
510000.0,-0.0894,SACDistanceAgentNew,MountainCarContinuous-v0,42
515000.0,-0.0887,SACDistanceAgentNew,MountainCarContinuous-v0,42
520000.0,-0.0728,SACDistanceAgentNew,MountainCarContinuous-v0,42
525000.0,-0.0866,SACDistanceAgentNew,MountainCarContinuous-v0,42
530000.0,-0.0723,SACDistanceAgentNew,MountainCarContinuous-v0,42
535000.0,-0.0766,SACDistanceAgentNew,MountainCarContinuous-v0,42
540000.0,-0.1957,SACDistanceAgentNew,MountainCarContinuous-v0,42
545000.0,-0.1202,SACDistanceAgentNew,MountainCarContinuous-v0,42
550000.0,-0.1284,SACDistanceAgentNew,MountainCarContinuous-v0,42
555000.0,-0.1318,SACDistanceAgentNew,MountainCarContinuous-v0,42
560000.0,-0.1074,SACDistanceAgentNew,MountainCarContinuous-v0,42
565000.0,-0.1575,SACDistanceAgentNew,MountainCarContinuous-v0,42
570000.0,-0.0857,SACDistanceAgentNew,MountainCarContinuous-v0,42
575000.0,-0.1864,SACDistanceAgentNew,MountainCarContinuous-v0,42
580000.0,-0.0638,SACDistanceAgentNew,MountainCarContinuous-v0,42
585000.0,-0.0711,SACDistanceAgentNew,MountainCarContinuous-v0,42
590000.0,-0.1034,SACDistanceAgentNew,MountainCarContinuous-v0,42
595000.0,-0.1163,SACDistanceAgentNew,MountainCarContinuous-v0,42
600000.0,-0.0589,SACDistanceAgentNew,MountainCarContinuous-v0,42
605000.0,-0.0972,SACDistanceAgentNew,MountainCarContinuous-v0,42
610000.0,-0.085,SACDistanceAgentNew,MountainCarContinuous-v0,42
615000.0,-0.1149,SACDistanceAgentNew,MountainCarContinuous-v0,42
620000.0,-0.0572,SACDistanceAgentNew,MountainCarContinuous-v0,42
625000.0,-0.115,SACDistanceAgentNew,MountainCarContinuous-v0,42
630000.0,-0.0611,SACDistanceAgentNew,MountainCarContinuous-v0,42
635000.0,-0.1024,SACDistanceAgentNew,MountainCarContinuous-v0,42
640000.0,-0.0763,SACDistanceAgentNew,MountainCarContinuous-v0,42
645000.0,-0.1248,SACDistanceAgentNew,MountainCarContinuous-v0,42
650000.0,-0.0679,SACDistanceAgentNew,MountainCarContinuous-v0,42
655000.0,-0.0981,SACDistanceAgentNew,MountainCarContinuous-v0,42
660000.0,-0.1617,SACDistanceAgentNew,MountainCarContinuous-v0,42
665000.0,-0.2598,SACDistanceAgentNew,MountainCarContinuous-v0,42
670000.0,-0.0688,SACDistanceAgentNew,MountainCarContinuous-v0,42
675000.0,-0.0365,SACDistanceAgentNew,MountainCarContinuous-v0,42
680000.0,-0.0254,SACDistanceAgentNew,MountainCarContinuous-v0,42
685000.0,-0.0818,SACDistanceAgentNew,MountainCarContinuous-v0,42
690000.0,-0.0797,SACDistanceAgentNew,MountainCarContinuous-v0,42
695000.0,-0.0648,SACDistanceAgentNew,MountainCarContinuous-v0,42
700000.0,-0.0346,SACDistanceAgentNew,MountainCarContinuous-v0,42
705000.0,-0.126,SACDistanceAgentNew,MountainCarContinuous-v0,42
710000.0,-0.0839,SACDistanceAgentNew,MountainCarContinuous-v0,42
715000.0,-0.1839,SACDistanceAgentNew,MountainCarContinuous-v0,42
720000.0,-0.0664,SACDistanceAgentNew,MountainCarContinuous-v0,42
725000.0,-0.0122,SACDistanceAgentNew,MountainCarContinuous-v0,42
730000.0,-0.3683,SACDistanceAgentNew,MountainCarContinuous-v0,42
735000.0,-2.059,SACDistanceAgentNew,MountainCarContinuous-v0,42
740000.0,-29.975,SACDistanceAgentNew,MountainCarContinuous-v0,42
745000.0,-93.384,SACDistanceAgentNew,MountainCarContinuous-v0,42
750000.0,-2.1398,SACDistanceAgentNew,MountainCarContinuous-v0,42
755000.0,-2.8152,SACDistanceAgentNew,MountainCarContinuous-v0,42
760000.0,-1.4064,SACDistanceAgentNew,MountainCarContinuous-v0,42
765000.0,-0.0521,SACDistanceAgentNew,MountainCarContinuous-v0,42
770000.0,-0.2737,SACDistanceAgentNew,MountainCarContinuous-v0,42
775000.0,-0.1085,SACDistanceAgentNew,MountainCarContinuous-v0,42
780000.0,-0.052,SACDistanceAgentNew,MountainCarContinuous-v0,42
785000.0,-0.0112,SACDistanceAgentNew,MountainCarContinuous-v0,42
790000.0,-0.0853,SACDistanceAgentNew,MountainCarContinuous-v0,42
795000.0,-0.1017,SACDistanceAgentNew,MountainCarContinuous-v0,42
800000.0,-0.0748,SACDistanceAgentNew,MountainCarContinuous-v0,42
805000.0,-0.0943,SACDistanceAgentNew,MountainCarContinuous-v0,42
810000.0,-0.1624,SACDistanceAgentNew,MountainCarContinuous-v0,42
815000.0,-0.0594,SACDistanceAgentNew,MountainCarContinuous-v0,42
820000.0,-0.0331,SACDistanceAgentNew,MountainCarContinuous-v0,42
825000.0,-0.0763,SACDistanceAgentNew,MountainCarContinuous-v0,42
830000.0,-0.0574,SACDistanceAgentNew,MountainCarContinuous-v0,42
835000.0,-11.491,SACDistanceAgentNew,MountainCarContinuous-v0,42
840000.0,-0.1185,SACDistanceAgentNew,MountainCarContinuous-v0,42
845000.0,-0.1109,SACDistanceAgentNew,MountainCarContinuous-v0,42
850000.0,-0.133,SACDistanceAgentNew,MountainCarContinuous-v0,42
855000.0,-0.0319,SACDistanceAgentNew,MountainCarContinuous-v0,42
860000.0,-0.0624,SACDistanceAgentNew,MountainCarContinuous-v0,42
865000.0,-0.1166,SACDistanceAgentNew,MountainCarContinuous-v0,42
870000.0,-0.0393,SACDistanceAgentNew,MountainCarContinuous-v0,42
875000.0,-0.0733,SACDistanceAgentNew,MountainCarContinuous-v0,42
880000.0,-8.4349,SACDistanceAgentNew,MountainCarContinuous-v0,42
885000.0,-5.4741,SACDistanceAgentNew,MountainCarContinuous-v0,42
890000.0,-0.229,SACDistanceAgentNew,MountainCarContinuous-v0,42
895000.0,-0.7216,SACDistanceAgentNew,MountainCarContinuous-v0,42
900000.0,-0.0581,SACDistanceAgentNew,MountainCarContinuous-v0,42
905000.0,-0.3692,SACDistanceAgentNew,MountainCarContinuous-v0,42
910000.0,-0.082,SACDistanceAgentNew,MountainCarContinuous-v0,42
915000.0,-0.1696,SACDistanceAgentNew,MountainCarContinuous-v0,42
920000.0,-0.2174,SACDistanceAgentNew,MountainCarContinuous-v0,42
925000.0,-0.142,SACDistanceAgentNew,MountainCarContinuous-v0,42
930000.0,-0.2501,SACDistanceAgentNew,MountainCarContinuous-v0,42
935000.0,-0.3374,SACDistanceAgentNew,MountainCarContinuous-v0,42
940000.0,-0.7318,SACDistanceAgentNew,MountainCarContinuous-v0,42
945000.0,-0.4248,SACDistanceAgentNew,MountainCarContinuous-v0,42
950000.0,-0.2628,SACDistanceAgentNew,MountainCarContinuous-v0,42
955000.0,-7.5405,SACDistanceAgentNew,MountainCarContinuous-v0,42
960000.0,-0.1861,SACDistanceAgentNew,MountainCarContinuous-v0,42
965000.0,-0.1578,SACDistanceAgentNew,MountainCarContinuous-v0,42
970000.0,-0.0916,SACDistanceAgentNew,MountainCarContinuous-v0,42
975000.0,-0.4989,SACDistanceAgentNew,MountainCarContinuous-v0,42
980000.0,-0.5194,SACDistanceAgentNew,MountainCarContinuous-v0,42
985000.0,-0.1197,SACDistanceAgentNew,MountainCarContinuous-v0,42
990000.0,-0.1231,SACDistanceAgentNew,MountainCarContinuous-v0,42
995000.0,-0.1582,SACDistanceAgentNew,MountainCarContinuous-v0,42
1000000.0,-0.0734,SACDistanceAgentNew,MountainCarContinuous-v0,42
1005000.0,-0.0975,SACDistanceAgentNew,MountainCarContinuous-v0,42
1010000.0,-0.0613,SACDistanceAgentNew,MountainCarContinuous-v0,42
1015000.0,-0.5963,SACDistanceAgentNew,MountainCarContinuous-v0,42
1020000.0,-0.1419,SACDistanceAgentNew,MountainCarContinuous-v0,42
1025000.0,-0.1622,SACDistanceAgentNew,MountainCarContinuous-v0,42
1030000.0,-6.9824,SACDistanceAgentNew,MountainCarContinuous-v0,42
1035000.0,-0.0668,SACDistanceAgentNew,MountainCarContinuous-v0,42
1040000.0,-0.1993,SACDistanceAgentNew,MountainCarContinuous-v0,42
1045000.0,-0.0816,SACDistanceAgentNew,MountainCarContinuous-v0,42
1050000.0,-0.157,SACDistanceAgentNew,MountainCarContinuous-v0,42
1055000.0,-0.123,SACDistanceAgentNew,MountainCarContinuous-v0,42
1060000.0,-2.2019,SACDistanceAgentNew,MountainCarContinuous-v0,42
1065000.0,-5.2625,SACDistanceAgentNew,MountainCarContinuous-v0,42
1070000.0,-0.1015,SACDistanceAgentNew,MountainCarContinuous-v0,42
1075000.0,-0.0905,SACDistanceAgentNew,MountainCarContinuous-v0,42
1080000.0,-0.2184,SACDistanceAgentNew,MountainCarContinuous-v0,42
1085000.0,-0.458,SACDistanceAgentNew,MountainCarContinuous-v0,42
1090000.0,-0.0626,SACDistanceAgentNew,MountainCarContinuous-v0,42
1095000.0,-8.6275,SACDistanceAgentNew,MountainCarContinuous-v0,42
1100000.0,-14.1568,SACDistanceAgentNew,MountainCarContinuous-v0,42
1105000.0,-0.0942,SACDistanceAgentNew,MountainCarContinuous-v0,42
1110000.0,-0.1117,SACDistanceAgentNew,MountainCarContinuous-v0,42
1115000.0,-0.0757,SACDistanceAgentNew,MountainCarContinuous-v0,42
1120000.0,-0.1321,SACDistanceAgentNew,MountainCarContinuous-v0,42
1125000.0,-0.1504,SACDistanceAgentNew,MountainCarContinuous-v0,42
1130000.0,-0.2727,SACDistanceAgentNew,MountainCarContinuous-v0,42
1135000.0,-0.2602,SACDistanceAgentNew,MountainCarContinuous-v0,42
1140000.0,-0.1859,SACDistanceAgentNew,MountainCarContinuous-v0,42
1145000.0,-8.0495,SACDistanceAgentNew,MountainCarContinuous-v0,42
1150000.0,-0.0897,SACDistanceAgentNew,MountainCarContinuous-v0,42
1155000.0,-1.6,SACDistanceAgentNew,MountainCarContinuous-v0,42
1160000.0,-0.0578,SACDistanceAgentNew,MountainCarContinuous-v0,42
1165000.0,-0.1064,SACDistanceAgentNew,MountainCarContinuous-v0,42
5000.0,-1234.8463,SACDistanceAgentNew,Pendulum-v1,42
10000.0,-169.8837,SACDistanceAgentNew,Pendulum-v1,42
15000.0,-122.9479,SACDistanceAgentNew,Pendulum-v1,42
20000.0,-144.768,SACDistanceAgentNew,Pendulum-v1,42
25000.0,-136.0671,SACDistanceAgentNew,Pendulum-v1,42
30000.0,-152.8106,SACDistanceAgentNew,Pendulum-v1,42
35000.0,-168.1743,SACDistanceAgentNew,Pendulum-v1,42
40000.0,-145.9683,SACDistanceAgentNew,Pendulum-v1,42
45000.0,-163.1995,SACDistanceAgentNew,Pendulum-v1,42
50000.0,-185.4329,SACDistanceAgentNew,Pendulum-v1,42
55000.0,-127.1402,SACDistanceAgentNew,Pendulum-v1,42
60000.0,-173.755,SACDistanceAgentNew,Pendulum-v1,42
65000.0,-126.705,SACDistanceAgentNew,Pendulum-v1,42
70000.0,-169.4212,SACDistanceAgentNew,Pendulum-v1,42
75000.0,-148.1327,SACDistanceAgentNew,Pendulum-v1,42
80000.0,-155.0315,SACDistanceAgentNew,Pendulum-v1,42
85000.0,-131.9194,SACDistanceAgentNew,Pendulum-v1,42
90000.0,-161.1813,SACDistanceAgentNew,Pendulum-v1,42
95000.0,-126.6023,SACDistanceAgentNew,Pendulum-v1,42
100000.0,-156.6487,SACDistanceAgentNew,Pendulum-v1,42
105000.0,-175.9141,SACDistanceAgentNew,Pendulum-v1,42
110000.0,-150.4341,SACDistanceAgentNew,Pendulum-v1,42
115000.0,-142.2978,SACDistanceAgentNew,Pendulum-v1,42
120000.0,-159.744,SACDistanceAgentNew,Pendulum-v1,42
125000.0,-140.7751,SACDistanceAgentNew,Pendulum-v1,42
130000.0,-160.8803,SACDistanceAgentNew,Pendulum-v1,42
135000.0,-124.7282,SACDistanceAgentNew,Pendulum-v1,42
140000.0,-147.2405,SACDistanceAgentNew,Pendulum-v1,42
145000.0,-156.3553,SACDistanceAgentNew,Pendulum-v1,42
150000.0,-80.9263,SACDistanceAgentNew,Pendulum-v1,42
155000.0,-129.7323,SACDistanceAgentNew,Pendulum-v1,42
160000.0,-183.4876,SACDistanceAgentNew,Pendulum-v1,42
165000.0,-149.9783,SACDistanceAgentNew,Pendulum-v1,42
170000.0,-159.4353,SACDistanceAgentNew,Pendulum-v1,42
175000.0,-141.3248,SACDistanceAgentNew,Pendulum-v1,42
180000.0,-147.7665,SACDistanceAgentNew,Pendulum-v1,42
185000.0,-136.595,SACDistanceAgentNew,Pendulum-v1,42
190000.0,-141.3009,SACDistanceAgentNew,Pendulum-v1,42
195000.0,-123.0035,SACDistanceAgentNew,Pendulum-v1,42
200000.0,-172.1354,SACDistanceAgentNew,Pendulum-v1,42
205000.0,-161.921,SACDistanceAgentNew,Pendulum-v1,42
210000.0,-181.9621,SACDistanceAgentNew,Pendulum-v1,42
215000.0,-114.1684,SACDistanceAgentNew,Pendulum-v1,42
220000.0,-130.9359,SACDistanceAgentNew,Pendulum-v1,42
225000.0,-166.531,SACDistanceAgentNew,Pendulum-v1,42
230000.0,-151.278,SACDistanceAgentNew,Pendulum-v1,42
235000.0,-185.459,SACDistanceAgentNew,Pendulum-v1,42
240000.0,-134.1681,SACDistanceAgentNew,Pendulum-v1,42
245000.0,-165.046,SACDistanceAgentNew,Pendulum-v1,42
250000.0,-112.9824,SACDistanceAgentNew,Pendulum-v1,42
255000.0,-181.2363,SACDistanceAgentNew,Pendulum-v1,42
260000.0,-147.8462,SACDistanceAgentNew,Pendulum-v1,42
265000.0,-106.2747,SACDistanceAgentNew,Pendulum-v1,42
270000.0,-161.386,SACDistanceAgentNew,Pendulum-v1,42
275000.0,-138.6745,SACDistanceAgentNew,Pendulum-v1,42
280000.0,-125.2038,SACDistanceAgentNew,Pendulum-v1,42
285000.0,-172.4411,SACDistanceAgentNew,Pendulum-v1,42
290000.0,-159.5548,SACDistanceAgentNew,Pendulum-v1,42
295000.0,-181.9065,SACDistanceAgentNew,Pendulum-v1,42
300000.0,-184.5572,SACDistanceAgentNew,Pendulum-v1,42
305000.0,-160.4932,SACDistanceAgentNew,Pendulum-v1,42
310000.0,-116.3574,SACDistanceAgentNew,Pendulum-v1,42
315000.0,-174.6349,SACDistanceAgentNew,Pendulum-v1,42
320000.0,-151.345,SACDistanceAgentNew,Pendulum-v1,42
325000.0,-200.2218,SACDistanceAgentNew,Pendulum-v1,42
330000.0,-156.1295,SACDistanceAgentNew,Pendulum-v1,42
335000.0,-161.3478,SACDistanceAgentNew,Pendulum-v1,42
340000.0,-126.7253,SACDistanceAgentNew,Pendulum-v1,42
345000.0,-174.6155,SACDistanceAgentNew,Pendulum-v1,42
350000.0,-163.6393,SACDistanceAgentNew,Pendulum-v1,42
355000.0,-166.8942,SACDistanceAgentNew,Pendulum-v1,42
360000.0,-128.6078,SACDistanceAgentNew,Pendulum-v1,42
365000.0,-118.2849,SACDistanceAgentNew,Pendulum-v1,42
370000.0,-174.0671,SACDistanceAgentNew,Pendulum-v1,42
375000.0,-138.0887,SACDistanceAgentNew,Pendulum-v1,42
380000.0,-102.3786,SACDistanceAgentNew,Pendulum-v1,42
385000.0,-141.0779,SACDistanceAgentNew,Pendulum-v1,42
390000.0,-114.983,SACDistanceAgentNew,Pendulum-v1,42
395000.0,-172.8559,SACDistanceAgentNew,Pendulum-v1,42
400000.0,-140.7291,SACDistanceAgentNew,Pendulum-v1,42
405000.0,-162.915,SACDistanceAgentNew,Pendulum-v1,42
410000.0,-105.4994,SACDistanceAgentNew,Pendulum-v1,42
415000.0,-161.681,SACDistanceAgentNew,Pendulum-v1,42
420000.0,-154.7748,SACDistanceAgentNew,Pendulum-v1,42
425000.0,-149.2091,SACDistanceAgentNew,Pendulum-v1,42
430000.0,-127.6578,SACDistanceAgentNew,Pendulum-v1,42
435000.0,-161.2893,SACDistanceAgentNew,Pendulum-v1,42
440000.0,-126.1897,SACDistanceAgentNew,Pendulum-v1,42
445000.0,-136.7586,SACDistanceAgentNew,Pendulum-v1,42
450000.0,-154.349,SACDistanceAgentNew,Pendulum-v1,42
455000.0,-160.6382,SACDistanceAgentNew,Pendulum-v1,42
460000.0,-181.3903,SACDistanceAgentNew,Pendulum-v1,42
465000.0,-160.2624,SACDistanceAgentNew,Pendulum-v1,42
470000.0,-297.6381,SACDistanceAgentNew,Pendulum-v1,42
475000.0,-126.8879,SACDistanceAgentNew,Pendulum-v1,42
480000.0,-147.4158,SACDistanceAgentNew,Pendulum-v1,42
485000.0,-140.0449,SACDistanceAgentNew,Pendulum-v1,42
490000.0,-144.5004,SACDistanceAgentNew,Pendulum-v1,42
495000.0,-151.6477,SACDistanceAgentNew,Pendulum-v1,42
500000.0,-140.6865,SACDistanceAgentNew,Pendulum-v1,42
505000.0,-169.8374,SACDistanceAgentNew,Pendulum-v1,42
510000.0,-125.3067,SACDistanceAgentNew,Pendulum-v1,42
515000.0,-130.0521,SACDistanceAgentNew,Pendulum-v1,42
520000.0,-173.5439,SACDistanceAgentNew,Pendulum-v1,42
525000.0,-135.2634,SACDistanceAgentNew,Pendulum-v1,42
530000.0,-191.3584,SACDistanceAgentNew,Pendulum-v1,42
535000.0,-171.5632,SACDistanceAgentNew,Pendulum-v1,42
540000.0,-136.6689,SACDistanceAgentNew,Pendulum-v1,42
545000.0,-115.5473,SACDistanceAgentNew,Pendulum-v1,42
550000.0,-173.3603,SACDistanceAgentNew,Pendulum-v1,42
555000.0,-149.5736,SACDistanceAgentNew,Pendulum-v1,42
560000.0,-161.7257,SACDistanceAgentNew,Pendulum-v1,42
565000.0,-174.5063,SACDistanceAgentNew,Pendulum-v1,42
570000.0,-178.2829,SACDistanceAgentNew,Pendulum-v1,42
575000.0,-158.1625,SACDistanceAgentNew,Pendulum-v1,42
580000.0,-116.4302,SACDistanceAgentNew,Pendulum-v1,42
585000.0,-185.156,SACDistanceAgentNew,Pendulum-v1,42
590000.0,-166.3906,SACDistanceAgentNew,Pendulum-v1,42
595000.0,-181.2128,SACDistanceAgentNew,Pendulum-v1,42
600000.0,-150.396,SACDistanceAgentNew,Pendulum-v1,42
605000.0,-121.6307,SACDistanceAgentNew,Pendulum-v1,42
610000.0,-132.541,SACDistanceAgentNew,Pendulum-v1,42
615000.0,-103.2533,SACDistanceAgentNew,Pendulum-v1,42
620000.0,-163.4907,SACDistanceAgentNew,Pendulum-v1,42
625000.0,-181.7307,SACDistanceAgentNew,Pendulum-v1,42
630000.0,-153.1569,SACDistanceAgentNew,Pendulum-v1,42
635000.0,-144.0869,SACDistanceAgentNew,Pendulum-v1,42
640000.0,-146.7837,SACDistanceAgentNew,Pendulum-v1,42
645000.0,-161.0412,SACDistanceAgentNew,Pendulum-v1,42
650000.0,-169.9832,SACDistanceAgentNew,Pendulum-v1,42
655000.0,-86.8669,SACDistanceAgentNew,Pendulum-v1,42
660000.0,-133.4932,SACDistanceAgentNew,Pendulum-v1,42
665000.0,-203.6325,SACDistanceAgentNew,Pendulum-v1,42
670000.0,-157.7696,SACDistanceAgentNew,Pendulum-v1,42
675000.0,-162.0567,SACDistanceAgentNew,Pendulum-v1,42
680000.0,-150.119,SACDistanceAgentNew,Pendulum-v1,42
685000.0,-174.2854,SACDistanceAgentNew,Pendulum-v1,42
690000.0,-185.3186,SACDistanceAgentNew,Pendulum-v1,42
695000.0,-131.2927,SACDistanceAgentNew,Pendulum-v1,42
700000.0,-164.8695,SACDistanceAgentNew,Pendulum-v1,42
705000.0,-183.9807,SACDistanceAgentNew,Pendulum-v1,42
710000.0,-183.6431,SACDistanceAgentNew,Pendulum-v1,42
715000.0,-158.3549,SACDistanceAgentNew,Pendulum-v1,42
720000.0,-149.414,SACDistanceAgentNew,Pendulum-v1,42
725000.0,-313.0093,SACDistanceAgentNew,Pendulum-v1,42
730000.0,-167.7282,SACDistanceAgentNew,Pendulum-v1,42
735000.0,-309.493,SACDistanceAgentNew,Pendulum-v1,42
740000.0,-286.5915,SACDistanceAgentNew,Pendulum-v1,42
745000.0,-142.1729,SACDistanceAgentNew,Pendulum-v1,42
750000.0,-127.1887,SACDistanceAgentNew,Pendulum-v1,42
755000.0,-181.2224,SACDistanceAgentNew,Pendulum-v1,42
760000.0,-145.7122,SACDistanceAgentNew,Pendulum-v1,42
765000.0,-137.8701,SACDistanceAgentNew,Pendulum-v1,42
770000.0,-186.3336,SACDistanceAgentNew,Pendulum-v1,42
775000.0,-104.9032,SACDistanceAgentNew,Pendulum-v1,42
780000.0,-170.783,SACDistanceAgentNew,Pendulum-v1,42
785000.0,-142.1381,SACDistanceAgentNew,Pendulum-v1,42
790000.0,-139.9701,SACDistanceAgentNew,Pendulum-v1,42
795000.0,-238.0077,SACDistanceAgentNew,Pendulum-v1,42
800000.0,-214.5349,SACDistanceAgentNew,Pendulum-v1,42
805000.0,-170.6991,SACDistanceAgentNew,Pendulum-v1,42
810000.0,-174.4385,SACDistanceAgentNew,Pendulum-v1,42
815000.0,-144.247,SACDistanceAgentNew,Pendulum-v1,42
820000.0,-179.0916,SACDistanceAgentNew,Pendulum-v1,42
825000.0,-171.2368,SACDistanceAgentNew,Pendulum-v1,42
830000.0,-154.5131,SACDistanceAgentNew,Pendulum-v1,42
835000.0,-145.9335,SACDistanceAgentNew,Pendulum-v1,42
840000.0,-140.4312,SACDistanceAgentNew,Pendulum-v1,42
845000.0,-137.4435,SACDistanceAgentNew,Pendulum-v1,42
850000.0,-129.8681,SACDistanceAgentNew,Pendulum-v1,42
855000.0,-148.8985,SACDistanceAgentNew,Pendulum-v1,42
860000.0,-156.3765,SACDistanceAgentNew,Pendulum-v1,42
865000.0,-124.3958,SACDistanceAgentNew,Pendulum-v1,42
870000.0,-189.8843,SACDistanceAgentNew,Pendulum-v1,42
875000.0,-208.7955,SACDistanceAgentNew,Pendulum-v1,42
880000.0,-169.8857,SACDistanceAgentNew,Pendulum-v1,42
885000.0,-178.9788,SACDistanceAgentNew,Pendulum-v1,42
890000.0,-128.398,SACDistanceAgentNew,Pendulum-v1,42
895000.0,-215.6679,SACDistanceAgentNew,Pendulum-v1,42
900000.0,-164.7634,SACDistanceAgentNew,Pendulum-v1,42
905000.0,-149.4829,SACDistanceAgentNew,Pendulum-v1,42
910000.0,-159.1137,SACDistanceAgentNew,Pendulum-v1,42
915000.0,-168.6135,SACDistanceAgentNew,Pendulum-v1,42
920000.0,-127.5937,SACDistanceAgentNew,Pendulum-v1,42
925000.0,-129.9091,SACDistanceAgentNew,Pendulum-v1,42
930000.0,-252.4616,SACDistanceAgentNew,Pendulum-v1,42
935000.0,-159.4869,SACDistanceAgentNew,Pendulum-v1,42
940000.0,-162.4362,SACDistanceAgentNew,Pendulum-v1,42
945000.0,-112.54,SACDistanceAgentNew,Pendulum-v1,42
950000.0,-173.0569,SACDistanceAgentNew,Pendulum-v1,42
955000.0,-184.5651,SACDistanceAgentNew,Pendulum-v1,42
960000.0,-154.0368,SACDistanceAgentNew,Pendulum-v1,42
965000.0,-138.6129,SACDistanceAgentNew,Pendulum-v1,42
970000.0,-140.0163,SACDistanceAgentNew,Pendulum-v1,42
975000.0,-147.9079,SACDistanceAgentNew,Pendulum-v1,42
980000.0,-144.2457,SACDistanceAgentNew,Pendulum-v1,42
985000.0,-134.2481,SACDistanceAgentNew,Pendulum-v1,42
990000.0,-144.4978,SACDistanceAgentNew,Pendulum-v1,42
995000.0,-173.1016,SACDistanceAgentNew,Pendulum-v1,42
1000000.0,-153.5622,SACDistanceAgentNew,Pendulum-v1,42
1005000.0,-137.515,SACDistanceAgentNew,Pendulum-v1,42
1010000.0,-124.57,SACDistanceAgentNew,Pendulum-v1,42
1015000.0,-161.1819,SACDistanceAgentNew,Pendulum-v1,42
1020000.0,-125.0707,SACDistanceAgentNew,Pendulum-v1,42
1025000.0,-115.9433,SACDistanceAgentNew,Pendulum-v1,42
1030000.0,-159.4227,SACDistanceAgentNew,Pendulum-v1,42
1035000.0,-97.6642,SACDistanceAgentNew,Pendulum-v1,42
1040000.0,-179.1689,SACDistanceAgentNew,Pendulum-v1,42
1045000.0,-147.4379,SACDistanceAgentNew,Pendulum-v1,42
1050000.0,-164.8519,SACDistanceAgentNew,Pendulum-v1,42
1055000.0,-147.3557,SACDistanceAgentNew,Pendulum-v1,42
1060000.0,-189.5669,SACDistanceAgentNew,Pendulum-v1,42
1065000.0,-159.6541,SACDistanceAgentNew,Pendulum-v1,42
1070000.0,-114.8291,SACDistanceAgentNew,Pendulum-v1,42
1075000.0,-164.0792,SACDistanceAgentNew,Pendulum-v1,42
1080000.0,-170.2081,SACDistanceAgentNew,Pendulum-v1,42
1085000.0,-197.9438,SACDistanceAgentNew,Pendulum-v1,42
1090000.0,-174.1364,SACDistanceAgentNew,Pendulum-v1,42
1095000.0,-116.8802,SACDistanceAgentNew,Pendulum-v1,42
1100000.0,-120.1918,SACDistanceAgentNew,Pendulum-v1,42
1105000.0,-156.4867,SACDistanceAgentNew,Pendulum-v1,42
1110000.0,-119.6976,SACDistanceAgentNew,Pendulum-v1,42
1115000.0,-118.7869,SACDistanceAgentNew,Pendulum-v1,42
1120000.0,-128.4909,SACDistanceAgentNew,Pendulum-v1,42
1125000.0,-235.4127,SACDistanceAgentNew,Pendulum-v1,42
1130000.0,-145.0831,SACDistanceAgentNew,Pendulum-v1,42
1135000.0,-143.0073,SACDistanceAgentNew,Pendulum-v1,42
1140000.0,-264.3966,SACDistanceAgentNew,Pendulum-v1,42
1145000.0,-510.8931,SACDistanceAgentNew,Pendulum-v1,42
1150000.0,-151.071,SACDistanceAgentNew,Pendulum-v1,42
1155000.0,-103.8498,SACDistanceAgentNew,Pendulum-v1,42
1160000.0,-142.9262,SACDistanceAgentNew,Pendulum-v1,42
1165000.0,-528.1561,SACDistanceAgentNew,Pendulum-v1,42
1170000.0,-116.93,SACDistanceAgentNew,Pendulum-v1,42
1175000.0,-132.6659,SACDistanceAgentNew,Pendulum-v1,42
5000.0,4.9491,SACDistanceAgentNew,Walker2d-v5,32
10000.0,220.2043,SACDistanceAgentNew,Walker2d-v5,32
15000.0,189.5586,SACDistanceAgentNew,Walker2d-v5,32
20000.0,262.1513,SACDistanceAgentNew,Walker2d-v5,32
25000.0,279.1492,SACDistanceAgentNew,Walker2d-v5,32
30000.0,309.7371,SACDistanceAgentNew,Walker2d-v5,32
35000.0,176.7416,SACDistanceAgentNew,Walker2d-v5,32
40000.0,810.9839,SACDistanceAgentNew,Walker2d-v5,32
45000.0,217.4621,SACDistanceAgentNew,Walker2d-v5,32
50000.0,278.2086,SACDistanceAgentNew,Walker2d-v5,32
55000.0,366.4107,SACDistanceAgentNew,Walker2d-v5,32
60000.0,324.2291,SACDistanceAgentNew,Walker2d-v5,32
65000.0,824.8524,SACDistanceAgentNew,Walker2d-v5,32
70000.0,1350.871,SACDistanceAgentNew,Walker2d-v5,32
75000.0,887.0792,SACDistanceAgentNew,Walker2d-v5,32
80000.0,2421.0136,SACDistanceAgentNew,Walker2d-v5,32
85000.0,2009.4401,SACDistanceAgentNew,Walker2d-v5,32
90000.0,1507.5304,SACDistanceAgentNew,Walker2d-v5,32
95000.0,3219.4392,SACDistanceAgentNew,Walker2d-v5,32
100000.0,2720.9025,SACDistanceAgentNew,Walker2d-v5,32
105000.0,2016.2072,SACDistanceAgentNew,Walker2d-v5,32
110000.0,2979.3512,SACDistanceAgentNew,Walker2d-v5,32
115000.0,92.9614,SACDistanceAgentNew,Walker2d-v5,32
120000.0,3876.6625,SACDistanceAgentNew,Walker2d-v5,32
125000.0,4408.7125,SACDistanceAgentNew,Walker2d-v5,32
130000.0,2941.8963,SACDistanceAgentNew,Walker2d-v5,32
135000.0,3785.5199,SACDistanceAgentNew,Walker2d-v5,32
140000.0,3187.6394,SACDistanceAgentNew,Walker2d-v5,32
145000.0,2594.9382,SACDistanceAgentNew,Walker2d-v5,32
150000.0,4713.7214,SACDistanceAgentNew,Walker2d-v5,32
155000.0,3490.028,SACDistanceAgentNew,Walker2d-v5,32
160000.0,4134.0505,SACDistanceAgentNew,Walker2d-v5,32
165000.0,4338.4625,SACDistanceAgentNew,Walker2d-v5,32
170000.0,4973.1621,SACDistanceAgentNew,Walker2d-v5,32
175000.0,4681.1753,SACDistanceAgentNew,Walker2d-v5,32
180000.0,4546.5654,SACDistanceAgentNew,Walker2d-v5,32
185000.0,5042.2962,SACDistanceAgentNew,Walker2d-v5,32
190000.0,4417.9879,SACDistanceAgentNew,Walker2d-v5,32
195000.0,63.2195,SACDistanceAgentNew,Walker2d-v5,32
200000.0,4899.3448,SACDistanceAgentNew,Walker2d-v5,32
205000.0,5024.1899,SACDistanceAgentNew,Walker2d-v5,32
210000.0,4906.5753,SACDistanceAgentNew,Walker2d-v5,32
215000.0,5142.8837,SACDistanceAgentNew,Walker2d-v5,32
220000.0,4924.1646,SACDistanceAgentNew,Walker2d-v5,32
225000.0,4188.7945,SACDistanceAgentNew,Walker2d-v5,32
230000.0,4282.7216,SACDistanceAgentNew,Walker2d-v5,32
235000.0,5176.6189,SACDistanceAgentNew,Walker2d-v5,32
240000.0,4866.2002,SACDistanceAgentNew,Walker2d-v5,32
245000.0,4836.9102,SACDistanceAgentNew,Walker2d-v5,32
250000.0,5429.609,SACDistanceAgentNew,Walker2d-v5,32
255000.0,5181.7298,SACDistanceAgentNew,Walker2d-v5,32
260000.0,5402.6564,SACDistanceAgentNew,Walker2d-v5,32
265000.0,4884.9476,SACDistanceAgentNew,Walker2d-v5,32
270000.0,5376.0647,SACDistanceAgentNew,Walker2d-v5,32
275000.0,5244.9175,SACDistanceAgentNew,Walker2d-v5,32
280000.0,5514.648,SACDistanceAgentNew,Walker2d-v5,32
285000.0,5442.3183,SACDistanceAgentNew,Walker2d-v5,32
290000.0,5604.7578,SACDistanceAgentNew,Walker2d-v5,32
295000.0,5677.4652,SACDistanceAgentNew,Walker2d-v5,32
300000.0,5544.4899,SACDistanceAgentNew,Walker2d-v5,32
305000.0,2693.6339,SACDistanceAgentNew,Walker2d-v5,32
310000.0,5640.6727,SACDistanceAgentNew,Walker2d-v5,32
315000.0,4255.237,SACDistanceAgentNew,Walker2d-v5,32
320000.0,3957.211,SACDistanceAgentNew,Walker2d-v5,32
325000.0,5631.3854,SACDistanceAgentNew,Walker2d-v5,32
330000.0,5045.1642,SACDistanceAgentNew,Walker2d-v5,32
335000.0,5082.1229,SACDistanceAgentNew,Walker2d-v5,32
340000.0,5015.7859,SACDistanceAgentNew,Walker2d-v5,32
345000.0,5256.2625,SACDistanceAgentNew,Walker2d-v5,32
350000.0,4015.8542,SACDistanceAgentNew,Walker2d-v5,32
355000.0,5176.374,SACDistanceAgentNew,Walker2d-v5,32
360000.0,3865.3614,SACDistanceAgentNew,Walker2d-v5,32
365000.0,5858.7093,SACDistanceAgentNew,Walker2d-v5,32
370000.0,4302.2201,SACDistanceAgentNew,Walker2d-v5,32
375000.0,5655.9264,SACDistanceAgentNew,Walker2d-v5,32
380000.0,5939.725,SACDistanceAgentNew,Walker2d-v5,32
385000.0,5909.918,SACDistanceAgentNew,Walker2d-v5,32
390000.0,4465.3984,SACDistanceAgentNew,Walker2d-v5,32
395000.0,4072.0079,SACDistanceAgentNew,Walker2d-v5,32
400000.0,5712.1193,SACDistanceAgentNew,Walker2d-v5,32
405000.0,5430.3451,SACDistanceAgentNew,Walker2d-v5,32
410000.0,5545.2862,SACDistanceAgentNew,Walker2d-v5,32
415000.0,5584.7773,SACDistanceAgentNew,Walker2d-v5,32
420000.0,3541.2732,SACDistanceAgentNew,Walker2d-v5,32
425000.0,5609.3144,SACDistanceAgentNew,Walker2d-v5,32
430000.0,4871.7301,SACDistanceAgentNew,Walker2d-v5,32
435000.0,5052.3542,SACDistanceAgentNew,Walker2d-v5,32
440000.0,5325.9047,SACDistanceAgentNew,Walker2d-v5,32
445000.0,5162.0239,SACDistanceAgentNew,Walker2d-v5,32
450000.0,3961.9303,SACDistanceAgentNew,Walker2d-v5,32
455000.0,2538.3198,SACDistanceAgentNew,Walker2d-v5,32
460000.0,4774.2919,SACDistanceAgentNew,Walker2d-v5,32
465000.0,5039.4378,SACDistanceAgentNew,Walker2d-v5,32
470000.0,5524.266,SACDistanceAgentNew,Walker2d-v5,32
475000.0,5421.4576,SACDistanceAgentNew,Walker2d-v5,32
480000.0,5155.749,SACDistanceAgentNew,Walker2d-v5,32
485000.0,903.4436,SACDistanceAgentNew,Walker2d-v5,32
490000.0,5555.7952,SACDistanceAgentNew,Walker2d-v5,32
495000.0,5640.442,SACDistanceAgentNew,Walker2d-v5,32
500000.0,4917.6357,SACDistanceAgentNew,Walker2d-v5,32
505000.0,5601.8154,SACDistanceAgentNew,Walker2d-v5,32
510000.0,5766.5997,SACDistanceAgentNew,Walker2d-v5,32
515000.0,3381.2011,SACDistanceAgentNew,Walker2d-v5,32
520000.0,4931.4165,SACDistanceAgentNew,Walker2d-v5,32
525000.0,5569.6842,SACDistanceAgentNew,Walker2d-v5,32
530000.0,5707.0708,SACDistanceAgentNew,Walker2d-v5,32
535000.0,5573.1622,SACDistanceAgentNew,Walker2d-v5,32
540000.0,5030.0721,SACDistanceAgentNew,Walker2d-v5,32
545000.0,5086.4233,SACDistanceAgentNew,Walker2d-v5,32
550000.0,4964.5961,SACDistanceAgentNew,Walker2d-v5,32
555000.0,3570.8082,SACDistanceAgentNew,Walker2d-v5,32
560000.0,5303.2947,SACDistanceAgentNew,Walker2d-v5,32
565000.0,4809.0917,SACDistanceAgentNew,Walker2d-v5,32
570000.0,5463.0727,SACDistanceAgentNew,Walker2d-v5,32
575000.0,3825.5271,SACDistanceAgentNew,Walker2d-v5,32
580000.0,5019.983,SACDistanceAgentNew,Walker2d-v5,32
585000.0,5488.1473,SACDistanceAgentNew,Walker2d-v5,32
590000.0,5549.0076,SACDistanceAgentNew,Walker2d-v5,32
595000.0,5251.059,SACDistanceAgentNew,Walker2d-v5,32
600000.0,5037.2815,SACDistanceAgentNew,Walker2d-v5,32
605000.0,3931.7566,SACDistanceAgentNew,Walker2d-v5,32
610000.0,5272.5633,SACDistanceAgentNew,Walker2d-v5,32
615000.0,5659.1527,SACDistanceAgentNew,Walker2d-v5,32
620000.0,5773.3043,SACDistanceAgentNew,Walker2d-v5,32
625000.0,5416.8414,SACDistanceAgentNew,Walker2d-v5,32
630000.0,4499.5637,SACDistanceAgentNew,Walker2d-v5,32
635000.0,4587.3131,SACDistanceAgentNew,Walker2d-v5,32
640000.0,3968.4745,SACDistanceAgentNew,Walker2d-v5,32
645000.0,5120.0254,SACDistanceAgentNew,Walker2d-v5,32
650000.0,5800.8191,SACDistanceAgentNew,Walker2d-v5,32
655000.0,5669.8282,SACDistanceAgentNew,Walker2d-v5,32
660000.0,4384.8808,SACDistanceAgentNew,Walker2d-v5,32
665000.0,2366.0741,SACDistanceAgentNew,Walker2d-v5,32
670000.0,3837.9924,SACDistanceAgentNew,Walker2d-v5,32
675000.0,5118.0114,SACDistanceAgentNew,Walker2d-v5,32
680000.0,5557.1853,SACDistanceAgentNew,Walker2d-v5,32
685000.0,5712.6399,SACDistanceAgentNew,Walker2d-v5,32
690000.0,5860.2172,SACDistanceAgentNew,Walker2d-v5,32
695000.0,5658.532,SACDistanceAgentNew,Walker2d-v5,32
700000.0,5842.3118,SACDistanceAgentNew,Walker2d-v5,32
705000.0,5027.1999,SACDistanceAgentNew,Walker2d-v5,32
710000.0,5572.4602,SACDistanceAgentNew,Walker2d-v5,32
715000.0,5647.8916,SACDistanceAgentNew,Walker2d-v5,32
720000.0,5728.6657,SACDistanceAgentNew,Walker2d-v5,32
725000.0,5184.7423,SACDistanceAgentNew,Walker2d-v5,32
730000.0,5785.5042,SACDistanceAgentNew,Walker2d-v5,32
735000.0,5295.1027,SACDistanceAgentNew,Walker2d-v5,32
740000.0,4629.0003,SACDistanceAgentNew,Walker2d-v5,32
745000.0,5652.8825,SACDistanceAgentNew,Walker2d-v5,32
750000.0,5770.0513,SACDistanceAgentNew,Walker2d-v5,32
755000.0,4917.8016,SACDistanceAgentNew,Walker2d-v5,32
760000.0,5847.4725,SACDistanceAgentNew,Walker2d-v5,32
765000.0,5766.6959,SACDistanceAgentNew,Walker2d-v5,32
770000.0,5772.0675,SACDistanceAgentNew,Walker2d-v5,32
775000.0,5796.9343,SACDistanceAgentNew,Walker2d-v5,32
780000.0,5627.971,SACDistanceAgentNew,Walker2d-v5,32
785000.0,5166.3622,SACDistanceAgentNew,Walker2d-v5,32
790000.0,5724.3527,SACDistanceAgentNew,Walker2d-v5,32
795000.0,5706.0462,SACDistanceAgentNew,Walker2d-v5,32
800000.0,5877.6234,SACDistanceAgentNew,Walker2d-v5,32
805000.0,5460.7895,SACDistanceAgentNew,Walker2d-v5,32
810000.0,4753.0775,SACDistanceAgentNew,Walker2d-v5,32
815000.0,4890.3595,SACDistanceAgentNew,Walker2d-v5,32
820000.0,5541.2371,SACDistanceAgentNew,Walker2d-v5,32
825000.0,5707.2762,SACDistanceAgentNew,Walker2d-v5,32
830000.0,5491.0395,SACDistanceAgentNew,Walker2d-v5,32
835000.0,5347.1229,SACDistanceAgentNew,Walker2d-v5,32
840000.0,5626.7558,SACDistanceAgentNew,Walker2d-v5,32
845000.0,5426.4427,SACDistanceAgentNew,Walker2d-v5,32
850000.0,3414.3998,SACDistanceAgentNew,Walker2d-v5,32
855000.0,5586.9091,SACDistanceAgentNew,Walker2d-v5,32
860000.0,4419.9211,SACDistanceAgentNew,Walker2d-v5,32
865000.0,5504.9858,SACDistanceAgentNew,Walker2d-v5,32
870000.0,5547.664,SACDistanceAgentNew,Walker2d-v5,32
875000.0,4526.1297,SACDistanceAgentNew,Walker2d-v5,32
880000.0,5648.3886,SACDistanceAgentNew,Walker2d-v5,32
885000.0,5498.9111,SACDistanceAgentNew,Walker2d-v5,32
890000.0,5157.015,SACDistanceAgentNew,Walker2d-v5,32
895000.0,4105.2529,SACDistanceAgentNew,Walker2d-v5,32
900000.0,3371.3088,SACDistanceAgentNew,Walker2d-v5,32
905000.0,4446.503,SACDistanceAgentNew,Walker2d-v5,32
910000.0,5562.1284,SACDistanceAgentNew,Walker2d-v5,32
915000.0,4693.3789,SACDistanceAgentNew,Walker2d-v5,32
920000.0,5563.2699,SACDistanceAgentNew,Walker2d-v5,32
925000.0,5593.3763,SACDistanceAgentNew,Walker2d-v5,32
930000.0,5744.2436,SACDistanceAgentNew,Walker2d-v5,32
935000.0,5701.5474,SACDistanceAgentNew,Walker2d-v5,32
940000.0,4271.9848,SACDistanceAgentNew,Walker2d-v5,32
945000.0,5762.7126,SACDistanceAgentNew,Walker2d-v5,32
950000.0,5658.6359,SACDistanceAgentNew,Walker2d-v5,32
955000.0,5574.5859,SACDistanceAgentNew,Walker2d-v5,32
960000.0,5591.9828,SACDistanceAgentNew,Walker2d-v5,32
965000.0,5390.5791,SACDistanceAgentNew,Walker2d-v5,32
970000.0,5600.7874,SACDistanceAgentNew,Walker2d-v5,32
975000.0,5675.0051,SACDistanceAgentNew,Walker2d-v5,32
980000.0,5443.0203,SACDistanceAgentNew,Walker2d-v5,32
985000.0,5209.1543,SACDistanceAgentNew,Walker2d-v5,32
990000.0,5612.6834,SACDistanceAgentNew,Walker2d-v5,32
995000.0,5092.307,SACDistanceAgentNew,Walker2d-v5,32
1000000.0,4928.1592,SACDistanceAgentNew,Walker2d-v5,32
1005000.0,5676.7337,SACDistanceAgentNew,Walker2d-v5,32
1010000.0,5503.3537,SACDistanceAgentNew,Walker2d-v5,32
1015000.0,5708.6126,SACDistanceAgentNew,Walker2d-v5,32
1020000.0,5789.9779,SACDistanceAgentNew,Walker2d-v5,32
1025000.0,4627.1933,SACDistanceAgentNew,Walker2d-v5,32
1030000.0,5715.9862,SACDistanceAgentNew,Walker2d-v5,32
1035000.0,5502.5864,SACDistanceAgentNew,Walker2d-v5,32
1040000.0,5757.6783,SACDistanceAgentNew,Walker2d-v5,32
1045000.0,5812.9359,SACDistanceAgentNew,Walker2d-v5,32
1050000.0,5865.5289,SACDistanceAgentNew,Walker2d-v5,32
1055000.0,4904.6833,SACDistanceAgentNew,Walker2d-v5,32
1060000.0,5220.8438,SACDistanceAgentNew,Walker2d-v5,32
1065000.0,3415.109,SACDistanceAgentNew,Walker2d-v5,32
1070000.0,5749.5394,SACDistanceAgentNew,Walker2d-v5,32
1075000.0,5712.7313,SACDistanceAgentNew,Walker2d-v5,32
1080000.0,4530.3216,SACDistanceAgentNew,Walker2d-v5,32
1085000.0,5483.7016,SACDistanceAgentNew,Walker2d-v5,32
1090000.0,3962.7892,SACDistanceAgentNew,Walker2d-v5,32
1095000.0,5601.189,SACDistanceAgentNew,Walker2d-v5,32
1100000.0,5741.0848,SACDistanceAgentNew,Walker2d-v5,32
1105000.0,5734.4067,SACDistanceAgentNew,Walker2d-v5,32
1110000.0,5053.0015,SACDistanceAgentNew,Walker2d-v5,32
1115000.0,5347.2589,SACDistanceAgentNew,Walker2d-v5,32
1120000.0,5823.2977,SACDistanceAgentNew,Walker2d-v5,32
1125000.0,2244.824,SACDistanceAgentNew,Walker2d-v5,32
1130000.0,5231.8101,SACDistanceAgentNew,Walker2d-v5,32
1135000.0,4934.5338,SACDistanceAgentNew,Walker2d-v5,32
1140000.0,6010.6841,SACDistanceAgentNew,Walker2d-v5,32
1145000.0,5198.0618,SACDistanceAgentNew,Walker2d-v5,32
1150000.0,5003.8336,SACDistanceAgentNew,Walker2d-v5,32
1155000.0,5755.4137,SACDistanceAgentNew,Walker2d-v5,32
1160000.0,5762.3108,SACDistanceAgentNew,Walker2d-v5,32
5000.0,970.6545,SACDistanceAgentNew,Ant-v5,42
10000.0,965.028,SACDistanceAgentNew,Ant-v5,42
15000.0,-83.2456,SACDistanceAgentNew,Ant-v5,42
20000.0,-7.1023,SACDistanceAgentNew,Ant-v5,42
25000.0,-11.7254,SACDistanceAgentNew,Ant-v5,42
30000.0,-8.5688,SACDistanceAgentNew,Ant-v5,42
35000.0,-7.9478,SACDistanceAgentNew,Ant-v5,42
40000.0,-7.2526,SACDistanceAgentNew,Ant-v5,42
45000.0,-5.874,SACDistanceAgentNew,Ant-v5,42
50000.0,-7.6849,SACDistanceAgentNew,Ant-v5,42
55000.0,-11.8868,SACDistanceAgentNew,Ant-v5,42
60000.0,-4.6517,SACDistanceAgentNew,Ant-v5,42
65000.0,-4.3621,SACDistanceAgentNew,Ant-v5,42
70000.0,-12.2048,SACDistanceAgentNew,Ant-v5,42
75000.0,-6.2137,SACDistanceAgentNew,Ant-v5,42
80000.0,-2.7002,SACDistanceAgentNew,Ant-v5,42
85000.0,-6.3874,SACDistanceAgentNew,Ant-v5,42
90000.0,-9.4551,SACDistanceAgentNew,Ant-v5,42
95000.0,-3.3779,SACDistanceAgentNew,Ant-v5,42
100000.0,-4.5111,SACDistanceAgentNew,Ant-v5,42
105000.0,-3.4144,SACDistanceAgentNew,Ant-v5,42
110000.0,-6.9062,SACDistanceAgentNew,Ant-v5,42
115000.0,-0.6056,SACDistanceAgentNew,Ant-v5,42
120000.0,-4.8632,SACDistanceAgentNew,Ant-v5,42
125000.0,-4.0107,SACDistanceAgentNew,Ant-v5,42
130000.0,-5.8989,SACDistanceAgentNew,Ant-v5,42
135000.0,-6.4048,SACDistanceAgentNew,Ant-v5,42
140000.0,-3.7685,SACDistanceAgentNew,Ant-v5,42
145000.0,-1.3184,SACDistanceAgentNew,Ant-v5,42
150000.0,-1.9374,SACDistanceAgentNew,Ant-v5,42
155000.0,-6.8876,SACDistanceAgentNew,Ant-v5,42
160000.0,-3.4187,SACDistanceAgentNew,Ant-v5,42
165000.0,-5.4118,SACDistanceAgentNew,Ant-v5,42
170000.0,-0.9696,SACDistanceAgentNew,Ant-v5,42
175000.0,-4.225,SACDistanceAgentNew,Ant-v5,42
180000.0,-3.8188,SACDistanceAgentNew,Ant-v5,42
185000.0,-0.6371,SACDistanceAgentNew,Ant-v5,42
190000.0,-0.3435,SACDistanceAgentNew,Ant-v5,42
195000.0,-3.2324,SACDistanceAgentNew,Ant-v5,42
200000.0,-0.9585,SACDistanceAgentNew,Ant-v5,42
205000.0,1.6257,SACDistanceAgentNew,Ant-v5,42
210000.0,-0.1395,SACDistanceAgentNew,Ant-v5,42
215000.0,0.8633,SACDistanceAgentNew,Ant-v5,42
220000.0,0.9937,SACDistanceAgentNew,Ant-v5,42
225000.0,-0.8925,SACDistanceAgentNew,Ant-v5,42
230000.0,-1.4389,SACDistanceAgentNew,Ant-v5,42
235000.0,-0.1122,SACDistanceAgentNew,Ant-v5,42
240000.0,-0.5693,SACDistanceAgentNew,Ant-v5,42
245000.0,2.8648,SACDistanceAgentNew,Ant-v5,42
250000.0,-0.5455,SACDistanceAgentNew,Ant-v5,42
255000.0,1.6427,SACDistanceAgentNew,Ant-v5,42
260000.0,1.8933,SACDistanceAgentNew,Ant-v5,42
265000.0,0.5819,SACDistanceAgentNew,Ant-v5,42
270000.0,0.2386,SACDistanceAgentNew,Ant-v5,42
275000.0,2.3354,SACDistanceAgentNew,Ant-v5,42
280000.0,0.3053,SACDistanceAgentNew,Ant-v5,42
285000.0,0.8125,SACDistanceAgentNew,Ant-v5,42
290000.0,3.0612,SACDistanceAgentNew,Ant-v5,42
295000.0,1.357,SACDistanceAgentNew,Ant-v5,42
300000.0,2.8287,SACDistanceAgentNew,Ant-v5,42
305000.0,2.6914,SACDistanceAgentNew,Ant-v5,42
310000.0,3.2428,SACDistanceAgentNew,Ant-v5,42
315000.0,0.612,SACDistanceAgentNew,Ant-v5,42
320000.0,2.8297,SACDistanceAgentNew,Ant-v5,42
325000.0,4.3987,SACDistanceAgentNew,Ant-v5,42
330000.0,3.3119,SACDistanceAgentNew,Ant-v5,42
335000.0,3.8279,SACDistanceAgentNew,Ant-v5,42
340000.0,6.4515,SACDistanceAgentNew,Ant-v5,42
345000.0,3.5968,SACDistanceAgentNew,Ant-v5,42
350000.0,4.1141,SACDistanceAgentNew,Ant-v5,42
355000.0,4.2797,SACDistanceAgentNew,Ant-v5,42
360000.0,4.8733,SACDistanceAgentNew,Ant-v5,42
365000.0,3.7569,SACDistanceAgentNew,Ant-v5,42
370000.0,6.919,SACDistanceAgentNew,Ant-v5,42
375000.0,6.2109,SACDistanceAgentNew,Ant-v5,42
380000.0,5.5913,SACDistanceAgentNew,Ant-v5,42
385000.0,4.5028,SACDistanceAgentNew,Ant-v5,42
390000.0,6.2233,SACDistanceAgentNew,Ant-v5,42
395000.0,5.1844,SACDistanceAgentNew,Ant-v5,42
400000.0,6.6925,SACDistanceAgentNew,Ant-v5,42
405000.0,4.6968,SACDistanceAgentNew,Ant-v5,42
410000.0,5.5347,SACDistanceAgentNew,Ant-v5,42
415000.0,6.5867,SACDistanceAgentNew,Ant-v5,42
420000.0,5.8981,SACDistanceAgentNew,Ant-v5,42
425000.0,9.8126,SACDistanceAgentNew,Ant-v5,42
430000.0,3.2139,SACDistanceAgentNew,Ant-v5,42
435000.0,8.4128,SACDistanceAgentNew,Ant-v5,42
440000.0,7.1564,SACDistanceAgentNew,Ant-v5,42
445000.0,6.7202,SACDistanceAgentNew,Ant-v5,42
450000.0,5.5513,SACDistanceAgentNew,Ant-v5,42
455000.0,7.3963,SACDistanceAgentNew,Ant-v5,42
460000.0,10.3546,SACDistanceAgentNew,Ant-v5,42
465000.0,8.5813,SACDistanceAgentNew,Ant-v5,42
470000.0,8.2172,SACDistanceAgentNew,Ant-v5,42
475000.0,9.3165,SACDistanceAgentNew,Ant-v5,42
480000.0,8.826,SACDistanceAgentNew,Ant-v5,42
485000.0,9.0512,SACDistanceAgentNew,Ant-v5,42
490000.0,7.1145,SACDistanceAgentNew,Ant-v5,42
495000.0,9.2583,SACDistanceAgentNew,Ant-v5,42
500000.0,8.7157,SACDistanceAgentNew,Ant-v5,42
505000.0,10.0635,SACDistanceAgentNew,Ant-v5,42
510000.0,9.5282,SACDistanceAgentNew,Ant-v5,42
515000.0,8.21,SACDistanceAgentNew,Ant-v5,42
520000.0,9.4544,SACDistanceAgentNew,Ant-v5,42
525000.0,10.3696,SACDistanceAgentNew,Ant-v5,42
530000.0,10.6662,SACDistanceAgentNew,Ant-v5,42
535000.0,10.8907,SACDistanceAgentNew,Ant-v5,42
540000.0,12.858,SACDistanceAgentNew,Ant-v5,42
545000.0,10.9509,SACDistanceAgentNew,Ant-v5,42
550000.0,10.5948,SACDistanceAgentNew,Ant-v5,42
555000.0,11.6374,SACDistanceAgentNew,Ant-v5,42
560000.0,15.5989,SACDistanceAgentNew,Ant-v5,42
565000.0,13.5206,SACDistanceAgentNew,Ant-v5,42
570000.0,11.2552,SACDistanceAgentNew,Ant-v5,42
575000.0,10.8176,SACDistanceAgentNew,Ant-v5,42
580000.0,11.0815,SACDistanceAgentNew,Ant-v5,42
585000.0,13.0234,SACDistanceAgentNew,Ant-v5,42
590000.0,12.0671,SACDistanceAgentNew,Ant-v5,42
595000.0,13.5859,SACDistanceAgentNew,Ant-v5,42
600000.0,15.6241,SACDistanceAgentNew,Ant-v5,42
605000.0,14.8345,SACDistanceAgentNew,Ant-v5,42
610000.0,9.801,SACDistanceAgentNew,Ant-v5,42
615000.0,13.3256,SACDistanceAgentNew,Ant-v5,42
620000.0,13.6715,SACDistanceAgentNew,Ant-v5,42
625000.0,12.4223,SACDistanceAgentNew,Ant-v5,42
630000.0,16.9505,SACDistanceAgentNew,Ant-v5,42
635000.0,14.9364,SACDistanceAgentNew,Ant-v5,42
640000.0,12.7991,SACDistanceAgentNew,Ant-v5,42
645000.0,15.8081,SACDistanceAgentNew,Ant-v5,42
650000.0,13.945,SACDistanceAgentNew,Ant-v5,42
655000.0,13.2174,SACDistanceAgentNew,Ant-v5,42
660000.0,16.0984,SACDistanceAgentNew,Ant-v5,42
665000.0,11.1277,SACDistanceAgentNew,Ant-v5,42
670000.0,16.0447,SACDistanceAgentNew,Ant-v5,42
675000.0,14.6003,SACDistanceAgentNew,Ant-v5,42
680000.0,13.6299,SACDistanceAgentNew,Ant-v5,42
685000.0,16.5369,SACDistanceAgentNew,Ant-v5,42
690000.0,14.0685,SACDistanceAgentNew,Ant-v5,42
695000.0,14.7343,SACDistanceAgentNew,Ant-v5,42
700000.0,15.6966,SACDistanceAgentNew,Ant-v5,42
705000.0,13.4114,SACDistanceAgentNew,Ant-v5,42
710000.0,16.8463,SACDistanceAgentNew,Ant-v5,42
715000.0,11.6944,SACDistanceAgentNew,Ant-v5,42
720000.0,14.3006,SACDistanceAgentNew,Ant-v5,42
725000.0,16.1764,SACDistanceAgentNew,Ant-v5,42
730000.0,16.3016,SACDistanceAgentNew,Ant-v5,42
735000.0,13.1081,SACDistanceAgentNew,Ant-v5,42
740000.0,12.8914,SACDistanceAgentNew,Ant-v5,42
745000.0,-65.6039,SACDistanceAgentNew,Ant-v5,42
750000.0,15.844,SACDistanceAgentNew,Ant-v5,42
755000.0,16.5689,SACDistanceAgentNew,Ant-v5,42
760000.0,13.6651,SACDistanceAgentNew,Ant-v5,42
765000.0,14.129,SACDistanceAgentNew,Ant-v5,42
770000.0,12.1954,SACDistanceAgentNew,Ant-v5,42
775000.0,18.1449,SACDistanceAgentNew,Ant-v5,42
780000.0,13.0775,SACDistanceAgentNew,Ant-v5,42
785000.0,14.3925,SACDistanceAgentNew,Ant-v5,42
790000.0,12.5309,SACDistanceAgentNew,Ant-v5,42
795000.0,15.7122,SACDistanceAgentNew,Ant-v5,42
800000.0,18.3792,SACDistanceAgentNew,Ant-v5,42
805000.0,15.584,SACDistanceAgentNew,Ant-v5,42
810000.0,19.0734,SACDistanceAgentNew,Ant-v5,42
815000.0,15.6776,SACDistanceAgentNew,Ant-v5,42
820000.0,19.8286,SACDistanceAgentNew,Ant-v5,42
825000.0,18.2762,SACDistanceAgentNew,Ant-v5,42
830000.0,16.0785,SACDistanceAgentNew,Ant-v5,42
835000.0,21.6056,SACDistanceAgentNew,Ant-v5,42
840000.0,15.372,SACDistanceAgentNew,Ant-v5,42
845000.0,18.7844,SACDistanceAgentNew,Ant-v5,42
850000.0,14.1435,SACDistanceAgentNew,Ant-v5,42
855000.0,19.506,SACDistanceAgentNew,Ant-v5,42
860000.0,18.2064,SACDistanceAgentNew,Ant-v5,42
865000.0,17.5302,SACDistanceAgentNew,Ant-v5,42
870000.0,17.301,SACDistanceAgentNew,Ant-v5,42
875000.0,15.3441,SACDistanceAgentNew,Ant-v5,42
880000.0,16.431,SACDistanceAgentNew,Ant-v5,42
885000.0,14.2117,SACDistanceAgentNew,Ant-v5,42
890000.0,17.4038,SACDistanceAgentNew,Ant-v5,42
895000.0,18.2904,SACDistanceAgentNew,Ant-v5,42
900000.0,19.6268,SACDistanceAgentNew,Ant-v5,42
905000.0,17.8571,SACDistanceAgentNew,Ant-v5,42
910000.0,17.9173,SACDistanceAgentNew,Ant-v5,42
915000.0,21.5589,SACDistanceAgentNew,Ant-v5,42
920000.0,19.9669,SACDistanceAgentNew,Ant-v5,42
925000.0,20.9857,SACDistanceAgentNew,Ant-v5,42
930000.0,17.317,SACDistanceAgentNew,Ant-v5,42
935000.0,17.6031,SACDistanceAgentNew,Ant-v5,42
940000.0,18.4862,SACDistanceAgentNew,Ant-v5,42
945000.0,20.9785,SACDistanceAgentNew,Ant-v5,42
950000.0,18.5643,SACDistanceAgentNew,Ant-v5,42
955000.0,21.4487,SACDistanceAgentNew,Ant-v5,42
960000.0,-38.2641,SACDistanceAgentNew,Ant-v5,42
965000.0,21.6647,SACDistanceAgentNew,Ant-v5,42
970000.0,24.48,SACDistanceAgentNew,Ant-v5,42
975000.0,21.9252,SACDistanceAgentNew,Ant-v5,42
980000.0,23.2659,SACDistanceAgentNew,Ant-v5,42
985000.0,23.0986,SACDistanceAgentNew,Ant-v5,42
990000.0,22.5244,SACDistanceAgentNew,Ant-v5,42
995000.0,19.946,SACDistanceAgentNew,Ant-v5,42
1000000.0,18.4416,SACDistanceAgentNew,Ant-v5,42
1005000.0,24.2826,SACDistanceAgentNew,Ant-v5,42
1010000.0,22.3641,SACDistanceAgentNew,Ant-v5,42
1015000.0,21.5543,SACDistanceAgentNew,Ant-v5,42
1020000.0,24.966,SACDistanceAgentNew,Ant-v5,42
1025000.0,22.5471,SACDistanceAgentNew,Ant-v5,42
1030000.0,22.1779,SACDistanceAgentNew,Ant-v5,42
1035000.0,25.1045,SACDistanceAgentNew,Ant-v5,42
1040000.0,24.6106,SACDistanceAgentNew,Ant-v5,42
1045000.0,22.802,SACDistanceAgentNew,Ant-v5,42
1050000.0,-68.3504,SACDistanceAgentNew,Ant-v5,42
1055000.0,24.1069,SACDistanceAgentNew,Ant-v5,42
1060000.0,25.3686,SACDistanceAgentNew,Ant-v5,42
1065000.0,25.6192,SACDistanceAgentNew,Ant-v5,42
1070000.0,24.6778,SACDistanceAgentNew,Ant-v5,42
1075000.0,28.7414,SACDistanceAgentNew,Ant-v5,42
1080000.0,29.0056,SACDistanceAgentNew,Ant-v5,42
1085000.0,26.885,SACDistanceAgentNew,Ant-v5,42
1090000.0,25.4103,SACDistanceAgentNew,Ant-v5,42
1095000.0,-44.6564,SACDistanceAgentNew,Ant-v5,42
1100000.0,42.4331,SACDistanceAgentNew,Ant-v5,42
1105000.0,21.4149,SACDistanceAgentNew,Ant-v5,42
1110000.0,23.574,SACDistanceAgentNew,Ant-v5,42
1115000.0,26.8278,SACDistanceAgentNew,Ant-v5,42
1120000.0,28.8858,SACDistanceAgentNew,Ant-v5,42
1125000.0,25.3459,SACDistanceAgentNew,Ant-v5,42
1130000.0,26.4671,SACDistanceAgentNew,Ant-v5,42
1135000.0,21.716,SACDistanceAgentNew,Ant-v5,42
1140000.0,25.4429,SACDistanceAgentNew,Ant-v5,42
1145000.0,28.1522,SACDistanceAgentNew,Ant-v5,42
1150000.0,31.0239,SACDistanceAgentNew,Ant-v5,42
1155000.0,30.7329,SACDistanceAgentNew,Ant-v5,42
1160000.0,28.6847,SACDistanceAgentNew,Ant-v5,42
1165000.0,35.8964,SACDistanceAgentNew,Ant-v5,42
1170000.0,27.4169,SACDistanceAgentNew,Ant-v5,42
1175000.0,22.1637,SACDistanceAgentNew,Ant-v5,42
5000.0,-1.4812,SACDistanceAgentNew,HalfCheetah-v5,32
10000.0,7.1563,SACDistanceAgentNew,HalfCheetah-v5,32
15000.0,896.4905,SACDistanceAgentNew,HalfCheetah-v5,32
20000.0,2533.8692,SACDistanceAgentNew,HalfCheetah-v5,32
25000.0,3489.7525,SACDistanceAgentNew,HalfCheetah-v5,32
30000.0,2331.7685,SACDistanceAgentNew,HalfCheetah-v5,32
35000.0,4152.7579,SACDistanceAgentNew,HalfCheetah-v5,32
40000.0,4346.7298,SACDistanceAgentNew,HalfCheetah-v5,32
45000.0,4470.2246,SACDistanceAgentNew,HalfCheetah-v5,32
50000.0,4692.8755,SACDistanceAgentNew,HalfCheetah-v5,32
55000.0,5133.2423,SACDistanceAgentNew,HalfCheetah-v5,32
60000.0,5370.1732,SACDistanceAgentNew,HalfCheetah-v5,32
65000.0,5620.8778,SACDistanceAgentNew,HalfCheetah-v5,32
70000.0,5977.8418,SACDistanceAgentNew,HalfCheetah-v5,32
75000.0,5845.1779,SACDistanceAgentNew,HalfCheetah-v5,32
80000.0,5673.2517,SACDistanceAgentNew,HalfCheetah-v5,32
85000.0,5970.3933,SACDistanceAgentNew,HalfCheetah-v5,32
90000.0,6094.7901,SACDistanceAgentNew,HalfCheetah-v5,32
95000.0,6134.0757,SACDistanceAgentNew,HalfCheetah-v5,32
100000.0,6280.4517,SACDistanceAgentNew,HalfCheetah-v5,32
105000.0,6462.2891,SACDistanceAgentNew,HalfCheetah-v5,32
110000.0,6358.8774,SACDistanceAgentNew,HalfCheetah-v5,32
115000.0,6915.6117,SACDistanceAgentNew,HalfCheetah-v5,32
120000.0,6870.2703,SACDistanceAgentNew,HalfCheetah-v5,32
125000.0,6740.9897,SACDistanceAgentNew,HalfCheetah-v5,32
130000.0,6868.437,SACDistanceAgentNew,HalfCheetah-v5,32
135000.0,6653.1862,SACDistanceAgentNew,HalfCheetah-v5,32
140000.0,6723.8269,SACDistanceAgentNew,HalfCheetah-v5,32
145000.0,6973.7392,SACDistanceAgentNew,HalfCheetah-v5,32
150000.0,6816.7387,SACDistanceAgentNew,HalfCheetah-v5,32
155000.0,7041.2869,SACDistanceAgentNew,HalfCheetah-v5,32
160000.0,7270.0666,SACDistanceAgentNew,HalfCheetah-v5,32
165000.0,6745.9676,SACDistanceAgentNew,HalfCheetah-v5,32
170000.0,7514.961,SACDistanceAgentNew,HalfCheetah-v5,32
175000.0,7140.1053,SACDistanceAgentNew,HalfCheetah-v5,32
180000.0,7127.0714,SACDistanceAgentNew,HalfCheetah-v5,32
185000.0,7184.6646,SACDistanceAgentNew,HalfCheetah-v5,32
190000.0,7303.8825,SACDistanceAgentNew,HalfCheetah-v5,32
195000.0,6627.4408,SACDistanceAgentNew,HalfCheetah-v5,32
200000.0,7379.5932,SACDistanceAgentNew,HalfCheetah-v5,32
205000.0,7717.3903,SACDistanceAgentNew,HalfCheetah-v5,32
210000.0,7619.5568,SACDistanceAgentNew,HalfCheetah-v5,32
215000.0,7672.7826,SACDistanceAgentNew,HalfCheetah-v5,32
220000.0,6859.5723,SACDistanceAgentNew,HalfCheetah-v5,32
225000.0,7852.208,SACDistanceAgentNew,HalfCheetah-v5,32
230000.0,7431.5418,SACDistanceAgentNew,HalfCheetah-v5,32
235000.0,7248.2125,SACDistanceAgentNew,HalfCheetah-v5,32
240000.0,7562.08,SACDistanceAgentNew,HalfCheetah-v5,32
245000.0,6804.2984,SACDistanceAgentNew,HalfCheetah-v5,32
250000.0,6976.9022,SACDistanceAgentNew,HalfCheetah-v5,32
255000.0,7386.0735,SACDistanceAgentNew,HalfCheetah-v5,32
260000.0,6879.5642,SACDistanceAgentNew,HalfCheetah-v5,32
265000.0,6086.1626,SACDistanceAgentNew,HalfCheetah-v5,32
270000.0,7955.4354,SACDistanceAgentNew,HalfCheetah-v5,32
275000.0,7906.7398,SACDistanceAgentNew,HalfCheetah-v5,32
280000.0,5926.6677,SACDistanceAgentNew,HalfCheetah-v5,32
285000.0,7788.6298,SACDistanceAgentNew,HalfCheetah-v5,32
290000.0,8030.0643,SACDistanceAgentNew,HalfCheetah-v5,32
295000.0,7714.3484,SACDistanceAgentNew,HalfCheetah-v5,32
300000.0,8014.8229,SACDistanceAgentNew,HalfCheetah-v5,32
305000.0,8057.5601,SACDistanceAgentNew,HalfCheetah-v5,32
310000.0,8435.7482,SACDistanceAgentNew,HalfCheetah-v5,32
315000.0,8633.8453,SACDistanceAgentNew,HalfCheetah-v5,32
320000.0,7627.3831,SACDistanceAgentNew,HalfCheetah-v5,32
325000.0,8707.0838,SACDistanceAgentNew,HalfCheetah-v5,32
330000.0,8014.6343,SACDistanceAgentNew,HalfCheetah-v5,32
335000.0,8725.9228,SACDistanceAgentNew,HalfCheetah-v5,32
340000.0,8653.7797,SACDistanceAgentNew,HalfCheetah-v5,32
345000.0,8245.1134,SACDistanceAgentNew,HalfCheetah-v5,32
350000.0,8904.489,SACDistanceAgentNew,HalfCheetah-v5,32
355000.0,8857.8196,SACDistanceAgentNew,HalfCheetah-v5,32
360000.0,8984.9923,SACDistanceAgentNew,HalfCheetah-v5,32
365000.0,9120.3514,SACDistanceAgentNew,HalfCheetah-v5,32
370000.0,8458.2287,SACDistanceAgentNew,HalfCheetah-v5,32
375000.0,8971.0088,SACDistanceAgentNew,HalfCheetah-v5,32
380000.0,9224.2218,SACDistanceAgentNew,HalfCheetah-v5,32
385000.0,9105.6631,SACDistanceAgentNew,HalfCheetah-v5,32
390000.0,9245.426,SACDistanceAgentNew,HalfCheetah-v5,32
395000.0,9330.8344,SACDistanceAgentNew,HalfCheetah-v5,32
400000.0,9412.7914,SACDistanceAgentNew,HalfCheetah-v5,32
405000.0,9513.1524,SACDistanceAgentNew,HalfCheetah-v5,32
410000.0,9519.8255,SACDistanceAgentNew,HalfCheetah-v5,32
415000.0,9425.8793,SACDistanceAgentNew,HalfCheetah-v5,32
420000.0,9595.7687,SACDistanceAgentNew,HalfCheetah-v5,32
425000.0,9724.5087,SACDistanceAgentNew,HalfCheetah-v5,32
430000.0,9645.6808,SACDistanceAgentNew,HalfCheetah-v5,32
435000.0,9626.5188,SACDistanceAgentNew,HalfCheetah-v5,32
440000.0,9545.5392,SACDistanceAgentNew,HalfCheetah-v5,32
445000.0,9770.5226,SACDistanceAgentNew,HalfCheetah-v5,32
450000.0,9911.5399,SACDistanceAgentNew,HalfCheetah-v5,32
455000.0,9961.9517,SACDistanceAgentNew,HalfCheetah-v5,32
460000.0,9891.9748,SACDistanceAgentNew,HalfCheetah-v5,32
465000.0,10012.5938,SACDistanceAgentNew,HalfCheetah-v5,32
470000.0,10080.4652,SACDistanceAgentNew,HalfCheetah-v5,32
475000.0,10140.8676,SACDistanceAgentNew,HalfCheetah-v5,32
480000.0,9981.2327,SACDistanceAgentNew,HalfCheetah-v5,32
485000.0,10074.2825,SACDistanceAgentNew,HalfCheetah-v5,32
490000.0,10142.6914,SACDistanceAgentNew,HalfCheetah-v5,32
495000.0,10141.9968,SACDistanceAgentNew,HalfCheetah-v5,32
500000.0,9864.6357,SACDistanceAgentNew,HalfCheetah-v5,32
505000.0,10031.8549,SACDistanceAgentNew,HalfCheetah-v5,32
510000.0,10080.834,SACDistanceAgentNew,HalfCheetah-v5,32
515000.0,10102.0232,SACDistanceAgentNew,HalfCheetah-v5,32
520000.0,10148.1105,SACDistanceAgentNew,HalfCheetah-v5,32
525000.0,10129.1024,SACDistanceAgentNew,HalfCheetah-v5,32
530000.0,10193.7539,SACDistanceAgentNew,HalfCheetah-v5,32
535000.0,10256.1338,SACDistanceAgentNew,HalfCheetah-v5,32
540000.0,10126.9531,SACDistanceAgentNew,HalfCheetah-v5,32
545000.0,10146.7839,SACDistanceAgentNew,HalfCheetah-v5,32
550000.0,10293.8855,SACDistanceAgentNew,HalfCheetah-v5,32
555000.0,10354.6051,SACDistanceAgentNew,HalfCheetah-v5,32
560000.0,10229.2026,SACDistanceAgentNew,HalfCheetah-v5,32
565000.0,10368.7814,SACDistanceAgentNew,HalfCheetah-v5,32
570000.0,10422.1617,SACDistanceAgentNew,HalfCheetah-v5,32
575000.0,10379.5346,SACDistanceAgentNew,HalfCheetah-v5,32
580000.0,10296.275,SACDistanceAgentNew,HalfCheetah-v5,32
585000.0,10388.8366,SACDistanceAgentNew,HalfCheetah-v5,32
590000.0,10309.7375,SACDistanceAgentNew,HalfCheetah-v5,32
595000.0,10390.9142,SACDistanceAgentNew,HalfCheetah-v5,32
600000.0,10161.1555,SACDistanceAgentNew,HalfCheetah-v5,32
605000.0,10492.0867,SACDistanceAgentNew,HalfCheetah-v5,32
610000.0,10478.5007,SACDistanceAgentNew,HalfCheetah-v5,32
615000.0,10546.263,SACDistanceAgentNew,HalfCheetah-v5,32
620000.0,10441.6795,SACDistanceAgentNew,HalfCheetah-v5,32
625000.0,10446.3552,SACDistanceAgentNew,HalfCheetah-v5,32
630000.0,10445.9265,SACDistanceAgentNew,HalfCheetah-v5,32
635000.0,10495.6955,SACDistanceAgentNew,HalfCheetah-v5,32
640000.0,10600.1577,SACDistanceAgentNew,HalfCheetah-v5,32
645000.0,10501.257,SACDistanceAgentNew,HalfCheetah-v5,32
650000.0,10638.9173,SACDistanceAgentNew,HalfCheetah-v5,32
655000.0,10445.2811,SACDistanceAgentNew,HalfCheetah-v5,32
660000.0,10544.9784,SACDistanceAgentNew,HalfCheetah-v5,32
665000.0,10576.0429,SACDistanceAgentNew,HalfCheetah-v5,32
670000.0,10642.2506,SACDistanceAgentNew,HalfCheetah-v5,32
675000.0,10653.1975,SACDistanceAgentNew,HalfCheetah-v5,32
680000.0,10591.4886,SACDistanceAgentNew,HalfCheetah-v5,32
685000.0,10697.4194,SACDistanceAgentNew,HalfCheetah-v5,32
690000.0,10644.533,SACDistanceAgentNew,HalfCheetah-v5,32
695000.0,10593.3128,SACDistanceAgentNew,HalfCheetah-v5,32
700000.0,10672.1301,SACDistanceAgentNew,HalfCheetah-v5,32
705000.0,10666.8732,SACDistanceAgentNew,HalfCheetah-v5,32
710000.0,10733.2135,SACDistanceAgentNew,HalfCheetah-v5,32
715000.0,10658.0822,SACDistanceAgentNew,HalfCheetah-v5,32
720000.0,10683.27,SACDistanceAgentNew,HalfCheetah-v5,32
725000.0,10782.3743,SACDistanceAgentNew,HalfCheetah-v5,32
730000.0,10700.9728,SACDistanceAgentNew,HalfCheetah-v5,32
735000.0,10659.0476,SACDistanceAgentNew,HalfCheetah-v5,32
740000.0,10678.891,SACDistanceAgentNew,HalfCheetah-v5,32
745000.0,10607.4119,SACDistanceAgentNew,HalfCheetah-v5,32
750000.0,10795.2175,SACDistanceAgentNew,HalfCheetah-v5,32
755000.0,10652.0526,SACDistanceAgentNew,HalfCheetah-v5,32
760000.0,10804.628,SACDistanceAgentNew,HalfCheetah-v5,32
765000.0,10805.0726,SACDistanceAgentNew,HalfCheetah-v5,32
770000.0,10757.0225,SACDistanceAgentNew,HalfCheetah-v5,32
775000.0,10723.361,SACDistanceAgentNew,HalfCheetah-v5,32
780000.0,10661.8614,SACDistanceAgentNew,HalfCheetah-v5,32
785000.0,10766.0523,SACDistanceAgentNew,HalfCheetah-v5,32
790000.0,10789.4287,SACDistanceAgentNew,HalfCheetah-v5,32
795000.0,10786.6039,SACDistanceAgentNew,HalfCheetah-v5,32
800000.0,10688.3421,SACDistanceAgentNew,HalfCheetah-v5,32
805000.0,10738.9904,SACDistanceAgentNew,HalfCheetah-v5,32
810000.0,10722.6792,SACDistanceAgentNew,HalfCheetah-v5,32
815000.0,10693.7031,SACDistanceAgentNew,HalfCheetah-v5,32
820000.0,10788.3673,SACDistanceAgentNew,HalfCheetah-v5,32
825000.0,10731.6342,SACDistanceAgentNew,HalfCheetah-v5,32
830000.0,10739.4197,SACDistanceAgentNew,HalfCheetah-v5,32
835000.0,10818.3295,SACDistanceAgentNew,HalfCheetah-v5,32
840000.0,10787.4608,SACDistanceAgentNew,HalfCheetah-v5,32
845000.0,10758.4047,SACDistanceAgentNew,HalfCheetah-v5,32
850000.0,10779.348,SACDistanceAgentNew,HalfCheetah-v5,32
855000.0,10760.0644,SACDistanceAgentNew,HalfCheetah-v5,32
860000.0,10916.5611,SACDistanceAgentNew,HalfCheetah-v5,32
865000.0,10795.4519,SACDistanceAgentNew,HalfCheetah-v5,32
870000.0,10912.5524,SACDistanceAgentNew,HalfCheetah-v5,32
875000.0,10748.8043,SACDistanceAgentNew,HalfCheetah-v5,32
880000.0,10810.059,SACDistanceAgentNew,HalfCheetah-v5,32
885000.0,10848.7299,SACDistanceAgentNew,HalfCheetah-v5,32
890000.0,10869.386,SACDistanceAgentNew,HalfCheetah-v5,32
895000.0,10747.917,SACDistanceAgentNew,HalfCheetah-v5,32
900000.0,10804.3191,SACDistanceAgentNew,HalfCheetah-v5,32
905000.0,10799.5338,SACDistanceAgentNew,HalfCheetah-v5,32
910000.0,10933.0379,SACDistanceAgentNew,HalfCheetah-v5,32
915000.0,10478.3015,SACDistanceAgentNew,HalfCheetah-v5,32
920000.0,10832.9717,SACDistanceAgentNew,HalfCheetah-v5,32
925000.0,10854.8937,SACDistanceAgentNew,HalfCheetah-v5,32
930000.0,10877.613,SACDistanceAgentNew,HalfCheetah-v5,32
935000.0,10800.4584,SACDistanceAgentNew,HalfCheetah-v5,32
940000.0,10860.4396,SACDistanceAgentNew,HalfCheetah-v5,32
945000.0,10890.3077,SACDistanceAgentNew,HalfCheetah-v5,32
950000.0,10831.4394,SACDistanceAgentNew,HalfCheetah-v5,32
955000.0,10965.7907,SACDistanceAgentNew,HalfCheetah-v5,32
960000.0,10807.9509,SACDistanceAgentNew,HalfCheetah-v5,32
965000.0,10994.3096,SACDistanceAgentNew,HalfCheetah-v5,32
970000.0,10830.3218,SACDistanceAgentNew,HalfCheetah-v5,32
975000.0,10773.32,SACDistanceAgentNew,HalfCheetah-v5,32
980000.0,10960.5807,SACDistanceAgentNew,HalfCheetah-v5,32
985000.0,10801.0559,SACDistanceAgentNew,HalfCheetah-v5,32
990000.0,10853.0139,SACDistanceAgentNew,HalfCheetah-v5,32
995000.0,10913.7372,SACDistanceAgentNew,HalfCheetah-v5,32
1000000.0,10868.1718,SACDistanceAgentNew,HalfCheetah-v5,32
1005000.0,10886.7589,SACDistanceAgentNew,HalfCheetah-v5,32
1010000.0,11048.2281,SACDistanceAgentNew,HalfCheetah-v5,32
1015000.0,10903.0371,SACDistanceAgentNew,HalfCheetah-v5,32
1020000.0,10900.7001,SACDistanceAgentNew,HalfCheetah-v5,32
1025000.0,10959.6485,SACDistanceAgentNew,HalfCheetah-v5,32
1030000.0,10930.2417,SACDistanceAgentNew,HalfCheetah-v5,32
1035000.0,10931.3717,SACDistanceAgentNew,HalfCheetah-v5,32
1040000.0,10937.7021,SACDistanceAgentNew,HalfCheetah-v5,32
1045000.0,10900.7413,SACDistanceAgentNew,HalfCheetah-v5,32
1050000.0,10909.0041,SACDistanceAgentNew,HalfCheetah-v5,32
1055000.0,11052.9277,SACDistanceAgentNew,HalfCheetah-v5,32
1060000.0,11060.3154,SACDistanceAgentNew,HalfCheetah-v5,32
1065000.0,10921.9549,SACDistanceAgentNew,HalfCheetah-v5,32
1070000.0,10935.394,SACDistanceAgentNew,HalfCheetah-v5,32
1075000.0,11035.9025,SACDistanceAgentNew,HalfCheetah-v5,32
1080000.0,10962.6655,SACDistanceAgentNew,HalfCheetah-v5,32
1085000.0,11024.7703,SACDistanceAgentNew,HalfCheetah-v5,32
1090000.0,11038.0515,SACDistanceAgentNew,HalfCheetah-v5,32
1095000.0,11004.3637,SACDistanceAgentNew,HalfCheetah-v5,32
1100000.0,10889.9291,SACDistanceAgentNew,HalfCheetah-v5,32
1105000.0,10985.1761,SACDistanceAgentNew,HalfCheetah-v5,32
1110000.0,11163.3647,SACDistanceAgentNew,HalfCheetah-v5,32
1115000.0,11082.1541,SACDistanceAgentNew,HalfCheetah-v5,32
1120000.0,11019.1284,SACDistanceAgentNew,HalfCheetah-v5,32
1125000.0,11007.5786,SACDistanceAgentNew,HalfCheetah-v5,32
1130000.0,11060.0499,SACDistanceAgentNew,HalfCheetah-v5,32
1135000.0,11027.4132,SACDistanceAgentNew,HalfCheetah-v5,32
1140000.0,11088.9099,SACDistanceAgentNew,HalfCheetah-v5,32
1145000.0,11142.3784,SACDistanceAgentNew,HalfCheetah-v5,32
1150000.0,10882.2806,SACDistanceAgentNew,HalfCheetah-v5,32
1155000.0,11115.0981,SACDistanceAgentNew,HalfCheetah-v5,32
1160000.0,11022.2871,SACDistanceAgentNew,HalfCheetah-v5,32
1165000.0,11084.8259,SACDistanceAgentNew,HalfCheetah-v5,32
5000.0,117.7599,SACDistanceAgentNew,Hopper-v5,42
10000.0,199.8051,SACDistanceAgentNew,Hopper-v5,42
15000.0,280.0406,SACDistanceAgentNew,Hopper-v5,42
20000.0,289.4667,SACDistanceAgentNew,Hopper-v5,42
25000.0,393.6926,SACDistanceAgentNew,Hopper-v5,42
30000.0,410.2039,SACDistanceAgentNew,Hopper-v5,42
35000.0,546.2684,SACDistanceAgentNew,Hopper-v5,42
40000.0,589.9159,SACDistanceAgentNew,Hopper-v5,42
45000.0,714.8664,SACDistanceAgentNew,Hopper-v5,42
50000.0,1133.5771,SACDistanceAgentNew,Hopper-v5,42
55000.0,685.5333,SACDistanceAgentNew,Hopper-v5,42
60000.0,919.5207,SACDistanceAgentNew,Hopper-v5,42
65000.0,948.0825,SACDistanceAgentNew,Hopper-v5,42
70000.0,2313.2765,SACDistanceAgentNew,Hopper-v5,42
75000.0,3001.5273,SACDistanceAgentNew,Hopper-v5,42
80000.0,983.5825,SACDistanceAgentNew,Hopper-v5,42
85000.0,898.2778,SACDistanceAgentNew,Hopper-v5,42
90000.0,941.0713,SACDistanceAgentNew,Hopper-v5,42
95000.0,1147.8573,SACDistanceAgentNew,Hopper-v5,42
100000.0,1146.4155,SACDistanceAgentNew,Hopper-v5,42
105000.0,2475.7677,SACDistanceAgentNew,Hopper-v5,42
110000.0,639.0465,SACDistanceAgentNew,Hopper-v5,42
115000.0,3089.1056,SACDistanceAgentNew,Hopper-v5,42
120000.0,3067.6352,SACDistanceAgentNew,Hopper-v5,42
125000.0,3161.0808,SACDistanceAgentNew,Hopper-v5,42
130000.0,3245.8215,SACDistanceAgentNew,Hopper-v5,42
135000.0,3268.119,SACDistanceAgentNew,Hopper-v5,42
140000.0,3286.7806,SACDistanceAgentNew,Hopper-v5,42
145000.0,3255.4846,SACDistanceAgentNew,Hopper-v5,42
150000.0,3259.0331,SACDistanceAgentNew,Hopper-v5,42
155000.0,3213.7216,SACDistanceAgentNew,Hopper-v5,42
160000.0,3251.867,SACDistanceAgentNew,Hopper-v5,42
165000.0,3229.9782,SACDistanceAgentNew,Hopper-v5,42
170000.0,3227.2142,SACDistanceAgentNew,Hopper-v5,42
175000.0,3233.8824,SACDistanceAgentNew,Hopper-v5,42
180000.0,3185.4889,SACDistanceAgentNew,Hopper-v5,42
185000.0,3269.7038,SACDistanceAgentNew,Hopper-v5,42
190000.0,3261.6409,SACDistanceAgentNew,Hopper-v5,42
195000.0,3285.6235,SACDistanceAgentNew,Hopper-v5,42
200000.0,3281.0548,SACDistanceAgentNew,Hopper-v5,42
205000.0,3290.3966,SACDistanceAgentNew,Hopper-v5,42
210000.0,3257.0511,SACDistanceAgentNew,Hopper-v5,42
215000.0,3260.9921,SACDistanceAgentNew,Hopper-v5,42
220000.0,3260.291,SACDistanceAgentNew,Hopper-v5,42
225000.0,3252.162,SACDistanceAgentNew,Hopper-v5,42
230000.0,3291.9497,SACDistanceAgentNew,Hopper-v5,42
235000.0,3288.6463,SACDistanceAgentNew,Hopper-v5,42
240000.0,3288.2151,SACDistanceAgentNew,Hopper-v5,42
245000.0,3268.4009,SACDistanceAgentNew,Hopper-v5,42
250000.0,3259.4747,SACDistanceAgentNew,Hopper-v5,42
255000.0,3272.4593,SACDistanceAgentNew,Hopper-v5,42
260000.0,3275.0931,SACDistanceAgentNew,Hopper-v5,42
265000.0,3283.1585,SACDistanceAgentNew,Hopper-v5,42
270000.0,3272.6918,SACDistanceAgentNew,Hopper-v5,42
275000.0,3286.6818,SACDistanceAgentNew,Hopper-v5,42
280000.0,3274.3923,SACDistanceAgentNew,Hopper-v5,42
285000.0,3253.2632,SACDistanceAgentNew,Hopper-v5,42
290000.0,3278.2659,SACDistanceAgentNew,Hopper-v5,42
295000.0,3274.2758,SACDistanceAgentNew,Hopper-v5,42
300000.0,3258.5428,SACDistanceAgentNew,Hopper-v5,42
305000.0,3278.4138,SACDistanceAgentNew,Hopper-v5,42
310000.0,3272.2427,SACDistanceAgentNew,Hopper-v5,42
315000.0,3296.0412,SACDistanceAgentNew,Hopper-v5,42
320000.0,3277.0877,SACDistanceAgentNew,Hopper-v5,42
325000.0,3286.2348,SACDistanceAgentNew,Hopper-v5,42
330000.0,3283.1629,SACDistanceAgentNew,Hopper-v5,42
335000.0,3242.1681,SACDistanceAgentNew,Hopper-v5,42
340000.0,3270.6537,SACDistanceAgentNew,Hopper-v5,42
345000.0,3288.928,SACDistanceAgentNew,Hopper-v5,42
350000.0,3279.3542,SACDistanceAgentNew,Hopper-v5,42
355000.0,3256.0299,SACDistanceAgentNew,Hopper-v5,42
360000.0,3285.4509,SACDistanceAgentNew,Hopper-v5,42
365000.0,3249.8574,SACDistanceAgentNew,Hopper-v5,42
370000.0,3290.5894,SACDistanceAgentNew,Hopper-v5,42
375000.0,3270.8855,SACDistanceAgentNew,Hopper-v5,42
380000.0,3266.4389,SACDistanceAgentNew,Hopper-v5,42
385000.0,3261.356,SACDistanceAgentNew,Hopper-v5,42
390000.0,3266.1132,SACDistanceAgentNew,Hopper-v5,42
395000.0,3267.0678,SACDistanceAgentNew,Hopper-v5,42
400000.0,3238.0262,SACDistanceAgentNew,Hopper-v5,42
405000.0,3285.5559,SACDistanceAgentNew,Hopper-v5,42
410000.0,3273.8483,SACDistanceAgentNew,Hopper-v5,42
415000.0,3278.4494,SACDistanceAgentNew,Hopper-v5,42
420000.0,3273.1626,SACDistanceAgentNew,Hopper-v5,42
425000.0,3283.2494,SACDistanceAgentNew,Hopper-v5,42
430000.0,3308.7275,SACDistanceAgentNew,Hopper-v5,42
435000.0,3273.3477,SACDistanceAgentNew,Hopper-v5,42
440000.0,3276.2985,SACDistanceAgentNew,Hopper-v5,42
445000.0,3285.1911,SACDistanceAgentNew,Hopper-v5,42
450000.0,3282.7622,SACDistanceAgentNew,Hopper-v5,42
455000.0,3244.5947,SACDistanceAgentNew,Hopper-v5,42
460000.0,3222.2181,SACDistanceAgentNew,Hopper-v5,42
465000.0,3280.1161,SACDistanceAgentNew,Hopper-v5,42
470000.0,3241.1164,SACDistanceAgentNew,Hopper-v5,42
475000.0,3263.2607,SACDistanceAgentNew,Hopper-v5,42
480000.0,3245.617,SACDistanceAgentNew,Hopper-v5,42
485000.0,3271.4432,SACDistanceAgentNew,Hopper-v5,42
490000.0,3248.5282,SACDistanceAgentNew,Hopper-v5,42
495000.0,3245.906,SACDistanceAgentNew,Hopper-v5,42
500000.0,3273.2368,SACDistanceAgentNew,Hopper-v5,42
505000.0,3263.7873,SACDistanceAgentNew,Hopper-v5,42
510000.0,3237.085,SACDistanceAgentNew,Hopper-v5,42
515000.0,3207.159,SACDistanceAgentNew,Hopper-v5,42
520000.0,3269.7286,SACDistanceAgentNew,Hopper-v5,42
525000.0,3104.5927,SACDistanceAgentNew,Hopper-v5,42
530000.0,3249.5962,SACDistanceAgentNew,Hopper-v5,42
535000.0,3226.354,SACDistanceAgentNew,Hopper-v5,42
540000.0,3242.7483,SACDistanceAgentNew,Hopper-v5,42
545000.0,3262.3962,SACDistanceAgentNew,Hopper-v5,42
550000.0,3272.0734,SACDistanceAgentNew,Hopper-v5,42
555000.0,3252.1861,SACDistanceAgentNew,Hopper-v5,42
560000.0,3290.3081,SACDistanceAgentNew,Hopper-v5,42
565000.0,3278.6379,SACDistanceAgentNew,Hopper-v5,42
570000.0,3286.0531,SACDistanceAgentNew,Hopper-v5,42
575000.0,3301.3599,SACDistanceAgentNew,Hopper-v5,42
580000.0,3279.811,SACDistanceAgentNew,Hopper-v5,42
585000.0,3265.8957,SACDistanceAgentNew,Hopper-v5,42
590000.0,3288.6451,SACDistanceAgentNew,Hopper-v5,42
595000.0,3289.778,SACDistanceAgentNew,Hopper-v5,42
600000.0,3312.7886,SACDistanceAgentNew,Hopper-v5,42
605000.0,3305.0039,SACDistanceAgentNew,Hopper-v5,42
610000.0,3250.8909,SACDistanceAgentNew,Hopper-v5,42
615000.0,3266.0125,SACDistanceAgentNew,Hopper-v5,42
620000.0,3285.7556,SACDistanceAgentNew,Hopper-v5,42
625000.0,3257.2114,SACDistanceAgentNew,Hopper-v5,42
630000.0,3274.936,SACDistanceAgentNew,Hopper-v5,42
635000.0,3287.6151,SACDistanceAgentNew,Hopper-v5,42
640000.0,3281.9765,SACDistanceAgentNew,Hopper-v5,42
645000.0,3302.4528,SACDistanceAgentNew,Hopper-v5,42
650000.0,3286.6975,SACDistanceAgentNew,Hopper-v5,42
655000.0,3294.2551,SACDistanceAgentNew,Hopper-v5,42
660000.0,3322.1658,SACDistanceAgentNew,Hopper-v5,42
665000.0,3344.8672,SACDistanceAgentNew,Hopper-v5,42
670000.0,3319.615,SACDistanceAgentNew,Hopper-v5,42
675000.0,3296.644,SACDistanceAgentNew,Hopper-v5,42
680000.0,3319.2904,SACDistanceAgentNew,Hopper-v5,42
685000.0,3322.5794,SACDistanceAgentNew,Hopper-v5,42
690000.0,3318.2429,SACDistanceAgentNew,Hopper-v5,42
695000.0,3285.8856,SACDistanceAgentNew,Hopper-v5,42
700000.0,1051.3063,SACDistanceAgentNew,Hopper-v5,42
705000.0,3323.2946,SACDistanceAgentNew,Hopper-v5,42
710000.0,3298.1692,SACDistanceAgentNew,Hopper-v5,42
715000.0,3343.1993,SACDistanceAgentNew,Hopper-v5,42
720000.0,3307.6224,SACDistanceAgentNew,Hopper-v5,42
725000.0,3290.5012,SACDistanceAgentNew,Hopper-v5,42
730000.0,3105.3005,SACDistanceAgentNew,Hopper-v5,42
735000.0,3321.2503,SACDistanceAgentNew,Hopper-v5,42
740000.0,3312.3234,SACDistanceAgentNew,Hopper-v5,42
745000.0,3300.0021,SACDistanceAgentNew,Hopper-v5,42
750000.0,3225.052,SACDistanceAgentNew,Hopper-v5,42
755000.0,3282.9698,SACDistanceAgentNew,Hopper-v5,42
760000.0,3280.0969,SACDistanceAgentNew,Hopper-v5,42
765000.0,3273.3232,SACDistanceAgentNew,Hopper-v5,42
770000.0,3275.4812,SACDistanceAgentNew,Hopper-v5,42
775000.0,3290.8075,SACDistanceAgentNew,Hopper-v5,42
780000.0,3319.8434,SACDistanceAgentNew,Hopper-v5,42
785000.0,3206.2025,SACDistanceAgentNew,Hopper-v5,42
790000.0,3026.6434,SACDistanceAgentNew,Hopper-v5,42
795000.0,3326.7156,SACDistanceAgentNew,Hopper-v5,42
800000.0,3322.5328,SACDistanceAgentNew,Hopper-v5,42
805000.0,3278.286,SACDistanceAgentNew,Hopper-v5,42
810000.0,3299.9517,SACDistanceAgentNew,Hopper-v5,42
815000.0,3318.6686,SACDistanceAgentNew,Hopper-v5,42
820000.0,3307.3875,SACDistanceAgentNew,Hopper-v5,42
825000.0,3223.2591,SACDistanceAgentNew,Hopper-v5,42
830000.0,3070.6311,SACDistanceAgentNew,Hopper-v5,42
835000.0,3291.4503,SACDistanceAgentNew,Hopper-v5,42
840000.0,3352.5424,SACDistanceAgentNew,Hopper-v5,42
845000.0,2796.6069,SACDistanceAgentNew,Hopper-v5,42
850000.0,3353.1318,SACDistanceAgentNew,Hopper-v5,42
855000.0,3206.4478,SACDistanceAgentNew,Hopper-v5,42
860000.0,1094.3827,SACDistanceAgentNew,Hopper-v5,42
865000.0,2481.417,SACDistanceAgentNew,Hopper-v5,42
870000.0,3348.1123,SACDistanceAgentNew,Hopper-v5,42
875000.0,3343.6601,SACDistanceAgentNew,Hopper-v5,42
880000.0,1368.1445,SACDistanceAgentNew,Hopper-v5,42
885000.0,1845.0306,SACDistanceAgentNew,Hopper-v5,42
890000.0,1412.9078,SACDistanceAgentNew,Hopper-v5,42
895000.0,1355.4005,SACDistanceAgentNew,Hopper-v5,42
900000.0,1629.7817,SACDistanceAgentNew,Hopper-v5,42
905000.0,3211.2053,SACDistanceAgentNew,Hopper-v5,42
910000.0,2901.2182,SACDistanceAgentNew,Hopper-v5,42
915000.0,1924.518,SACDistanceAgentNew,Hopper-v5,42
920000.0,3231.2475,SACDistanceAgentNew,Hopper-v5,42
925000.0,2445.5314,SACDistanceAgentNew,Hopper-v5,42
930000.0,2357.7372,SACDistanceAgentNew,Hopper-v5,42
935000.0,1464.3615,SACDistanceAgentNew,Hopper-v5,42
940000.0,1301.1476,SACDistanceAgentNew,Hopper-v5,42
945000.0,1687.8256,SACDistanceAgentNew,Hopper-v5,42
950000.0,2245.3043,SACDistanceAgentNew,Hopper-v5,42
955000.0,1661.7499,SACDistanceAgentNew,Hopper-v5,42
960000.0,1302.5931,SACDistanceAgentNew,Hopper-v5,42
965000.0,2366.2983,SACDistanceAgentNew,Hopper-v5,42
970000.0,2360.6452,SACDistanceAgentNew,Hopper-v5,42
975000.0,1285.4459,SACDistanceAgentNew,Hopper-v5,42
980000.0,1390.0676,SACDistanceAgentNew,Hopper-v5,42
985000.0,1325.6465,SACDistanceAgentNew,Hopper-v5,42
990000.0,2154.9342,SACDistanceAgentNew,Hopper-v5,42
995000.0,1609.7556,SACDistanceAgentNew,Hopper-v5,42
1000000.0,3337.9592,SACDistanceAgentNew,Hopper-v5,42
1005000.0,1418.8663,SACDistanceAgentNew,Hopper-v5,42
1010000.0,3216.2242,SACDistanceAgentNew,Hopper-v5,42
1015000.0,3367.6864,SACDistanceAgentNew,Hopper-v5,42
1020000.0,1314.7848,SACDistanceAgentNew,Hopper-v5,42
1025000.0,1287.4831,SACDistanceAgentNew,Hopper-v5,42
1030000.0,3003.6563,SACDistanceAgentNew,Hopper-v5,42
1035000.0,1303.3731,SACDistanceAgentNew,Hopper-v5,42
1040000.0,3340.1746,SACDistanceAgentNew,Hopper-v5,42
1045000.0,3342.9725,SACDistanceAgentNew,Hopper-v5,42
1050000.0,1410.9797,SACDistanceAgentNew,Hopper-v5,42
1055000.0,1315.5148,SACDistanceAgentNew,Hopper-v5,42
1060000.0,3370.3992,SACDistanceAgentNew,Hopper-v5,42
1065000.0,2078.0399,SACDistanceAgentNew,Hopper-v5,42
1070000.0,3346.3203,SACDistanceAgentNew,Hopper-v5,42
1075000.0,1522.2931,SACDistanceAgentNew,Hopper-v5,42
1080000.0,1817.8265,SACDistanceAgentNew,Hopper-v5,42
1085000.0,3347.9433,SACDistanceAgentNew,Hopper-v5,42
1090000.0,1372.5059,SACDistanceAgentNew,Hopper-v5,42
1095000.0,3338.6349,SACDistanceAgentNew,Hopper-v5,42
1100000.0,3376.3007,SACDistanceAgentNew,Hopper-v5,42
1105000.0,2857.2466,SACDistanceAgentNew,Hopper-v5,42
1110000.0,3365.1215,SACDistanceAgentNew,Hopper-v5,42
1115000.0,2420.5424,SACDistanceAgentNew,Hopper-v5,42
1120000.0,1124.448,SACDistanceAgentNew,Hopper-v5,42
1125000.0,3162.6912,SACDistanceAgentNew,Hopper-v5,42
1130000.0,1471.8554,SACDistanceAgentNew,Hopper-v5,42
1135000.0,2332.3537,SACDistanceAgentNew,Hopper-v5,42
1140000.0,2153.0323,SACDistanceAgentNew,Hopper-v5,42
1145000.0,2142.542,SACDistanceAgentNew,Hopper-v5,42
1150000.0,1514.9855,SACDistanceAgentNew,Hopper-v5,42
1155000.0,3024.5415,SACDistanceAgentNew,Hopper-v5,42
1160000.0,3333.3959,SACDistanceAgentNew,Hopper-v5,42
5000.0,89.1749,SACDistanceAgentNew,Hopper-v5,32
10000.0,202.5615,SACDistanceAgentNew,Hopper-v5,32
15000.0,298.4535,SACDistanceAgentNew,Hopper-v5,32
20000.0,318.9351,SACDistanceAgentNew,Hopper-v5,32
25000.0,345.0257,SACDistanceAgentNew,Hopper-v5,32
30000.0,451.2151,SACDistanceAgentNew,Hopper-v5,32
35000.0,699.8147,SACDistanceAgentNew,Hopper-v5,32
40000.0,565.1236,SACDistanceAgentNew,Hopper-v5,32
45000.0,722.945,SACDistanceAgentNew,Hopper-v5,32
50000.0,1078.4068,SACDistanceAgentNew,Hopper-v5,32
55000.0,1030.4627,SACDistanceAgentNew,Hopper-v5,32
60000.0,2570.4211,SACDistanceAgentNew,Hopper-v5,32
65000.0,3026.9498,SACDistanceAgentNew,Hopper-v5,32
70000.0,996.8856,SACDistanceAgentNew,Hopper-v5,32
75000.0,2711.7894,SACDistanceAgentNew,Hopper-v5,32
80000.0,1964.6783,SACDistanceAgentNew,Hopper-v5,32
85000.0,974.1745,SACDistanceAgentNew,Hopper-v5,32
90000.0,1031.4049,SACDistanceAgentNew,Hopper-v5,32
95000.0,1231.2944,SACDistanceAgentNew,Hopper-v5,32
100000.0,1294.2913,SACDistanceAgentNew,Hopper-v5,32
105000.0,948.5238,SACDistanceAgentNew,Hopper-v5,32
110000.0,1100.7316,SACDistanceAgentNew,Hopper-v5,32
115000.0,829.4238,SACDistanceAgentNew,Hopper-v5,32
120000.0,921.8906,SACDistanceAgentNew,Hopper-v5,32
125000.0,983.7418,SACDistanceAgentNew,Hopper-v5,32
130000.0,971.9224,SACDistanceAgentNew,Hopper-v5,32
135000.0,955.9187,SACDistanceAgentNew,Hopper-v5,32
140000.0,965.2429,SACDistanceAgentNew,Hopper-v5,32
145000.0,892.0309,SACDistanceAgentNew,Hopper-v5,32
150000.0,1008.1432,SACDistanceAgentNew,Hopper-v5,32
155000.0,1156.5464,SACDistanceAgentNew,Hopper-v5,32
160000.0,2876.3697,SACDistanceAgentNew,Hopper-v5,32
165000.0,3258.5374,SACDistanceAgentNew,Hopper-v5,32
170000.0,3254.2967,SACDistanceAgentNew,Hopper-v5,32
175000.0,3228.9678,SACDistanceAgentNew,Hopper-v5,32
180000.0,3248.169,SACDistanceAgentNew,Hopper-v5,32
185000.0,3271.5376,SACDistanceAgentNew,Hopper-v5,32
190000.0,3226.1311,SACDistanceAgentNew,Hopper-v5,32
195000.0,3220.3007,SACDistanceAgentNew,Hopper-v5,32
200000.0,1021.1435,SACDistanceAgentNew,Hopper-v5,32
205000.0,1022.442,SACDistanceAgentNew,Hopper-v5,32
210000.0,2327.3907,SACDistanceAgentNew,Hopper-v5,32
215000.0,3248.9935,SACDistanceAgentNew,Hopper-v5,32
220000.0,3293.8034,SACDistanceAgentNew,Hopper-v5,32
225000.0,3368.9122,SACDistanceAgentNew,Hopper-v5,32
230000.0,3367.4558,SACDistanceAgentNew,Hopper-v5,32
235000.0,3275.9957,SACDistanceAgentNew,Hopper-v5,32
240000.0,3436.6193,SACDistanceAgentNew,Hopper-v5,32
245000.0,3419.6063,SACDistanceAgentNew,Hopper-v5,32
250000.0,3416.4655,SACDistanceAgentNew,Hopper-v5,32
255000.0,3421.4419,SACDistanceAgentNew,Hopper-v5,32
260000.0,1044.124,SACDistanceAgentNew,Hopper-v5,32
265000.0,3427.8375,SACDistanceAgentNew,Hopper-v5,32
270000.0,3456.0567,SACDistanceAgentNew,Hopper-v5,32
275000.0,3471.0464,SACDistanceAgentNew,Hopper-v5,32
280000.0,2854.9882,SACDistanceAgentNew,Hopper-v5,32
285000.0,3471.6468,SACDistanceAgentNew,Hopper-v5,32
290000.0,3484.6847,SACDistanceAgentNew,Hopper-v5,32
295000.0,3034.8638,SACDistanceAgentNew,Hopper-v5,32
300000.0,3492.6939,SACDistanceAgentNew,Hopper-v5,32
305000.0,3480.0385,SACDistanceAgentNew,Hopper-v5,32
310000.0,3495.6964,SACDistanceAgentNew,Hopper-v5,32
315000.0,2294.8502,SACDistanceAgentNew,Hopper-v5,32
320000.0,3506.7069,SACDistanceAgentNew,Hopper-v5,32
325000.0,3202.767,SACDistanceAgentNew,Hopper-v5,32
330000.0,1534.6336,SACDistanceAgentNew,Hopper-v5,32
335000.0,2880.0793,SACDistanceAgentNew,Hopper-v5,32
340000.0,1329.6731,SACDistanceAgentNew,Hopper-v5,32
345000.0,1560.8682,SACDistanceAgentNew,Hopper-v5,32
350000.0,1358.938,SACDistanceAgentNew,Hopper-v5,32
355000.0,1631.7119,SACDistanceAgentNew,Hopper-v5,32
360000.0,1711.0381,SACDistanceAgentNew,Hopper-v5,32
365000.0,2103.5607,SACDistanceAgentNew,Hopper-v5,32
370000.0,1927.1804,SACDistanceAgentNew,Hopper-v5,32
375000.0,2115.1311,SACDistanceAgentNew,Hopper-v5,32
380000.0,1332.4919,SACDistanceAgentNew,Hopper-v5,32
385000.0,1851.937,SACDistanceAgentNew,Hopper-v5,32
390000.0,3030.5135,SACDistanceAgentNew,Hopper-v5,32
395000.0,1469.5168,SACDistanceAgentNew,Hopper-v5,32
400000.0,1681.2262,SACDistanceAgentNew,Hopper-v5,32
405000.0,1306.0162,SACDistanceAgentNew,Hopper-v5,32
410000.0,1458.3841,SACDistanceAgentNew,Hopper-v5,32
415000.0,1647.3587,SACDistanceAgentNew,Hopper-v5,32
420000.0,1408.4558,SACDistanceAgentNew,Hopper-v5,32
425000.0,2373.1848,SACDistanceAgentNew,Hopper-v5,32
430000.0,1878.4307,SACDistanceAgentNew,Hopper-v5,32
435000.0,1665.2426,SACDistanceAgentNew,Hopper-v5,32
440000.0,1983.0857,SACDistanceAgentNew,Hopper-v5,32
445000.0,2337.0503,SACDistanceAgentNew,Hopper-v5,32
450000.0,2355.4381,SACDistanceAgentNew,Hopper-v5,32
455000.0,1343.7178,SACDistanceAgentNew,Hopper-v5,32
460000.0,1415.2994,SACDistanceAgentNew,Hopper-v5,32
465000.0,1848.5929,SACDistanceAgentNew,Hopper-v5,32
470000.0,1756.6369,SACDistanceAgentNew,Hopper-v5,32
475000.0,1999.8627,SACDistanceAgentNew,Hopper-v5,32
480000.0,1965.0129,SACDistanceAgentNew,Hopper-v5,32
485000.0,1922.6259,SACDistanceAgentNew,Hopper-v5,32
490000.0,2076.3309,SACDistanceAgentNew,Hopper-v5,32
495000.0,1931.119,SACDistanceAgentNew,Hopper-v5,32
500000.0,1962.5749,SACDistanceAgentNew,Hopper-v5,32
505000.0,1884.1054,SACDistanceAgentNew,Hopper-v5,32
510000.0,2063.7717,SACDistanceAgentNew,Hopper-v5,32
515000.0,2159.5353,SACDistanceAgentNew,Hopper-v5,32
520000.0,1986.4848,SACDistanceAgentNew,Hopper-v5,32
525000.0,1384.4278,SACDistanceAgentNew,Hopper-v5,32
530000.0,2293.8869,SACDistanceAgentNew,Hopper-v5,32
535000.0,2196.063,SACDistanceAgentNew,Hopper-v5,32
540000.0,2201.0404,SACDistanceAgentNew,Hopper-v5,32
545000.0,1568.4181,SACDistanceAgentNew,Hopper-v5,32
550000.0,1911.7135,SACDistanceAgentNew,Hopper-v5,32
555000.0,2057.855,SACDistanceAgentNew,Hopper-v5,32
560000.0,2145.1018,SACDistanceAgentNew,Hopper-v5,32
565000.0,1484.7628,SACDistanceAgentNew,Hopper-v5,32
570000.0,1775.5031,SACDistanceAgentNew,Hopper-v5,32
575000.0,2073.2859,SACDistanceAgentNew,Hopper-v5,32
580000.0,1396.6685,SACDistanceAgentNew,Hopper-v5,32
585000.0,1891.1556,SACDistanceAgentNew,Hopper-v5,32
590000.0,1923.7911,SACDistanceAgentNew,Hopper-v5,32
595000.0,1938.0635,SACDistanceAgentNew,Hopper-v5,32
600000.0,2769.5782,SACDistanceAgentNew,Hopper-v5,32
605000.0,2278.1238,SACDistanceAgentNew,Hopper-v5,32
610000.0,2087.5496,SACDistanceAgentNew,Hopper-v5,32
615000.0,3539.5114,SACDistanceAgentNew,Hopper-v5,32
620000.0,3128.4985,SACDistanceAgentNew,Hopper-v5,32
625000.0,2139.5118,SACDistanceAgentNew,Hopper-v5,32
630000.0,2484.6951,SACDistanceAgentNew,Hopper-v5,32
635000.0,2957.0049,SACDistanceAgentNew,Hopper-v5,32
640000.0,3346.9213,SACDistanceAgentNew,Hopper-v5,32
645000.0,3009.5616,SACDistanceAgentNew,Hopper-v5,32
650000.0,3307.9454,SACDistanceAgentNew,Hopper-v5,32
655000.0,3043.2969,SACDistanceAgentNew,Hopper-v5,32
660000.0,1274.2748,SACDistanceAgentNew,Hopper-v5,32
665000.0,3038.886,SACDistanceAgentNew,Hopper-v5,32
670000.0,2911.374,SACDistanceAgentNew,Hopper-v5,32
675000.0,2158.6973,SACDistanceAgentNew,Hopper-v5,32
680000.0,1777.0174,SACDistanceAgentNew,Hopper-v5,32
685000.0,2556.041,SACDistanceAgentNew,Hopper-v5,32
690000.0,2033.3432,SACDistanceAgentNew,Hopper-v5,32
695000.0,3547.2341,SACDistanceAgentNew,Hopper-v5,32
700000.0,2987.4065,SACDistanceAgentNew,Hopper-v5,32
705000.0,2931.576,SACDistanceAgentNew,Hopper-v5,32
710000.0,2924.5328,SACDistanceAgentNew,Hopper-v5,32
715000.0,3325.6468,SACDistanceAgentNew,Hopper-v5,32
720000.0,3438.4602,SACDistanceAgentNew,Hopper-v5,32
725000.0,3571.518,SACDistanceAgentNew,Hopper-v5,32
730000.0,3556.4353,SACDistanceAgentNew,Hopper-v5,32
735000.0,3574.8096,SACDistanceAgentNew,Hopper-v5,32
740000.0,3558.2734,SACDistanceAgentNew,Hopper-v5,32
745000.0,3428.2854,SACDistanceAgentNew,Hopper-v5,32
750000.0,3553.8305,SACDistanceAgentNew,Hopper-v5,32
755000.0,2409.8791,SACDistanceAgentNew,Hopper-v5,32
760000.0,3558.8058,SACDistanceAgentNew,Hopper-v5,32
765000.0,3419.2371,SACDistanceAgentNew,Hopper-v5,32
770000.0,3567.584,SACDistanceAgentNew,Hopper-v5,32
775000.0,3575.1698,SACDistanceAgentNew,Hopper-v5,32
780000.0,3548.664,SACDistanceAgentNew,Hopper-v5,32
785000.0,3239.7971,SACDistanceAgentNew,Hopper-v5,32
790000.0,3552.0793,SACDistanceAgentNew,Hopper-v5,32
795000.0,3098.7023,SACDistanceAgentNew,Hopper-v5,32
800000.0,3572.3254,SACDistanceAgentNew,Hopper-v5,32
805000.0,3367.6856,SACDistanceAgentNew,Hopper-v5,32
810000.0,3422.5189,SACDistanceAgentNew,Hopper-v5,32
815000.0,3578.9257,SACDistanceAgentNew,Hopper-v5,32
820000.0,3421.5114,SACDistanceAgentNew,Hopper-v5,32
825000.0,3585.107,SACDistanceAgentNew,Hopper-v5,32
830000.0,2668.9058,SACDistanceAgentNew,Hopper-v5,32
835000.0,2969.9711,SACDistanceAgentNew,Hopper-v5,32
840000.0,3461.284,SACDistanceAgentNew,Hopper-v5,32
845000.0,2910.5138,SACDistanceAgentNew,Hopper-v5,32
850000.0,3304.5976,SACDistanceAgentNew,Hopper-v5,32
855000.0,3553.522,SACDistanceAgentNew,Hopper-v5,32
860000.0,3571.2237,SACDistanceAgentNew,Hopper-v5,32
865000.0,3276.7526,SACDistanceAgentNew,Hopper-v5,32
870000.0,2256.2513,SACDistanceAgentNew,Hopper-v5,32
875000.0,2401.954,SACDistanceAgentNew,Hopper-v5,32
880000.0,2958.1055,SACDistanceAgentNew,Hopper-v5,32
885000.0,3501.8259,SACDistanceAgentNew,Hopper-v5,32
890000.0,3476.0412,SACDistanceAgentNew,Hopper-v5,32
895000.0,2293.9581,SACDistanceAgentNew,Hopper-v5,32
900000.0,2729.3303,SACDistanceAgentNew,Hopper-v5,32
905000.0,2474.1533,SACDistanceAgentNew,Hopper-v5,32
910000.0,2907.1706,SACDistanceAgentNew,Hopper-v5,32
915000.0,3306.13,SACDistanceAgentNew,Hopper-v5,32
920000.0,3487.6053,SACDistanceAgentNew,Hopper-v5,32
925000.0,3180.7796,SACDistanceAgentNew,Hopper-v5,32
930000.0,2394.8942,SACDistanceAgentNew,Hopper-v5,32
935000.0,3572.9665,SACDistanceAgentNew,Hopper-v5,32
940000.0,3022.389,SACDistanceAgentNew,Hopper-v5,32
945000.0,2658.6295,SACDistanceAgentNew,Hopper-v5,32
950000.0,3379.0952,SACDistanceAgentNew,Hopper-v5,32
955000.0,3016.0557,SACDistanceAgentNew,Hopper-v5,32
960000.0,2920.173,SACDistanceAgentNew,Hopper-v5,32
965000.0,3205.2551,SACDistanceAgentNew,Hopper-v5,32
970000.0,3062.3481,SACDistanceAgentNew,Hopper-v5,32
975000.0,3031.6437,SACDistanceAgentNew,Hopper-v5,32
980000.0,2757.6395,SACDistanceAgentNew,Hopper-v5,32
985000.0,3557.3388,SACDistanceAgentNew,Hopper-v5,32
990000.0,3545.2138,SACDistanceAgentNew,Hopper-v5,32
995000.0,1566.5756,SACDistanceAgentNew,Hopper-v5,32
1000000.0,2767.8665,SACDistanceAgentNew,Hopper-v5,32
1005000.0,3198.6426,SACDistanceAgentNew,Hopper-v5,32
1010000.0,3536.6922,SACDistanceAgentNew,Hopper-v5,32
1015000.0,2353.7461,SACDistanceAgentNew,Hopper-v5,32
1020000.0,1573.9801,SACDistanceAgentNew,Hopper-v5,32
1025000.0,1680.8364,SACDistanceAgentNew,Hopper-v5,32
1030000.0,3112.1992,SACDistanceAgentNew,Hopper-v5,32
1035000.0,1917.7616,SACDistanceAgentNew,Hopper-v5,32
1040000.0,2796.4435,SACDistanceAgentNew,Hopper-v5,32
1045000.0,2612.3479,SACDistanceAgentNew,Hopper-v5,32
1050000.0,1690.1479,SACDistanceAgentNew,Hopper-v5,32
1055000.0,2658.1237,SACDistanceAgentNew,Hopper-v5,32
1060000.0,2399.4423,SACDistanceAgentNew,Hopper-v5,32
1065000.0,3574.8836,SACDistanceAgentNew,Hopper-v5,32
1070000.0,3572.9616,SACDistanceAgentNew,Hopper-v5,32
1075000.0,3603.05,SACDistanceAgentNew,Hopper-v5,32
1080000.0,3055.1177,SACDistanceAgentNew,Hopper-v5,32
1085000.0,3603.507,SACDistanceAgentNew,Hopper-v5,32
1090000.0,3049.4577,SACDistanceAgentNew,Hopper-v5,32
1095000.0,2715.7501,SACDistanceAgentNew,Hopper-v5,32
1100000.0,3245.0848,SACDistanceAgentNew,Hopper-v5,32
1105000.0,3186.1453,SACDistanceAgentNew,Hopper-v5,32
1110000.0,1907.5318,SACDistanceAgentNew,Hopper-v5,32
1115000.0,2103.3227,SACDistanceAgentNew,Hopper-v5,32
1120000.0,1632.3809,SACDistanceAgentNew,Hopper-v5,32
1125000.0,3124.9366,SACDistanceAgentNew,Hopper-v5,32
1130000.0,2946.7564,SACDistanceAgentNew,Hopper-v5,32
1135000.0,3582.5169,SACDistanceAgentNew,Hopper-v5,32
1140000.0,2042.9975,SACDistanceAgentNew,Hopper-v5,32
1145000.0,3415.6442,SACDistanceAgentNew,Hopper-v5,32
1150000.0,3246.3693,SACDistanceAgentNew,Hopper-v5,32
1155000.0,2268.5158,SACDistanceAgentNew,Hopper-v5,32
1160000.0,2647.2649,SACDistanceAgentNew,Hopper-v5,32
1165000.0,3511.7521,SACDistanceAgentNew,Hopper-v5,32
1170000.0,3118.7163,SACDistanceAgentNew,Hopper-v5,32
5000.0,89.4363,SACDistanceAgentNew,InvertedDoublePendulum-v5,32
10000.0,403.1451,SACDistanceAgentNew,InvertedDoublePendulum-v5,32
15000.0,1363.4811,SACDistanceAgentNew,InvertedDoublePendulum-v5,32
20000.0,9359.8267,SACDistanceAgentNew,InvertedDoublePendulum-v5,32
25000.0,9359.7914,SACDistanceAgentNew,InvertedDoublePendulum-v5,32
30000.0,9359.8136,SACDistanceAgentNew,InvertedDoublePendulum-v5,32
35000.0,9359.9024,SACDistanceAgentNew,InvertedDoublePendulum-v5,32
40000.0,9359.8082,SACDistanceAgentNew,InvertedDoublePendulum-v5,32
45000.0,9359.8288,SACDistanceAgentNew,InvertedDoublePendulum-v5,32
50000.0,9359.8477,SACDistanceAgentNew,InvertedDoublePendulum-v5,32
55000.0,9359.0066,SACDistanceAgentNew,InvertedDoublePendulum-v5,32
60000.0,8436.9897,SACDistanceAgentNew,InvertedDoublePendulum-v5,32
65000.0,9357.0302,SACDistanceAgentNew,InvertedDoublePendulum-v5,32
70000.0,8456.8014,SACDistanceAgentNew,InvertedDoublePendulum-v5,32
75000.0,9358.5407,SACDistanceAgentNew,InvertedDoublePendulum-v5,32
80000.0,9357.2298,SACDistanceAgentNew,InvertedDoublePendulum-v5,32
85000.0,9343.2467,SACDistanceAgentNew,InvertedDoublePendulum-v5,32
90000.0,9341.6361,SACDistanceAgentNew,InvertedDoublePendulum-v5,32
95000.0,9356.5705,SACDistanceAgentNew,InvertedDoublePendulum-v5,32
100000.0,9357.6246,SACDistanceAgentNew,InvertedDoublePendulum-v5,32
105000.0,9357.5374,SACDistanceAgentNew,InvertedDoublePendulum-v5,32
110000.0,9358.4566,SACDistanceAgentNew,InvertedDoublePendulum-v5,32
115000.0,9359.1766,SACDistanceAgentNew,InvertedDoublePendulum-v5,32
120000.0,9358.5544,SACDistanceAgentNew,InvertedDoublePendulum-v5,32
125000.0,9351.6807,SACDistanceAgentNew,InvertedDoublePendulum-v5,32
130000.0,9359.7042,SACDistanceAgentNew,InvertedDoublePendulum-v5,32
135000.0,9356.3876,SACDistanceAgentNew,InvertedDoublePendulum-v5,32
140000.0,9359.6698,SACDistanceAgentNew,InvertedDoublePendulum-v5,32
145000.0,9359.5089,SACDistanceAgentNew,InvertedDoublePendulum-v5,32
150000.0,9359.7624,SACDistanceAgentNew,InvertedDoublePendulum-v5,32
155000.0,9359.7216,SACDistanceAgentNew,InvertedDoublePendulum-v5,32
160000.0,9359.5676,SACDistanceAgentNew,InvertedDoublePendulum-v5,32
165000.0,9359.6275,SACDistanceAgentNew,InvertedDoublePendulum-v5,32
170000.0,9359.7302,SACDistanceAgentNew,InvertedDoublePendulum-v5,32
175000.0,9359.7288,SACDistanceAgentNew,InvertedDoublePendulum-v5,32
180000.0,9348.1768,SACDistanceAgentNew,InvertedDoublePendulum-v5,32
185000.0,9359.7635,SACDistanceAgentNew,InvertedDoublePendulum-v5,32
190000.0,9359.6348,SACDistanceAgentNew,InvertedDoublePendulum-v5,32
195000.0,9359.6887,SACDistanceAgentNew,InvertedDoublePendulum-v5,32
200000.0,9359.5109,SACDistanceAgentNew,InvertedDoublePendulum-v5,32
205000.0,9359.6245,SACDistanceAgentNew,InvertedDoublePendulum-v5,32
210000.0,9358.9299,SACDistanceAgentNew,InvertedDoublePendulum-v5,32
215000.0,9359.6856,SACDistanceAgentNew,InvertedDoublePendulum-v5,32
220000.0,9359.5884,SACDistanceAgentNew,InvertedDoublePendulum-v5,32
225000.0,9359.5804,SACDistanceAgentNew,InvertedDoublePendulum-v5,32
230000.0,9359.0068,SACDistanceAgentNew,InvertedDoublePendulum-v5,32
235000.0,9358.3081,SACDistanceAgentNew,InvertedDoublePendulum-v5,32
240000.0,9343.6948,SACDistanceAgentNew,InvertedDoublePendulum-v5,32
245000.0,9359.6979,SACDistanceAgentNew,InvertedDoublePendulum-v5,32
250000.0,9359.6423,SACDistanceAgentNew,InvertedDoublePendulum-v5,32
255000.0,9359.721,SACDistanceAgentNew,InvertedDoublePendulum-v5,32
260000.0,9345.9993,SACDistanceAgentNew,InvertedDoublePendulum-v5,32
265000.0,9359.7464,SACDistanceAgentNew,InvertedDoublePendulum-v5,32
270000.0,9347.7552,SACDistanceAgentNew,InvertedDoublePendulum-v5,32
275000.0,9359.6431,SACDistanceAgentNew,InvertedDoublePendulum-v5,32
280000.0,9359.5855,SACDistanceAgentNew,InvertedDoublePendulum-v5,32
285000.0,9359.6207,SACDistanceAgentNew,InvertedDoublePendulum-v5,32
290000.0,9359.3678,SACDistanceAgentNew,InvertedDoublePendulum-v5,32
295000.0,9359.2939,SACDistanceAgentNew,InvertedDoublePendulum-v5,32
300000.0,9359.4711,SACDistanceAgentNew,InvertedDoublePendulum-v5,32
305000.0,9358.5843,SACDistanceAgentNew,InvertedDoublePendulum-v5,32
310000.0,9359.5622,SACDistanceAgentNew,InvertedDoublePendulum-v5,32
315000.0,9359.7245,SACDistanceAgentNew,InvertedDoublePendulum-v5,32
320000.0,9359.6439,SACDistanceAgentNew,InvertedDoublePendulum-v5,32
325000.0,9359.6533,SACDistanceAgentNew,InvertedDoublePendulum-v5,32
330000.0,9354.9536,SACDistanceAgentNew,InvertedDoublePendulum-v5,32
335000.0,9351.8938,SACDistanceAgentNew,InvertedDoublePendulum-v5,32
340000.0,9354.563,SACDistanceAgentNew,InvertedDoublePendulum-v5,32
345000.0,9350.6385,SACDistanceAgentNew,InvertedDoublePendulum-v5,32
350000.0,9348.6282,SACDistanceAgentNew,InvertedDoublePendulum-v5,32
355000.0,9350.9691,SACDistanceAgentNew,InvertedDoublePendulum-v5,32
360000.0,9342.1401,SACDistanceAgentNew,InvertedDoublePendulum-v5,32
365000.0,9345.2249,SACDistanceAgentNew,InvertedDoublePendulum-v5,32
370000.0,9359.5249,SACDistanceAgentNew,InvertedDoublePendulum-v5,32
375000.0,9352.2079,SACDistanceAgentNew,InvertedDoublePendulum-v5,32
380000.0,9358.5988,SACDistanceAgentNew,InvertedDoublePendulum-v5,32
385000.0,9331.5914,SACDistanceAgentNew,InvertedDoublePendulum-v5,32
390000.0,9349.0143,SACDistanceAgentNew,InvertedDoublePendulum-v5,32
395000.0,9349.1882,SACDistanceAgentNew,InvertedDoublePendulum-v5,32
400000.0,9337.4001,SACDistanceAgentNew,InvertedDoublePendulum-v5,32
405000.0,9335.4763,SACDistanceAgentNew,InvertedDoublePendulum-v5,32
410000.0,9347.9742,SACDistanceAgentNew,InvertedDoublePendulum-v5,32
415000.0,9345.1487,SACDistanceAgentNew,InvertedDoublePendulum-v5,32
420000.0,9342.774,SACDistanceAgentNew,InvertedDoublePendulum-v5,32
425000.0,9341.8049,SACDistanceAgentNew,InvertedDoublePendulum-v5,32
430000.0,9352.4293,SACDistanceAgentNew,InvertedDoublePendulum-v5,32
435000.0,9341.1527,SACDistanceAgentNew,InvertedDoublePendulum-v5,32
440000.0,9347.0679,SACDistanceAgentNew,InvertedDoublePendulum-v5,32
445000.0,9343.7216,SACDistanceAgentNew,InvertedDoublePendulum-v5,32
450000.0,9345.9236,SACDistanceAgentNew,InvertedDoublePendulum-v5,32
455000.0,9350.1076,SACDistanceAgentNew,InvertedDoublePendulum-v5,32
460000.0,9334.2084,SACDistanceAgentNew,InvertedDoublePendulum-v5,32
465000.0,9354.2907,SACDistanceAgentNew,InvertedDoublePendulum-v5,32
470000.0,9343.9211,SACDistanceAgentNew,InvertedDoublePendulum-v5,32
475000.0,9347.1584,SACDistanceAgentNew,InvertedDoublePendulum-v5,32
480000.0,9336.4261,SACDistanceAgentNew,InvertedDoublePendulum-v5,32
485000.0,9348.3375,SACDistanceAgentNew,InvertedDoublePendulum-v5,32
490000.0,9341.9641,SACDistanceAgentNew,InvertedDoublePendulum-v5,32
495000.0,9347.3587,SACDistanceAgentNew,InvertedDoublePendulum-v5,32
500000.0,9346.8448,SACDistanceAgentNew,InvertedDoublePendulum-v5,32
505000.0,9322.9944,SACDistanceAgentNew,InvertedDoublePendulum-v5,32
510000.0,9338.4289,SACDistanceAgentNew,InvertedDoublePendulum-v5,32
515000.0,9348.2103,SACDistanceAgentNew,InvertedDoublePendulum-v5,32
520000.0,9346.3441,SACDistanceAgentNew,InvertedDoublePendulum-v5,32
525000.0,9312.155,SACDistanceAgentNew,InvertedDoublePendulum-v5,32
530000.0,9341.3853,SACDistanceAgentNew,InvertedDoublePendulum-v5,32
535000.0,9334.4061,SACDistanceAgentNew,InvertedDoublePendulum-v5,32
540000.0,9331.044,SACDistanceAgentNew,InvertedDoublePendulum-v5,32
545000.0,9334.3817,SACDistanceAgentNew,InvertedDoublePendulum-v5,32
550000.0,9344.2708,SACDistanceAgentNew,InvertedDoublePendulum-v5,32
555000.0,9327.7959,SACDistanceAgentNew,InvertedDoublePendulum-v5,32
560000.0,9340.0339,SACDistanceAgentNew,InvertedDoublePendulum-v5,32
565000.0,8437.6047,SACDistanceAgentNew,InvertedDoublePendulum-v5,32
570000.0,9342.6942,SACDistanceAgentNew,InvertedDoublePendulum-v5,32
575000.0,9343.9969,SACDistanceAgentNew,InvertedDoublePendulum-v5,32
580000.0,9356.5888,SACDistanceAgentNew,InvertedDoublePendulum-v5,32
585000.0,8415.7309,SACDistanceAgentNew,InvertedDoublePendulum-v5,32
590000.0,9344.9269,SACDistanceAgentNew,InvertedDoublePendulum-v5,32
595000.0,9341.948,SACDistanceAgentNew,InvertedDoublePendulum-v5,32
600000.0,9345.7575,SACDistanceAgentNew,InvertedDoublePendulum-v5,32
605000.0,9348.2049,SACDistanceAgentNew,InvertedDoublePendulum-v5,32
610000.0,9343.7865,SACDistanceAgentNew,InvertedDoublePendulum-v5,32
615000.0,9341.0111,SACDistanceAgentNew,InvertedDoublePendulum-v5,32
620000.0,9337.8601,SACDistanceAgentNew,InvertedDoublePendulum-v5,32
625000.0,8432.8078,SACDistanceAgentNew,InvertedDoublePendulum-v5,32
630000.0,8437.7238,SACDistanceAgentNew,InvertedDoublePendulum-v5,32
635000.0,9349.8099,SACDistanceAgentNew,InvertedDoublePendulum-v5,32
640000.0,9351.3568,SACDistanceAgentNew,InvertedDoublePendulum-v5,32
645000.0,8423.121,SACDistanceAgentNew,InvertedDoublePendulum-v5,32
650000.0,9347.9036,SACDistanceAgentNew,InvertedDoublePendulum-v5,32
655000.0,8422.0116,SACDistanceAgentNew,InvertedDoublePendulum-v5,32
660000.0,8426.9051,SACDistanceAgentNew,InvertedDoublePendulum-v5,32
665000.0,9342.7332,SACDistanceAgentNew,InvertedDoublePendulum-v5,32
670000.0,8424.1817,SACDistanceAgentNew,InvertedDoublePendulum-v5,32
675000.0,9338.7155,SACDistanceAgentNew,InvertedDoublePendulum-v5,32
680000.0,9329.6645,SACDistanceAgentNew,InvertedDoublePendulum-v5,32
685000.0,8413.4233,SACDistanceAgentNew,InvertedDoublePendulum-v5,32
690000.0,9339.6077,SACDistanceAgentNew,InvertedDoublePendulum-v5,32
695000.0,9348.4491,SACDistanceAgentNew,InvertedDoublePendulum-v5,32
700000.0,8415.4545,SACDistanceAgentNew,InvertedDoublePendulum-v5,32
705000.0,9349.6705,SACDistanceAgentNew,InvertedDoublePendulum-v5,32
710000.0,8412.3471,SACDistanceAgentNew,InvertedDoublePendulum-v5,32
715000.0,8419.438,SACDistanceAgentNew,InvertedDoublePendulum-v5,32
720000.0,7472.6323,SACDistanceAgentNew,InvertedDoublePendulum-v5,32
725000.0,8411.7747,SACDistanceAgentNew,InvertedDoublePendulum-v5,32
730000.0,8422.0149,SACDistanceAgentNew,InvertedDoublePendulum-v5,32
735000.0,8409.8395,SACDistanceAgentNew,InvertedDoublePendulum-v5,32
740000.0,8403.2026,SACDistanceAgentNew,InvertedDoublePendulum-v5,32
745000.0,8416.1521,SACDistanceAgentNew,InvertedDoublePendulum-v5,32
750000.0,9333.4833,SACDistanceAgentNew,InvertedDoublePendulum-v5,32
755000.0,8423.8099,SACDistanceAgentNew,InvertedDoublePendulum-v5,32
760000.0,9345.181,SACDistanceAgentNew,InvertedDoublePendulum-v5,32
765000.0,8418.2184,SACDistanceAgentNew,InvertedDoublePendulum-v5,32
770000.0,9336.3122,SACDistanceAgentNew,InvertedDoublePendulum-v5,32
775000.0,9352.6204,SACDistanceAgentNew,InvertedDoublePendulum-v5,32
780000.0,9340.9648,SACDistanceAgentNew,InvertedDoublePendulum-v5,32
785000.0,9349.5838,SACDistanceAgentNew,InvertedDoublePendulum-v5,32
790000.0,9346.4375,SACDistanceAgentNew,InvertedDoublePendulum-v5,32
795000.0,8422.6471,SACDistanceAgentNew,InvertedDoublePendulum-v5,32
800000.0,9356.8776,SACDistanceAgentNew,InvertedDoublePendulum-v5,32
805000.0,9349.8029,SACDistanceAgentNew,InvertedDoublePendulum-v5,32
810000.0,9344.9288,SACDistanceAgentNew,InvertedDoublePendulum-v5,32
815000.0,9338.8776,SACDistanceAgentNew,InvertedDoublePendulum-v5,32
820000.0,8468.2573,SACDistanceAgentNew,InvertedDoublePendulum-v5,32
825000.0,9347.9191,SACDistanceAgentNew,InvertedDoublePendulum-v5,32
830000.0,9352.0381,SACDistanceAgentNew,InvertedDoublePendulum-v5,32
835000.0,8418.0025,SACDistanceAgentNew,InvertedDoublePendulum-v5,32
840000.0,9349.8883,SACDistanceAgentNew,InvertedDoublePendulum-v5,32
845000.0,8427.0824,SACDistanceAgentNew,InvertedDoublePendulum-v5,32
850000.0,8412.9891,SACDistanceAgentNew,InvertedDoublePendulum-v5,32
855000.0,9346.2256,SACDistanceAgentNew,InvertedDoublePendulum-v5,32
860000.0,8416.6889,SACDistanceAgentNew,InvertedDoublePendulum-v5,32
865000.0,8422.6522,SACDistanceAgentNew,InvertedDoublePendulum-v5,32
870000.0,8408.94,SACDistanceAgentNew,InvertedDoublePendulum-v5,32
875000.0,9355.1863,SACDistanceAgentNew,InvertedDoublePendulum-v5,32
880000.0,7489.881,SACDistanceAgentNew,InvertedDoublePendulum-v5,32
885000.0,9357.2371,SACDistanceAgentNew,InvertedDoublePendulum-v5,32
890000.0,8413.511,SACDistanceAgentNew,InvertedDoublePendulum-v5,32
895000.0,7481.5476,SACDistanceAgentNew,InvertedDoublePendulum-v5,32
900000.0,9353.9466,SACDistanceAgentNew,InvertedDoublePendulum-v5,32
905000.0,8412.1254,SACDistanceAgentNew,InvertedDoublePendulum-v5,32
910000.0,9336.6034,SACDistanceAgentNew,InvertedDoublePendulum-v5,32
915000.0,9355.2633,SACDistanceAgentNew,InvertedDoublePendulum-v5,32
920000.0,9355.9882,SACDistanceAgentNew,InvertedDoublePendulum-v5,32
925000.0,8422.7132,SACDistanceAgentNew,InvertedDoublePendulum-v5,32
930000.0,8418.8197,SACDistanceAgentNew,InvertedDoublePendulum-v5,32
935000.0,9351.9633,SACDistanceAgentNew,InvertedDoublePendulum-v5,32
940000.0,8423.8828,SACDistanceAgentNew,InvertedDoublePendulum-v5,32
945000.0,9355.0053,SACDistanceAgentNew,InvertedDoublePendulum-v5,32
950000.0,9357.8824,SACDistanceAgentNew,InvertedDoublePendulum-v5,32
955000.0,9355.5974,SACDistanceAgentNew,InvertedDoublePendulum-v5,32
960000.0,9358.6893,SACDistanceAgentNew,InvertedDoublePendulum-v5,32
965000.0,9358.0113,SACDistanceAgentNew,InvertedDoublePendulum-v5,32
970000.0,8430.0532,SACDistanceAgentNew,InvertedDoublePendulum-v5,32
975000.0,9351.6823,SACDistanceAgentNew,InvertedDoublePendulum-v5,32
980000.0,8418.4112,SACDistanceAgentNew,InvertedDoublePendulum-v5,32
985000.0,9356.6503,SACDistanceAgentNew,InvertedDoublePendulum-v5,32
990000.0,9350.9981,SACDistanceAgentNew,InvertedDoublePendulum-v5,32
995000.0,9337.5856,SACDistanceAgentNew,InvertedDoublePendulum-v5,32
1000000.0,9355.7815,SACDistanceAgentNew,InvertedDoublePendulum-v5,32
1005000.0,9344.6384,SACDistanceAgentNew,InvertedDoublePendulum-v5,32
1010000.0,8417.5608,SACDistanceAgentNew,InvertedDoublePendulum-v5,32
1015000.0,9357.2037,SACDistanceAgentNew,InvertedDoublePendulum-v5,32
1020000.0,8424.3633,SACDistanceAgentNew,InvertedDoublePendulum-v5,32
1025000.0,9341.0416,SACDistanceAgentNew,InvertedDoublePendulum-v5,32
1030000.0,9358.0024,SACDistanceAgentNew,InvertedDoublePendulum-v5,32
1035000.0,9344.3148,SACDistanceAgentNew,InvertedDoublePendulum-v5,32
1040000.0,9359.188,SACDistanceAgentNew,InvertedDoublePendulum-v5,32
1045000.0,9358.5029,SACDistanceAgentNew,InvertedDoublePendulum-v5,32
1050000.0,8411.7645,SACDistanceAgentNew,InvertedDoublePendulum-v5,32
1055000.0,9359.4375,SACDistanceAgentNew,InvertedDoublePendulum-v5,32
1060000.0,8428.6441,SACDistanceAgentNew,InvertedDoublePendulum-v5,32
1065000.0,8427.9872,SACDistanceAgentNew,InvertedDoublePendulum-v5,32
1070000.0,9350.4339,SACDistanceAgentNew,InvertedDoublePendulum-v5,32
1075000.0,9359.635,SACDistanceAgentNew,InvertedDoublePendulum-v5,32
1080000.0,9358.5523,SACDistanceAgentNew,InvertedDoublePendulum-v5,32
1085000.0,9359.7272,SACDistanceAgentNew,InvertedDoublePendulum-v5,32
1090000.0,8442.1621,SACDistanceAgentNew,InvertedDoublePendulum-v5,32
1095000.0,9359.7143,SACDistanceAgentNew,InvertedDoublePendulum-v5,32
1100000.0,9343.5029,SACDistanceAgentNew,InvertedDoublePendulum-v5,32
1105000.0,9350.6056,SACDistanceAgentNew,InvertedDoublePendulum-v5,32
1110000.0,9344.4591,SACDistanceAgentNew,InvertedDoublePendulum-v5,32
1115000.0,8427.4921,SACDistanceAgentNew,InvertedDoublePendulum-v5,32
1120000.0,7514.6097,SACDistanceAgentNew,InvertedDoublePendulum-v5,32
1125000.0,9340.0129,SACDistanceAgentNew,InvertedDoublePendulum-v5,32
1130000.0,9355.7,SACDistanceAgentNew,InvertedDoublePendulum-v5,32
1135000.0,8471.9942,SACDistanceAgentNew,InvertedDoublePendulum-v5,32
1140000.0,8419.54,SACDistanceAgentNew,InvertedDoublePendulum-v5,32
1145000.0,9349.9613,SACDistanceAgentNew,InvertedDoublePendulum-v5,32
1150000.0,9337.5179,SACDistanceAgentNew,InvertedDoublePendulum-v5,32
1155000.0,9355.8242,SACDistanceAgentNew,InvertedDoublePendulum-v5,32
1160000.0,9348.3899,SACDistanceAgentNew,InvertedDoublePendulum-v5,32
5000.0,11.0,SACDistanceAgentNew,InvertedPendulum-v5,42
10000.0,1000.0,SACDistanceAgentNew,InvertedPendulum-v5,42
15000.0,1000.0,SACDistanceAgentNew,InvertedPendulum-v5,42
20000.0,1000.0,SACDistanceAgentNew,InvertedPendulum-v5,42
25000.0,1000.0,SACDistanceAgentNew,InvertedPendulum-v5,42
30000.0,99.2,SACDistanceAgentNew,InvertedPendulum-v5,42
35000.0,75.9,SACDistanceAgentNew,InvertedPendulum-v5,42
40000.0,130.2,SACDistanceAgentNew,InvertedPendulum-v5,42
45000.0,1000.0,SACDistanceAgentNew,InvertedPendulum-v5,42
50000.0,1000.0,SACDistanceAgentNew,InvertedPendulum-v5,42
55000.0,1000.0,SACDistanceAgentNew,InvertedPendulum-v5,42
60000.0,1000.0,SACDistanceAgentNew,InvertedPendulum-v5,42
65000.0,1000.0,SACDistanceAgentNew,InvertedPendulum-v5,42
70000.0,1000.0,SACDistanceAgentNew,InvertedPendulum-v5,42
75000.0,1000.0,SACDistanceAgentNew,InvertedPendulum-v5,42
80000.0,1000.0,SACDistanceAgentNew,InvertedPendulum-v5,42
85000.0,1000.0,SACDistanceAgentNew,InvertedPendulum-v5,42
90000.0,1000.0,SACDistanceAgentNew,InvertedPendulum-v5,42
95000.0,1000.0,SACDistanceAgentNew,InvertedPendulum-v5,42
100000.0,1000.0,SACDistanceAgentNew,InvertedPendulum-v5,42
105000.0,1000.0,SACDistanceAgentNew,InvertedPendulum-v5,42
110000.0,1000.0,SACDistanceAgentNew,InvertedPendulum-v5,42
115000.0,1000.0,SACDistanceAgentNew,InvertedPendulum-v5,42
120000.0,1000.0,SACDistanceAgentNew,InvertedPendulum-v5,42
125000.0,1000.0,SACDistanceAgentNew,InvertedPendulum-v5,42
130000.0,1000.0,SACDistanceAgentNew,InvertedPendulum-v5,42
135000.0,1000.0,SACDistanceAgentNew,InvertedPendulum-v5,42
140000.0,1000.0,SACDistanceAgentNew,InvertedPendulum-v5,42
145000.0,1000.0,SACDistanceAgentNew,InvertedPendulum-v5,42
150000.0,1000.0,SACDistanceAgentNew,InvertedPendulum-v5,42
155000.0,1000.0,SACDistanceAgentNew,InvertedPendulum-v5,42
160000.0,1000.0,SACDistanceAgentNew,InvertedPendulum-v5,42
165000.0,1000.0,SACDistanceAgentNew,InvertedPendulum-v5,42
170000.0,1000.0,SACDistanceAgentNew,InvertedPendulum-v5,42
175000.0,1000.0,SACDistanceAgentNew,InvertedPendulum-v5,42
180000.0,1000.0,SACDistanceAgentNew,InvertedPendulum-v5,42
185000.0,1000.0,SACDistanceAgentNew,InvertedPendulum-v5,42
190000.0,1000.0,SACDistanceAgentNew,InvertedPendulum-v5,42
195000.0,1000.0,SACDistanceAgentNew,InvertedPendulum-v5,42
200000.0,1000.0,SACDistanceAgentNew,InvertedPendulum-v5,42
205000.0,1000.0,SACDistanceAgentNew,InvertedPendulum-v5,42
210000.0,1000.0,SACDistanceAgentNew,InvertedPendulum-v5,42
215000.0,1000.0,SACDistanceAgentNew,InvertedPendulum-v5,42
220000.0,1000.0,SACDistanceAgentNew,InvertedPendulum-v5,42
225000.0,1000.0,SACDistanceAgentNew,InvertedPendulum-v5,42
230000.0,1000.0,SACDistanceAgentNew,InvertedPendulum-v5,42
235000.0,1000.0,SACDistanceAgentNew,InvertedPendulum-v5,42
240000.0,1000.0,SACDistanceAgentNew,InvertedPendulum-v5,42
245000.0,1000.0,SACDistanceAgentNew,InvertedPendulum-v5,42
250000.0,1000.0,SACDistanceAgentNew,InvertedPendulum-v5,42
255000.0,1000.0,SACDistanceAgentNew,InvertedPendulum-v5,42
260000.0,1000.0,SACDistanceAgentNew,InvertedPendulum-v5,42
265000.0,1000.0,SACDistanceAgentNew,InvertedPendulum-v5,42
270000.0,1000.0,SACDistanceAgentNew,InvertedPendulum-v5,42
275000.0,1000.0,SACDistanceAgentNew,InvertedPendulum-v5,42
280000.0,1000.0,SACDistanceAgentNew,InvertedPendulum-v5,42
285000.0,1000.0,SACDistanceAgentNew,InvertedPendulum-v5,42
290000.0,1000.0,SACDistanceAgentNew,InvertedPendulum-v5,42
295000.0,1000.0,SACDistanceAgentNew,InvertedPendulum-v5,42
300000.0,1000.0,SACDistanceAgentNew,InvertedPendulum-v5,42
305000.0,1000.0,SACDistanceAgentNew,InvertedPendulum-v5,42
310000.0,1000.0,SACDistanceAgentNew,InvertedPendulum-v5,42
315000.0,1000.0,SACDistanceAgentNew,InvertedPendulum-v5,42
320000.0,1000.0,SACDistanceAgentNew,InvertedPendulum-v5,42
325000.0,1000.0,SACDistanceAgentNew,InvertedPendulum-v5,42
330000.0,1000.0,SACDistanceAgentNew,InvertedPendulum-v5,42
335000.0,1000.0,SACDistanceAgentNew,InvertedPendulum-v5,42
340000.0,1000.0,SACDistanceAgentNew,InvertedPendulum-v5,42
345000.0,1000.0,SACDistanceAgentNew,InvertedPendulum-v5,42
350000.0,1000.0,SACDistanceAgentNew,InvertedPendulum-v5,42
355000.0,1000.0,SACDistanceAgentNew,InvertedPendulum-v5,42
360000.0,1000.0,SACDistanceAgentNew,InvertedPendulum-v5,42
365000.0,1000.0,SACDistanceAgentNew,InvertedPendulum-v5,42
370000.0,1000.0,SACDistanceAgentNew,InvertedPendulum-v5,42
375000.0,1000.0,SACDistanceAgentNew,InvertedPendulum-v5,42
380000.0,1000.0,SACDistanceAgentNew,InvertedPendulum-v5,42
385000.0,1000.0,SACDistanceAgentNew,InvertedPendulum-v5,42
390000.0,1000.0,SACDistanceAgentNew,InvertedPendulum-v5,42
395000.0,1000.0,SACDistanceAgentNew,InvertedPendulum-v5,42
400000.0,1000.0,SACDistanceAgentNew,InvertedPendulum-v5,42
405000.0,1000.0,SACDistanceAgentNew,InvertedPendulum-v5,42
410000.0,1000.0,SACDistanceAgentNew,InvertedPendulum-v5,42
415000.0,1000.0,SACDistanceAgentNew,InvertedPendulum-v5,42
420000.0,1000.0,SACDistanceAgentNew,InvertedPendulum-v5,42
425000.0,1000.0,SACDistanceAgentNew,InvertedPendulum-v5,42
430000.0,52.1,SACDistanceAgentNew,InvertedPendulum-v5,42
435000.0,1000.0,SACDistanceAgentNew,InvertedPendulum-v5,42
440000.0,1000.0,SACDistanceAgentNew,InvertedPendulum-v5,42
445000.0,1000.0,SACDistanceAgentNew,InvertedPendulum-v5,42
450000.0,1000.0,SACDistanceAgentNew,InvertedPendulum-v5,42
455000.0,1000.0,SACDistanceAgentNew,InvertedPendulum-v5,42
460000.0,1000.0,SACDistanceAgentNew,InvertedPendulum-v5,42
465000.0,1000.0,SACDistanceAgentNew,InvertedPendulum-v5,42
470000.0,1000.0,SACDistanceAgentNew,InvertedPendulum-v5,42
475000.0,1000.0,SACDistanceAgentNew,InvertedPendulum-v5,42
480000.0,1000.0,SACDistanceAgentNew,InvertedPendulum-v5,42
485000.0,1000.0,SACDistanceAgentNew,InvertedPendulum-v5,42
490000.0,1000.0,SACDistanceAgentNew,InvertedPendulum-v5,42
495000.0,1000.0,SACDistanceAgentNew,InvertedPendulum-v5,42
500000.0,1000.0,SACDistanceAgentNew,InvertedPendulum-v5,42
505000.0,1000.0,SACDistanceAgentNew,InvertedPendulum-v5,42
510000.0,1000.0,SACDistanceAgentNew,InvertedPendulum-v5,42
515000.0,1000.0,SACDistanceAgentNew,InvertedPendulum-v5,42
520000.0,1000.0,SACDistanceAgentNew,InvertedPendulum-v5,42
525000.0,1000.0,SACDistanceAgentNew,InvertedPendulum-v5,42
530000.0,1000.0,SACDistanceAgentNew,InvertedPendulum-v5,42
535000.0,1000.0,SACDistanceAgentNew,InvertedPendulum-v5,42
540000.0,1000.0,SACDistanceAgentNew,InvertedPendulum-v5,42
545000.0,1000.0,SACDistanceAgentNew,InvertedPendulum-v5,42
550000.0,1000.0,SACDistanceAgentNew,InvertedPendulum-v5,42
555000.0,1000.0,SACDistanceAgentNew,InvertedPendulum-v5,42
560000.0,1000.0,SACDistanceAgentNew,InvertedPendulum-v5,42
565000.0,1000.0,SACDistanceAgentNew,InvertedPendulum-v5,42
570000.0,1000.0,SACDistanceAgentNew,InvertedPendulum-v5,42
575000.0,1000.0,SACDistanceAgentNew,InvertedPendulum-v5,42
580000.0,1000.0,SACDistanceAgentNew,InvertedPendulum-v5,42
585000.0,1000.0,SACDistanceAgentNew,InvertedPendulum-v5,42
590000.0,1000.0,SACDistanceAgentNew,InvertedPendulum-v5,42
595000.0,1000.0,SACDistanceAgentNew,InvertedPendulum-v5,42
600000.0,1000.0,SACDistanceAgentNew,InvertedPendulum-v5,42
605000.0,1000.0,SACDistanceAgentNew,InvertedPendulum-v5,42
610000.0,1000.0,SACDistanceAgentNew,InvertedPendulum-v5,42
615000.0,1000.0,SACDistanceAgentNew,InvertedPendulum-v5,42
620000.0,1000.0,SACDistanceAgentNew,InvertedPendulum-v5,42
625000.0,1000.0,SACDistanceAgentNew,InvertedPendulum-v5,42
630000.0,1000.0,SACDistanceAgentNew,InvertedPendulum-v5,42
635000.0,1000.0,SACDistanceAgentNew,InvertedPendulum-v5,42
640000.0,1000.0,SACDistanceAgentNew,InvertedPendulum-v5,42
645000.0,1000.0,SACDistanceAgentNew,InvertedPendulum-v5,42
650000.0,1000.0,SACDistanceAgentNew,InvertedPendulum-v5,42
655000.0,1000.0,SACDistanceAgentNew,InvertedPendulum-v5,42
660000.0,1000.0,SACDistanceAgentNew,InvertedPendulum-v5,42
665000.0,1000.0,SACDistanceAgentNew,InvertedPendulum-v5,42
670000.0,1000.0,SACDistanceAgentNew,InvertedPendulum-v5,42
675000.0,1000.0,SACDistanceAgentNew,InvertedPendulum-v5,42
680000.0,1000.0,SACDistanceAgentNew,InvertedPendulum-v5,42
685000.0,1000.0,SACDistanceAgentNew,InvertedPendulum-v5,42
690000.0,1000.0,SACDistanceAgentNew,InvertedPendulum-v5,42
695000.0,1000.0,SACDistanceAgentNew,InvertedPendulum-v5,42
700000.0,1000.0,SACDistanceAgentNew,InvertedPendulum-v5,42
705000.0,1000.0,SACDistanceAgentNew,InvertedPendulum-v5,42
710000.0,1000.0,SACDistanceAgentNew,InvertedPendulum-v5,42
715000.0,1000.0,SACDistanceAgentNew,InvertedPendulum-v5,42
720000.0,1000.0,SACDistanceAgentNew,InvertedPendulum-v5,42
725000.0,1000.0,SACDistanceAgentNew,InvertedPendulum-v5,42
730000.0,1000.0,SACDistanceAgentNew,InvertedPendulum-v5,42
735000.0,1000.0,SACDistanceAgentNew,InvertedPendulum-v5,42
740000.0,1000.0,SACDistanceAgentNew,InvertedPendulum-v5,42
745000.0,1000.0,SACDistanceAgentNew,InvertedPendulum-v5,42
750000.0,1000.0,SACDistanceAgentNew,InvertedPendulum-v5,42
755000.0,1000.0,SACDistanceAgentNew,InvertedPendulum-v5,42
760000.0,1000.0,SACDistanceAgentNew,InvertedPendulum-v5,42
765000.0,1000.0,SACDistanceAgentNew,InvertedPendulum-v5,42
770000.0,1000.0,SACDistanceAgentNew,InvertedPendulum-v5,42
775000.0,1000.0,SACDistanceAgentNew,InvertedPendulum-v5,42
780000.0,1000.0,SACDistanceAgentNew,InvertedPendulum-v5,42
785000.0,1000.0,SACDistanceAgentNew,InvertedPendulum-v5,42
790000.0,1000.0,SACDistanceAgentNew,InvertedPendulum-v5,42
795000.0,1000.0,SACDistanceAgentNew,InvertedPendulum-v5,42
800000.0,1000.0,SACDistanceAgentNew,InvertedPendulum-v5,42
805000.0,1000.0,SACDistanceAgentNew,InvertedPendulum-v5,42
810000.0,1000.0,SACDistanceAgentNew,InvertedPendulum-v5,42
815000.0,1000.0,SACDistanceAgentNew,InvertedPendulum-v5,42
820000.0,1000.0,SACDistanceAgentNew,InvertedPendulum-v5,42
825000.0,1000.0,SACDistanceAgentNew,InvertedPendulum-v5,42
830000.0,1000.0,SACDistanceAgentNew,InvertedPendulum-v5,42
835000.0,392.5,SACDistanceAgentNew,InvertedPendulum-v5,42
840000.0,1000.0,SACDistanceAgentNew,InvertedPendulum-v5,42
845000.0,1000.0,SACDistanceAgentNew,InvertedPendulum-v5,42
850000.0,1000.0,SACDistanceAgentNew,InvertedPendulum-v5,42
855000.0,1000.0,SACDistanceAgentNew,InvertedPendulum-v5,42
860000.0,1000.0,SACDistanceAgentNew,InvertedPendulum-v5,42
865000.0,1000.0,SACDistanceAgentNew,InvertedPendulum-v5,42
870000.0,1000.0,SACDistanceAgentNew,InvertedPendulum-v5,42
875000.0,1000.0,SACDistanceAgentNew,InvertedPendulum-v5,42
880000.0,1000.0,SACDistanceAgentNew,InvertedPendulum-v5,42
885000.0,1000.0,SACDistanceAgentNew,InvertedPendulum-v5,42
890000.0,1000.0,SACDistanceAgentNew,InvertedPendulum-v5,42
895000.0,1000.0,SACDistanceAgentNew,InvertedPendulum-v5,42
900000.0,1000.0,SACDistanceAgentNew,InvertedPendulum-v5,42
905000.0,1000.0,SACDistanceAgentNew,InvertedPendulum-v5,42
910000.0,1000.0,SACDistanceAgentNew,InvertedPendulum-v5,42
915000.0,1000.0,SACDistanceAgentNew,InvertedPendulum-v5,42
920000.0,1000.0,SACDistanceAgentNew,InvertedPendulum-v5,42
925000.0,1000.0,SACDistanceAgentNew,InvertedPendulum-v5,42
930000.0,1000.0,SACDistanceAgentNew,InvertedPendulum-v5,42
935000.0,1000.0,SACDistanceAgentNew,InvertedPendulum-v5,42
940000.0,1000.0,SACDistanceAgentNew,InvertedPendulum-v5,42
945000.0,1000.0,SACDistanceAgentNew,InvertedPendulum-v5,42
950000.0,1000.0,SACDistanceAgentNew,InvertedPendulum-v5,42
955000.0,1000.0,SACDistanceAgentNew,InvertedPendulum-v5,42
960000.0,1000.0,SACDistanceAgentNew,InvertedPendulum-v5,42
965000.0,1000.0,SACDistanceAgentNew,InvertedPendulum-v5,42
970000.0,1000.0,SACDistanceAgentNew,InvertedPendulum-v5,42
975000.0,1000.0,SACDistanceAgentNew,InvertedPendulum-v5,42
980000.0,1000.0,SACDistanceAgentNew,InvertedPendulum-v5,42
985000.0,1000.0,SACDistanceAgentNew,InvertedPendulum-v5,42
990000.0,1000.0,SACDistanceAgentNew,InvertedPendulum-v5,42
995000.0,111.0,SACDistanceAgentNew,InvertedPendulum-v5,42
1000000.0,1000.0,SACDistanceAgentNew,InvertedPendulum-v5,42
1005000.0,1000.0,SACDistanceAgentNew,InvertedPendulum-v5,42
1010000.0,1000.0,SACDistanceAgentNew,InvertedPendulum-v5,42
1015000.0,1000.0,SACDistanceAgentNew,InvertedPendulum-v5,42
1020000.0,1000.0,SACDistanceAgentNew,InvertedPendulum-v5,42
1025000.0,1000.0,SACDistanceAgentNew,InvertedPendulum-v5,42
1030000.0,1000.0,SACDistanceAgentNew,InvertedPendulum-v5,42
1035000.0,1000.0,SACDistanceAgentNew,InvertedPendulum-v5,42
1040000.0,1000.0,SACDistanceAgentNew,InvertedPendulum-v5,42
1045000.0,1000.0,SACDistanceAgentNew,InvertedPendulum-v5,42
1050000.0,1000.0,SACDistanceAgentNew,InvertedPendulum-v5,42
1055000.0,1000.0,SACDistanceAgentNew,InvertedPendulum-v5,42
1060000.0,1000.0,SACDistanceAgentNew,InvertedPendulum-v5,42
1065000.0,1000.0,SACDistanceAgentNew,InvertedPendulum-v5,42
1070000.0,1000.0,SACDistanceAgentNew,InvertedPendulum-v5,42
1075000.0,1000.0,SACDistanceAgentNew,InvertedPendulum-v5,42
1080000.0,1000.0,SACDistanceAgentNew,InvertedPendulum-v5,42
1085000.0,1000.0,SACDistanceAgentNew,InvertedPendulum-v5,42
1090000.0,1000.0,SACDistanceAgentNew,InvertedPendulum-v5,42
1095000.0,1000.0,SACDistanceAgentNew,InvertedPendulum-v5,42
1100000.0,1000.0,SACDistanceAgentNew,InvertedPendulum-v5,42
1105000.0,1000.0,SACDistanceAgentNew,InvertedPendulum-v5,42
1110000.0,1000.0,SACDistanceAgentNew,InvertedPendulum-v5,42
1115000.0,1000.0,SACDistanceAgentNew,InvertedPendulum-v5,42
1120000.0,1000.0,SACDistanceAgentNew,InvertedPendulum-v5,42
1125000.0,1000.0,SACDistanceAgentNew,InvertedPendulum-v5,42
1130000.0,1000.0,SACDistanceAgentNew,InvertedPendulum-v5,42
1135000.0,1000.0,SACDistanceAgentNew,InvertedPendulum-v5,42
1140000.0,1000.0,SACDistanceAgentNew,InvertedPendulum-v5,42
1145000.0,1000.0,SACDistanceAgentNew,InvertedPendulum-v5,42
1150000.0,1000.0,SACDistanceAgentNew,InvertedPendulum-v5,42
1155000.0,1000.0,SACDistanceAgentNew,InvertedPendulum-v5,42
1160000.0,1000.0,SACDistanceAgentNew,InvertedPendulum-v5,42
1165000.0,1000.0,SACDistanceAgentNew,InvertedPendulum-v5,42
5000.0,12.6,SACDistanceAgentNew,InvertedPendulum-v5,32
10000.0,1000.0,SACDistanceAgentNew,InvertedPendulum-v5,32
15000.0,1000.0,SACDistanceAgentNew,InvertedPendulum-v5,32
20000.0,1000.0,SACDistanceAgentNew,InvertedPendulum-v5,32
25000.0,1000.0,SACDistanceAgentNew,InvertedPendulum-v5,32
30000.0,1000.0,SACDistanceAgentNew,InvertedPendulum-v5,32
35000.0,1000.0,SACDistanceAgentNew,InvertedPendulum-v5,32
40000.0,1000.0,SACDistanceAgentNew,InvertedPendulum-v5,32
45000.0,1000.0,SACDistanceAgentNew,InvertedPendulum-v5,32
50000.0,157.6,SACDistanceAgentNew,InvertedPendulum-v5,32
55000.0,94.4,SACDistanceAgentNew,InvertedPendulum-v5,32
60000.0,96.6,SACDistanceAgentNew,InvertedPendulum-v5,32
65000.0,1000.0,SACDistanceAgentNew,InvertedPendulum-v5,32
70000.0,1000.0,SACDistanceAgentNew,InvertedPendulum-v5,32
75000.0,1000.0,SACDistanceAgentNew,InvertedPendulum-v5,32
80000.0,1000.0,SACDistanceAgentNew,InvertedPendulum-v5,32
85000.0,1000.0,SACDistanceAgentNew,InvertedPendulum-v5,32
90000.0,1000.0,SACDistanceAgentNew,InvertedPendulum-v5,32
95000.0,1000.0,SACDistanceAgentNew,InvertedPendulum-v5,32
100000.0,1000.0,SACDistanceAgentNew,InvertedPendulum-v5,32
105000.0,412.1,SACDistanceAgentNew,InvertedPendulum-v5,32
110000.0,157.8,SACDistanceAgentNew,InvertedPendulum-v5,32
115000.0,1000.0,SACDistanceAgentNew,InvertedPendulum-v5,32
120000.0,1000.0,SACDistanceAgentNew,InvertedPendulum-v5,32
125000.0,1000.0,SACDistanceAgentNew,InvertedPendulum-v5,32
130000.0,1000.0,SACDistanceAgentNew,InvertedPendulum-v5,32
135000.0,1000.0,SACDistanceAgentNew,InvertedPendulum-v5,32
140000.0,1000.0,SACDistanceAgentNew,InvertedPendulum-v5,32
145000.0,1000.0,SACDistanceAgentNew,InvertedPendulum-v5,32
150000.0,1000.0,SACDistanceAgentNew,InvertedPendulum-v5,32
155000.0,1000.0,SACDistanceAgentNew,InvertedPendulum-v5,32
160000.0,1000.0,SACDistanceAgentNew,InvertedPendulum-v5,32
165000.0,1000.0,SACDistanceAgentNew,InvertedPendulum-v5,32
170000.0,1000.0,SACDistanceAgentNew,InvertedPendulum-v5,32
175000.0,1000.0,SACDistanceAgentNew,InvertedPendulum-v5,32
180000.0,1000.0,SACDistanceAgentNew,InvertedPendulum-v5,32
185000.0,1000.0,SACDistanceAgentNew,InvertedPendulum-v5,32
190000.0,1000.0,SACDistanceAgentNew,InvertedPendulum-v5,32
195000.0,1000.0,SACDistanceAgentNew,InvertedPendulum-v5,32
200000.0,1000.0,SACDistanceAgentNew,InvertedPendulum-v5,32
205000.0,1000.0,SACDistanceAgentNew,InvertedPendulum-v5,32
210000.0,1000.0,SACDistanceAgentNew,InvertedPendulum-v5,32
215000.0,1000.0,SACDistanceAgentNew,InvertedPendulum-v5,32
220000.0,1000.0,SACDistanceAgentNew,InvertedPendulum-v5,32
225000.0,1000.0,SACDistanceAgentNew,InvertedPendulum-v5,32
230000.0,1000.0,SACDistanceAgentNew,InvertedPendulum-v5,32
235000.0,1000.0,SACDistanceAgentNew,InvertedPendulum-v5,32
240000.0,1000.0,SACDistanceAgentNew,InvertedPendulum-v5,32
245000.0,1000.0,SACDistanceAgentNew,InvertedPendulum-v5,32
250000.0,1000.0,SACDistanceAgentNew,InvertedPendulum-v5,32
255000.0,1000.0,SACDistanceAgentNew,InvertedPendulum-v5,32
260000.0,1000.0,SACDistanceAgentNew,InvertedPendulum-v5,32
265000.0,1000.0,SACDistanceAgentNew,InvertedPendulum-v5,32
270000.0,1000.0,SACDistanceAgentNew,InvertedPendulum-v5,32
275000.0,1000.0,SACDistanceAgentNew,InvertedPendulum-v5,32
280000.0,1000.0,SACDistanceAgentNew,InvertedPendulum-v5,32
285000.0,1000.0,SACDistanceAgentNew,InvertedPendulum-v5,32
290000.0,1000.0,SACDistanceAgentNew,InvertedPendulum-v5,32
295000.0,1000.0,SACDistanceAgentNew,InvertedPendulum-v5,32
300000.0,1000.0,SACDistanceAgentNew,InvertedPendulum-v5,32
305000.0,1000.0,SACDistanceAgentNew,InvertedPendulum-v5,32
310000.0,1000.0,SACDistanceAgentNew,InvertedPendulum-v5,32
315000.0,1000.0,SACDistanceAgentNew,InvertedPendulum-v5,32
320000.0,1000.0,SACDistanceAgentNew,InvertedPendulum-v5,32
325000.0,1000.0,SACDistanceAgentNew,InvertedPendulum-v5,32
330000.0,1000.0,SACDistanceAgentNew,InvertedPendulum-v5,32
335000.0,1000.0,SACDistanceAgentNew,InvertedPendulum-v5,32
340000.0,1000.0,SACDistanceAgentNew,InvertedPendulum-v5,32
345000.0,1000.0,SACDistanceAgentNew,InvertedPendulum-v5,32
350000.0,1000.0,SACDistanceAgentNew,InvertedPendulum-v5,32
355000.0,1000.0,SACDistanceAgentNew,InvertedPendulum-v5,32
360000.0,1000.0,SACDistanceAgentNew,InvertedPendulum-v5,32
365000.0,1000.0,SACDistanceAgentNew,InvertedPendulum-v5,32
370000.0,1000.0,SACDistanceAgentNew,InvertedPendulum-v5,32
375000.0,1000.0,SACDistanceAgentNew,InvertedPendulum-v5,32
380000.0,1000.0,SACDistanceAgentNew,InvertedPendulum-v5,32
385000.0,1000.0,SACDistanceAgentNew,InvertedPendulum-v5,32
390000.0,1000.0,SACDistanceAgentNew,InvertedPendulum-v5,32
395000.0,1000.0,SACDistanceAgentNew,InvertedPendulum-v5,32
400000.0,1000.0,SACDistanceAgentNew,InvertedPendulum-v5,32
405000.0,1000.0,SACDistanceAgentNew,InvertedPendulum-v5,32
410000.0,1000.0,SACDistanceAgentNew,InvertedPendulum-v5,32
415000.0,1000.0,SACDistanceAgentNew,InvertedPendulum-v5,32
420000.0,1000.0,SACDistanceAgentNew,InvertedPendulum-v5,32
425000.0,1000.0,SACDistanceAgentNew,InvertedPendulum-v5,32
430000.0,1000.0,SACDistanceAgentNew,InvertedPendulum-v5,32
435000.0,1000.0,SACDistanceAgentNew,InvertedPendulum-v5,32
440000.0,1000.0,SACDistanceAgentNew,InvertedPendulum-v5,32
445000.0,1000.0,SACDistanceAgentNew,InvertedPendulum-v5,32
450000.0,1000.0,SACDistanceAgentNew,InvertedPendulum-v5,32
455000.0,1000.0,SACDistanceAgentNew,InvertedPendulum-v5,32
460000.0,1000.0,SACDistanceAgentNew,InvertedPendulum-v5,32
465000.0,1000.0,SACDistanceAgentNew,InvertedPendulum-v5,32
470000.0,1000.0,SACDistanceAgentNew,InvertedPendulum-v5,32
475000.0,1000.0,SACDistanceAgentNew,InvertedPendulum-v5,32
480000.0,1000.0,SACDistanceAgentNew,InvertedPendulum-v5,32
485000.0,1000.0,SACDistanceAgentNew,InvertedPendulum-v5,32
490000.0,1000.0,SACDistanceAgentNew,InvertedPendulum-v5,32
495000.0,1000.0,SACDistanceAgentNew,InvertedPendulum-v5,32
500000.0,1000.0,SACDistanceAgentNew,InvertedPendulum-v5,32
505000.0,1000.0,SACDistanceAgentNew,InvertedPendulum-v5,32
510000.0,1000.0,SACDistanceAgentNew,InvertedPendulum-v5,32
515000.0,1000.0,SACDistanceAgentNew,InvertedPendulum-v5,32
520000.0,1000.0,SACDistanceAgentNew,InvertedPendulum-v5,32
525000.0,1000.0,SACDistanceAgentNew,InvertedPendulum-v5,32
530000.0,1000.0,SACDistanceAgentNew,InvertedPendulum-v5,32
535000.0,1000.0,SACDistanceAgentNew,InvertedPendulum-v5,32
540000.0,1000.0,SACDistanceAgentNew,InvertedPendulum-v5,32
545000.0,1000.0,SACDistanceAgentNew,InvertedPendulum-v5,32
550000.0,1000.0,SACDistanceAgentNew,InvertedPendulum-v5,32
555000.0,1000.0,SACDistanceAgentNew,InvertedPendulum-v5,32
560000.0,1000.0,SACDistanceAgentNew,InvertedPendulum-v5,32
565000.0,1000.0,SACDistanceAgentNew,InvertedPendulum-v5,32
570000.0,1000.0,SACDistanceAgentNew,InvertedPendulum-v5,32
575000.0,1000.0,SACDistanceAgentNew,InvertedPendulum-v5,32
580000.0,1000.0,SACDistanceAgentNew,InvertedPendulum-v5,32
585000.0,1000.0,SACDistanceAgentNew,InvertedPendulum-v5,32
590000.0,1000.0,SACDistanceAgentNew,InvertedPendulum-v5,32
595000.0,1000.0,SACDistanceAgentNew,InvertedPendulum-v5,32
600000.0,1000.0,SACDistanceAgentNew,InvertedPendulum-v5,32
605000.0,1000.0,SACDistanceAgentNew,InvertedPendulum-v5,32
610000.0,1000.0,SACDistanceAgentNew,InvertedPendulum-v5,32
615000.0,1000.0,SACDistanceAgentNew,InvertedPendulum-v5,32
620000.0,1000.0,SACDistanceAgentNew,InvertedPendulum-v5,32
625000.0,1000.0,SACDistanceAgentNew,InvertedPendulum-v5,32
630000.0,1000.0,SACDistanceAgentNew,InvertedPendulum-v5,32
635000.0,1000.0,SACDistanceAgentNew,InvertedPendulum-v5,32
640000.0,1000.0,SACDistanceAgentNew,InvertedPendulum-v5,32
645000.0,1000.0,SACDistanceAgentNew,InvertedPendulum-v5,32
650000.0,1000.0,SACDistanceAgentNew,InvertedPendulum-v5,32
655000.0,1000.0,SACDistanceAgentNew,InvertedPendulum-v5,32
660000.0,1000.0,SACDistanceAgentNew,InvertedPendulum-v5,32
665000.0,1000.0,SACDistanceAgentNew,InvertedPendulum-v5,32
670000.0,1000.0,SACDistanceAgentNew,InvertedPendulum-v5,32
675000.0,1000.0,SACDistanceAgentNew,InvertedPendulum-v5,32
680000.0,1000.0,SACDistanceAgentNew,InvertedPendulum-v5,32
685000.0,1000.0,SACDistanceAgentNew,InvertedPendulum-v5,32
690000.0,1000.0,SACDistanceAgentNew,InvertedPendulum-v5,32
695000.0,1000.0,SACDistanceAgentNew,InvertedPendulum-v5,32
700000.0,1000.0,SACDistanceAgentNew,InvertedPendulum-v5,32
705000.0,1000.0,SACDistanceAgentNew,InvertedPendulum-v5,32
710000.0,1000.0,SACDistanceAgentNew,InvertedPendulum-v5,32
715000.0,1000.0,SACDistanceAgentNew,InvertedPendulum-v5,32
720000.0,1000.0,SACDistanceAgentNew,InvertedPendulum-v5,32
725000.0,1000.0,SACDistanceAgentNew,InvertedPendulum-v5,32
730000.0,1000.0,SACDistanceAgentNew,InvertedPendulum-v5,32
735000.0,243.4,SACDistanceAgentNew,InvertedPendulum-v5,32
740000.0,1000.0,SACDistanceAgentNew,InvertedPendulum-v5,32
745000.0,1000.0,SACDistanceAgentNew,InvertedPendulum-v5,32
750000.0,1000.0,SACDistanceAgentNew,InvertedPendulum-v5,32
755000.0,1000.0,SACDistanceAgentNew,InvertedPendulum-v5,32
760000.0,1000.0,SACDistanceAgentNew,InvertedPendulum-v5,32
765000.0,1000.0,SACDistanceAgentNew,InvertedPendulum-v5,32
770000.0,1000.0,SACDistanceAgentNew,InvertedPendulum-v5,32
775000.0,1000.0,SACDistanceAgentNew,InvertedPendulum-v5,32
780000.0,1000.0,SACDistanceAgentNew,InvertedPendulum-v5,32
785000.0,1000.0,SACDistanceAgentNew,InvertedPendulum-v5,32
790000.0,1000.0,SACDistanceAgentNew,InvertedPendulum-v5,32
795000.0,1000.0,SACDistanceAgentNew,InvertedPendulum-v5,32
800000.0,1000.0,SACDistanceAgentNew,InvertedPendulum-v5,32
805000.0,1000.0,SACDistanceAgentNew,InvertedPendulum-v5,32
810000.0,1000.0,SACDistanceAgentNew,InvertedPendulum-v5,32
815000.0,1000.0,SACDistanceAgentNew,InvertedPendulum-v5,32
820000.0,1000.0,SACDistanceAgentNew,InvertedPendulum-v5,32
825000.0,1000.0,SACDistanceAgentNew,InvertedPendulum-v5,32
830000.0,1000.0,SACDistanceAgentNew,InvertedPendulum-v5,32
835000.0,1000.0,SACDistanceAgentNew,InvertedPendulum-v5,32
840000.0,1000.0,SACDistanceAgentNew,InvertedPendulum-v5,32
845000.0,1000.0,SACDistanceAgentNew,InvertedPendulum-v5,32
850000.0,1000.0,SACDistanceAgentNew,InvertedPendulum-v5,32
855000.0,1000.0,SACDistanceAgentNew,InvertedPendulum-v5,32
860000.0,1000.0,SACDistanceAgentNew,InvertedPendulum-v5,32
865000.0,1000.0,SACDistanceAgentNew,InvertedPendulum-v5,32
870000.0,1000.0,SACDistanceAgentNew,InvertedPendulum-v5,32
875000.0,1000.0,SACDistanceAgentNew,InvertedPendulum-v5,32
880000.0,1000.0,SACDistanceAgentNew,InvertedPendulum-v5,32
885000.0,1000.0,SACDistanceAgentNew,InvertedPendulum-v5,32
890000.0,1000.0,SACDistanceAgentNew,InvertedPendulum-v5,32
895000.0,1000.0,SACDistanceAgentNew,InvertedPendulum-v5,32
900000.0,1000.0,SACDistanceAgentNew,InvertedPendulum-v5,32
905000.0,1000.0,SACDistanceAgentNew,InvertedPendulum-v5,32
910000.0,1000.0,SACDistanceAgentNew,InvertedPendulum-v5,32
915000.0,1000.0,SACDistanceAgentNew,InvertedPendulum-v5,32
920000.0,1000.0,SACDistanceAgentNew,InvertedPendulum-v5,32
925000.0,1000.0,SACDistanceAgentNew,InvertedPendulum-v5,32
930000.0,1000.0,SACDistanceAgentNew,InvertedPendulum-v5,32
935000.0,1000.0,SACDistanceAgentNew,InvertedPendulum-v5,32
940000.0,1000.0,SACDistanceAgentNew,InvertedPendulum-v5,32
945000.0,1000.0,SACDistanceAgentNew,InvertedPendulum-v5,32
950000.0,1000.0,SACDistanceAgentNew,InvertedPendulum-v5,32
955000.0,1000.0,SACDistanceAgentNew,InvertedPendulum-v5,32
960000.0,1000.0,SACDistanceAgentNew,InvertedPendulum-v5,32
965000.0,1000.0,SACDistanceAgentNew,InvertedPendulum-v5,32
970000.0,1000.0,SACDistanceAgentNew,InvertedPendulum-v5,32
975000.0,1000.0,SACDistanceAgentNew,InvertedPendulum-v5,32
980000.0,1000.0,SACDistanceAgentNew,InvertedPendulum-v5,32
985000.0,1000.0,SACDistanceAgentNew,InvertedPendulum-v5,32
990000.0,1000.0,SACDistanceAgentNew,InvertedPendulum-v5,32
995000.0,1000.0,SACDistanceAgentNew,InvertedPendulum-v5,32
1000000.0,1000.0,SACDistanceAgentNew,InvertedPendulum-v5,32
1005000.0,1000.0,SACDistanceAgentNew,InvertedPendulum-v5,32
1010000.0,1000.0,SACDistanceAgentNew,InvertedPendulum-v5,32
1015000.0,1000.0,SACDistanceAgentNew,InvertedPendulum-v5,32
1020000.0,1000.0,SACDistanceAgentNew,InvertedPendulum-v5,32
1025000.0,1000.0,SACDistanceAgentNew,InvertedPendulum-v5,32
1030000.0,1000.0,SACDistanceAgentNew,InvertedPendulum-v5,32
1035000.0,1000.0,SACDistanceAgentNew,InvertedPendulum-v5,32
1040000.0,1000.0,SACDistanceAgentNew,InvertedPendulum-v5,32
1045000.0,1000.0,SACDistanceAgentNew,InvertedPendulum-v5,32
1050000.0,1000.0,SACDistanceAgentNew,InvertedPendulum-v5,32
1055000.0,183.5,SACDistanceAgentNew,InvertedPendulum-v5,32
1060000.0,1000.0,SACDistanceAgentNew,InvertedPendulum-v5,32
1065000.0,1000.0,SACDistanceAgentNew,InvertedPendulum-v5,32
1070000.0,1000.0,SACDistanceAgentNew,InvertedPendulum-v5,32
1075000.0,1000.0,SACDistanceAgentNew,InvertedPendulum-v5,32
1080000.0,1000.0,SACDistanceAgentNew,InvertedPendulum-v5,32
1085000.0,1000.0,SACDistanceAgentNew,InvertedPendulum-v5,32
1090000.0,1000.0,SACDistanceAgentNew,InvertedPendulum-v5,32
1095000.0,1000.0,SACDistanceAgentNew,InvertedPendulum-v5,32
1100000.0,1000.0,SACDistanceAgentNew,InvertedPendulum-v5,32
1105000.0,1000.0,SACDistanceAgentNew,InvertedPendulum-v5,32
1110000.0,1000.0,SACDistanceAgentNew,InvertedPendulum-v5,32
1115000.0,1000.0,SACDistanceAgentNew,InvertedPendulum-v5,32
1120000.0,1000.0,SACDistanceAgentNew,InvertedPendulum-v5,32
1125000.0,1000.0,SACDistanceAgentNew,InvertedPendulum-v5,32
1130000.0,1000.0,SACDistanceAgentNew,InvertedPendulum-v5,32
1135000.0,1000.0,SACDistanceAgentNew,InvertedPendulum-v5,32
1140000.0,1000.0,SACDistanceAgentNew,InvertedPendulum-v5,32
1145000.0,1000.0,SACDistanceAgentNew,InvertedPendulum-v5,32
1150000.0,1000.0,SACDistanceAgentNew,InvertedPendulum-v5,32
1155000.0,1000.0,SACDistanceAgentNew,InvertedPendulum-v5,32
1160000.0,1000.0,SACDistanceAgentNew,InvertedPendulum-v5,32
1165000.0,1000.0,SACDistanceAgentNew,InvertedPendulum-v5,32
5000.0,-135.5217,SACDistanceAgentNew,LunarLanderContinuous-v3,42
10000.0,-64.2178,SACDistanceAgentNew,LunarLanderContinuous-v3,42
15000.0,-33.174,SACDistanceAgentNew,LunarLanderContinuous-v3,42
20000.0,-63.8451,SACDistanceAgentNew,LunarLanderContinuous-v3,42
25000.0,-101.9441,SACDistanceAgentNew,LunarLanderContinuous-v3,42
30000.0,-60.792,SACDistanceAgentNew,LunarLanderContinuous-v3,42
35000.0,-55.8627,SACDistanceAgentNew,LunarLanderContinuous-v3,42
40000.0,-54.3042,SACDistanceAgentNew,LunarLanderContinuous-v3,42
45000.0,-57.6352,SACDistanceAgentNew,LunarLanderContinuous-v3,42
50000.0,-61.6846,SACDistanceAgentNew,LunarLanderContinuous-v3,42
55000.0,-12.4722,SACDistanceAgentNew,LunarLanderContinuous-v3,42
60000.0,-3.5844,SACDistanceAgentNew,LunarLanderContinuous-v3,42
65000.0,107.038,SACDistanceAgentNew,LunarLanderContinuous-v3,42
70000.0,3.5657,SACDistanceAgentNew,LunarLanderContinuous-v3,42
75000.0,49.2197,SACDistanceAgentNew,LunarLanderContinuous-v3,42
80000.0,106.5885,SACDistanceAgentNew,LunarLanderContinuous-v3,42
85000.0,189.4161,SACDistanceAgentNew,LunarLanderContinuous-v3,42
90000.0,264.1251,SACDistanceAgentNew,LunarLanderContinuous-v3,42
95000.0,145.4608,SACDistanceAgentNew,LunarLanderContinuous-v3,42
100000.0,200.9069,SACDistanceAgentNew,LunarLanderContinuous-v3,42
105000.0,257.425,SACDistanceAgentNew,LunarLanderContinuous-v3,42
110000.0,140.1858,SACDistanceAgentNew,LunarLanderContinuous-v3,42
115000.0,76.1087,SACDistanceAgentNew,LunarLanderContinuous-v3,42
120000.0,11.3167,SACDistanceAgentNew,LunarLanderContinuous-v3,42
125000.0,10.3956,SACDistanceAgentNew,LunarLanderContinuous-v3,42
130000.0,156.7355,SACDistanceAgentNew,LunarLanderContinuous-v3,42
135000.0,115.8818,SACDistanceAgentNew,LunarLanderContinuous-v3,42
140000.0,201.2482,SACDistanceAgentNew,LunarLanderContinuous-v3,42
145000.0,145.8053,SACDistanceAgentNew,LunarLanderContinuous-v3,42
150000.0,229.0906,SACDistanceAgentNew,LunarLanderContinuous-v3,42
155000.0,38.8697,SACDistanceAgentNew,LunarLanderContinuous-v3,42
160000.0,158.5806,SACDistanceAgentNew,LunarLanderContinuous-v3,42
165000.0,217.4841,SACDistanceAgentNew,LunarLanderContinuous-v3,42
170000.0,107.4693,SACDistanceAgentNew,LunarLanderContinuous-v3,42
175000.0,187.2226,SACDistanceAgentNew,LunarLanderContinuous-v3,42
180000.0,184.4405,SACDistanceAgentNew,LunarLanderContinuous-v3,42
185000.0,229.4198,SACDistanceAgentNew,LunarLanderContinuous-v3,42
190000.0,94.4873,SACDistanceAgentNew,LunarLanderContinuous-v3,42
195000.0,152.8062,SACDistanceAgentNew,LunarLanderContinuous-v3,42
200000.0,48.3639,SACDistanceAgentNew,LunarLanderContinuous-v3,42
205000.0,27.4522,SACDistanceAgentNew,LunarLanderContinuous-v3,42
210000.0,131.9638,SACDistanceAgentNew,LunarLanderContinuous-v3,42
215000.0,178.2042,SACDistanceAgentNew,LunarLanderContinuous-v3,42
220000.0,130.5393,SACDistanceAgentNew,LunarLanderContinuous-v3,42
225000.0,217.03,SACDistanceAgentNew,LunarLanderContinuous-v3,42
230000.0,248.5195,SACDistanceAgentNew,LunarLanderContinuous-v3,42
235000.0,200.4965,SACDistanceAgentNew,LunarLanderContinuous-v3,42
240000.0,208.7613,SACDistanceAgentNew,LunarLanderContinuous-v3,42
245000.0,201.6049,SACDistanceAgentNew,LunarLanderContinuous-v3,42
250000.0,261.0309,SACDistanceAgentNew,LunarLanderContinuous-v3,42
255000.0,230.5263,SACDistanceAgentNew,LunarLanderContinuous-v3,42
260000.0,244.4184,SACDistanceAgentNew,LunarLanderContinuous-v3,42
265000.0,86.9876,SACDistanceAgentNew,LunarLanderContinuous-v3,42
270000.0,272.1841,SACDistanceAgentNew,LunarLanderContinuous-v3,42
275000.0,200.9236,SACDistanceAgentNew,LunarLanderContinuous-v3,42
280000.0,158.5625,SACDistanceAgentNew,LunarLanderContinuous-v3,42
285000.0,252.7166,SACDistanceAgentNew,LunarLanderContinuous-v3,42
290000.0,199.0796,SACDistanceAgentNew,LunarLanderContinuous-v3,42
295000.0,103.6343,SACDistanceAgentNew,LunarLanderContinuous-v3,42
300000.0,180.78,SACDistanceAgentNew,LunarLanderContinuous-v3,42
305000.0,281.7006,SACDistanceAgentNew,LunarLanderContinuous-v3,42
310000.0,172.7127,SACDistanceAgentNew,LunarLanderContinuous-v3,42
315000.0,65.3325,SACDistanceAgentNew,LunarLanderContinuous-v3,42
320000.0,115.6034,SACDistanceAgentNew,LunarLanderContinuous-v3,42
325000.0,254.0103,SACDistanceAgentNew,LunarLanderContinuous-v3,42
330000.0,126.5375,SACDistanceAgentNew,LunarLanderContinuous-v3,42
335000.0,85.0961,SACDistanceAgentNew,LunarLanderContinuous-v3,42
340000.0,47.6527,SACDistanceAgentNew,LunarLanderContinuous-v3,42
345000.0,4.3444,SACDistanceAgentNew,LunarLanderContinuous-v3,42
350000.0,-11.3208,SACDistanceAgentNew,LunarLanderContinuous-v3,42
355000.0,97.6087,SACDistanceAgentNew,LunarLanderContinuous-v3,42
360000.0,113.5618,SACDistanceAgentNew,LunarLanderContinuous-v3,42
365000.0,166.547,SACDistanceAgentNew,LunarLanderContinuous-v3,42
370000.0,89.9534,SACDistanceAgentNew,LunarLanderContinuous-v3,42
375000.0,51.3907,SACDistanceAgentNew,LunarLanderContinuous-v3,42
380000.0,68.2837,SACDistanceAgentNew,LunarLanderContinuous-v3,42
385000.0,79.8434,SACDistanceAgentNew,LunarLanderContinuous-v3,42
390000.0,77.8469,SACDistanceAgentNew,LunarLanderContinuous-v3,42
395000.0,120.7798,SACDistanceAgentNew,LunarLanderContinuous-v3,42
400000.0,253.0144,SACDistanceAgentNew,LunarLanderContinuous-v3,42
405000.0,190.2081,SACDistanceAgentNew,LunarLanderContinuous-v3,42
410000.0,202.0452,SACDistanceAgentNew,LunarLanderContinuous-v3,42
415000.0,51.3014,SACDistanceAgentNew,LunarLanderContinuous-v3,42
420000.0,146.7028,SACDistanceAgentNew,LunarLanderContinuous-v3,42
425000.0,140.6842,SACDistanceAgentNew,LunarLanderContinuous-v3,42
430000.0,189.9028,SACDistanceAgentNew,LunarLanderContinuous-v3,42
435000.0,180.8765,SACDistanceAgentNew,LunarLanderContinuous-v3,42
440000.0,245.1613,SACDistanceAgentNew,LunarLanderContinuous-v3,42
445000.0,143.9189,SACDistanceAgentNew,LunarLanderContinuous-v3,42
450000.0,212.1879,SACDistanceAgentNew,LunarLanderContinuous-v3,42
455000.0,123.4456,SACDistanceAgentNew,LunarLanderContinuous-v3,42
460000.0,255.47,SACDistanceAgentNew,LunarLanderContinuous-v3,42
465000.0,169.0076,SACDistanceAgentNew,LunarLanderContinuous-v3,42
470000.0,172.0772,SACDistanceAgentNew,LunarLanderContinuous-v3,42
475000.0,166.2386,SACDistanceAgentNew,LunarLanderContinuous-v3,42
480000.0,253.4249,SACDistanceAgentNew,LunarLanderContinuous-v3,42
485000.0,247.6804,SACDistanceAgentNew,LunarLanderContinuous-v3,42
490000.0,223.3349,SACDistanceAgentNew,LunarLanderContinuous-v3,42
495000.0,245.3873,SACDistanceAgentNew,LunarLanderContinuous-v3,42
500000.0,272.4252,SACDistanceAgentNew,LunarLanderContinuous-v3,42
505000.0,255.5114,SACDistanceAgentNew,LunarLanderContinuous-v3,42
510000.0,248.1037,SACDistanceAgentNew,LunarLanderContinuous-v3,42
515000.0,221.7766,SACDistanceAgentNew,LunarLanderContinuous-v3,42
520000.0,242.056,SACDistanceAgentNew,LunarLanderContinuous-v3,42
525000.0,259.1074,SACDistanceAgentNew,LunarLanderContinuous-v3,42
530000.0,254.023,SACDistanceAgentNew,LunarLanderContinuous-v3,42
535000.0,261.5128,SACDistanceAgentNew,LunarLanderContinuous-v3,42
540000.0,247.2701,SACDistanceAgentNew,LunarLanderContinuous-v3,42
545000.0,199.14,SACDistanceAgentNew,LunarLanderContinuous-v3,42
550000.0,190.0644,SACDistanceAgentNew,LunarLanderContinuous-v3,42
555000.0,235.2728,SACDistanceAgentNew,LunarLanderContinuous-v3,42
560000.0,241.1657,SACDistanceAgentNew,LunarLanderContinuous-v3,42
565000.0,198.8391,SACDistanceAgentNew,LunarLanderContinuous-v3,42
570000.0,219.4562,SACDistanceAgentNew,LunarLanderContinuous-v3,42
575000.0,222.7947,SACDistanceAgentNew,LunarLanderContinuous-v3,42
580000.0,248.8623,SACDistanceAgentNew,LunarLanderContinuous-v3,42
585000.0,229.4009,SACDistanceAgentNew,LunarLanderContinuous-v3,42
590000.0,272.1859,SACDistanceAgentNew,LunarLanderContinuous-v3,42
595000.0,171.6693,SACDistanceAgentNew,LunarLanderContinuous-v3,42
600000.0,229.9118,SACDistanceAgentNew,LunarLanderContinuous-v3,42
605000.0,187.0449,SACDistanceAgentNew,LunarLanderContinuous-v3,42
610000.0,191.1641,SACDistanceAgentNew,LunarLanderContinuous-v3,42
615000.0,220.6841,SACDistanceAgentNew,LunarLanderContinuous-v3,42
620000.0,116.2213,SACDistanceAgentNew,LunarLanderContinuous-v3,42
625000.0,267.9506,SACDistanceAgentNew,LunarLanderContinuous-v3,42
630000.0,254.0252,SACDistanceAgentNew,LunarLanderContinuous-v3,42
635000.0,221.4926,SACDistanceAgentNew,LunarLanderContinuous-v3,42
640000.0,142.4724,SACDistanceAgentNew,LunarLanderContinuous-v3,42
645000.0,161.5629,SACDistanceAgentNew,LunarLanderContinuous-v3,42
650000.0,223.9174,SACDistanceAgentNew,LunarLanderContinuous-v3,42
655000.0,188.6992,SACDistanceAgentNew,LunarLanderContinuous-v3,42
660000.0,216.3928,SACDistanceAgentNew,LunarLanderContinuous-v3,42
665000.0,223.9052,SACDistanceAgentNew,LunarLanderContinuous-v3,42
670000.0,250.8301,SACDistanceAgentNew,LunarLanderContinuous-v3,42
675000.0,207.135,SACDistanceAgentNew,LunarLanderContinuous-v3,42
680000.0,193.2368,SACDistanceAgentNew,LunarLanderContinuous-v3,42
685000.0,218.4139,SACDistanceAgentNew,LunarLanderContinuous-v3,42
690000.0,220.0037,SACDistanceAgentNew,LunarLanderContinuous-v3,42
695000.0,198.3255,SACDistanceAgentNew,LunarLanderContinuous-v3,42
700000.0,217.0865,SACDistanceAgentNew,LunarLanderContinuous-v3,42
705000.0,242.3569,SACDistanceAgentNew,LunarLanderContinuous-v3,42
710000.0,243.2992,SACDistanceAgentNew,LunarLanderContinuous-v3,42
715000.0,198.3083,SACDistanceAgentNew,LunarLanderContinuous-v3,42
720000.0,132.2605,SACDistanceAgentNew,LunarLanderContinuous-v3,42
725000.0,218.5349,SACDistanceAgentNew,LunarLanderContinuous-v3,42
730000.0,191.7391,SACDistanceAgentNew,LunarLanderContinuous-v3,42
735000.0,171.1039,SACDistanceAgentNew,LunarLanderContinuous-v3,42
740000.0,190.0941,SACDistanceAgentNew,LunarLanderContinuous-v3,42
745000.0,257.9534,SACDistanceAgentNew,LunarLanderContinuous-v3,42
750000.0,189.3167,SACDistanceAgentNew,LunarLanderContinuous-v3,42
755000.0,201.9485,SACDistanceAgentNew,LunarLanderContinuous-v3,42
760000.0,267.647,SACDistanceAgentNew,LunarLanderContinuous-v3,42
765000.0,221.536,SACDistanceAgentNew,LunarLanderContinuous-v3,42
770000.0,246.5261,SACDistanceAgentNew,LunarLanderContinuous-v3,42
775000.0,160.6324,SACDistanceAgentNew,LunarLanderContinuous-v3,42
780000.0,232.8248,SACDistanceAgentNew,LunarLanderContinuous-v3,42
785000.0,175.3667,SACDistanceAgentNew,LunarLanderContinuous-v3,42
790000.0,217.5101,SACDistanceAgentNew,LunarLanderContinuous-v3,42
795000.0,213.6541,SACDistanceAgentNew,LunarLanderContinuous-v3,42
800000.0,218.6325,SACDistanceAgentNew,LunarLanderContinuous-v3,42
805000.0,215.4922,SACDistanceAgentNew,LunarLanderContinuous-v3,42
810000.0,254.7146,SACDistanceAgentNew,LunarLanderContinuous-v3,42
815000.0,152.0711,SACDistanceAgentNew,LunarLanderContinuous-v3,42
820000.0,194.6332,SACDistanceAgentNew,LunarLanderContinuous-v3,42
825000.0,143.4506,SACDistanceAgentNew,LunarLanderContinuous-v3,42
830000.0,228.0179,SACDistanceAgentNew,LunarLanderContinuous-v3,42
835000.0,192.9164,SACDistanceAgentNew,LunarLanderContinuous-v3,42
840000.0,193.0718,SACDistanceAgentNew,LunarLanderContinuous-v3,42
845000.0,251.8332,SACDistanceAgentNew,LunarLanderContinuous-v3,42
850000.0,242.2132,SACDistanceAgentNew,LunarLanderContinuous-v3,42
855000.0,236.0407,SACDistanceAgentNew,LunarLanderContinuous-v3,42
860000.0,197.8943,SACDistanceAgentNew,LunarLanderContinuous-v3,42
865000.0,246.1826,SACDistanceAgentNew,LunarLanderContinuous-v3,42
870000.0,140.5399,SACDistanceAgentNew,LunarLanderContinuous-v3,42
875000.0,177.0494,SACDistanceAgentNew,LunarLanderContinuous-v3,42
880000.0,245.8999,SACDistanceAgentNew,LunarLanderContinuous-v3,42
885000.0,164.1835,SACDistanceAgentNew,LunarLanderContinuous-v3,42
890000.0,257.1994,SACDistanceAgentNew,LunarLanderContinuous-v3,42
895000.0,191.7122,SACDistanceAgentNew,LunarLanderContinuous-v3,42
900000.0,233.9503,SACDistanceAgentNew,LunarLanderContinuous-v3,42
905000.0,240.4072,SACDistanceAgentNew,LunarLanderContinuous-v3,42
910000.0,145.7974,SACDistanceAgentNew,LunarLanderContinuous-v3,42
915000.0,186.5275,SACDistanceAgentNew,LunarLanderContinuous-v3,42
920000.0,176.5392,SACDistanceAgentNew,LunarLanderContinuous-v3,42
925000.0,169.6097,SACDistanceAgentNew,LunarLanderContinuous-v3,42
930000.0,263.9883,SACDistanceAgentNew,LunarLanderContinuous-v3,42
935000.0,57.4389,SACDistanceAgentNew,LunarLanderContinuous-v3,42
940000.0,253.9095,SACDistanceAgentNew,LunarLanderContinuous-v3,42
945000.0,278.0777,SACDistanceAgentNew,LunarLanderContinuous-v3,42
950000.0,224.104,SACDistanceAgentNew,LunarLanderContinuous-v3,42
955000.0,193.3248,SACDistanceAgentNew,LunarLanderContinuous-v3,42
960000.0,203.1157,SACDistanceAgentNew,LunarLanderContinuous-v3,42
965000.0,216.3646,SACDistanceAgentNew,LunarLanderContinuous-v3,42
970000.0,186.4684,SACDistanceAgentNew,LunarLanderContinuous-v3,42
975000.0,203.8548,SACDistanceAgentNew,LunarLanderContinuous-v3,42
980000.0,3.6857,SACDistanceAgentNew,LunarLanderContinuous-v3,42
985000.0,63.6457,SACDistanceAgentNew,LunarLanderContinuous-v3,42
990000.0,-54.1575,SACDistanceAgentNew,LunarLanderContinuous-v3,42
995000.0,107.3059,SACDistanceAgentNew,LunarLanderContinuous-v3,42
1000000.0,191.8439,SACDistanceAgentNew,LunarLanderContinuous-v3,42
1005000.0,277.9404,SACDistanceAgentNew,LunarLanderContinuous-v3,42
1010000.0,274.712,SACDistanceAgentNew,LunarLanderContinuous-v3,42
1015000.0,117.1915,SACDistanceAgentNew,LunarLanderContinuous-v3,42
1020000.0,226.5652,SACDistanceAgentNew,LunarLanderContinuous-v3,42
1025000.0,235.0335,SACDistanceAgentNew,LunarLanderContinuous-v3,42
1030000.0,126.0213,SACDistanceAgentNew,LunarLanderContinuous-v3,42
1035000.0,246.1329,SACDistanceAgentNew,LunarLanderContinuous-v3,42
1040000.0,216.4354,SACDistanceAgentNew,LunarLanderContinuous-v3,42
1045000.0,243.4956,SACDistanceAgentNew,LunarLanderContinuous-v3,42
1050000.0,161.8917,SACDistanceAgentNew,LunarLanderContinuous-v3,42
1055000.0,159.5782,SACDistanceAgentNew,LunarLanderContinuous-v3,42
1060000.0,186.6985,SACDistanceAgentNew,LunarLanderContinuous-v3,42
1065000.0,216.9926,SACDistanceAgentNew,LunarLanderContinuous-v3,42
1070000.0,192.8828,SACDistanceAgentNew,LunarLanderContinuous-v3,42
1075000.0,228.9805,SACDistanceAgentNew,LunarLanderContinuous-v3,42
1080000.0,238.3353,SACDistanceAgentNew,LunarLanderContinuous-v3,42
1085000.0,249.9645,SACDistanceAgentNew,LunarLanderContinuous-v3,42
1090000.0,141.5136,SACDistanceAgentNew,LunarLanderContinuous-v3,42
1095000.0,-65.9531,SACDistanceAgentNew,LunarLanderContinuous-v3,42
1100000.0,-50.4442,SACDistanceAgentNew,LunarLanderContinuous-v3,42
1105000.0,-97.5958,SACDistanceAgentNew,LunarLanderContinuous-v3,42
1110000.0,-143.9042,SACDistanceAgentNew,LunarLanderContinuous-v3,42
1115000.0,-34.2657,SACDistanceAgentNew,LunarLanderContinuous-v3,42
1120000.0,-9.9303,SACDistanceAgentNew,LunarLanderContinuous-v3,42
1125000.0,-137.6004,SACDistanceAgentNew,LunarLanderContinuous-v3,42
1130000.0,34.9342,SACDistanceAgentNew,LunarLanderContinuous-v3,42
1135000.0,160.6965,SACDistanceAgentNew,LunarLanderContinuous-v3,42
1140000.0,151.6332,SACDistanceAgentNew,LunarLanderContinuous-v3,42
1145000.0,241.368,SACDistanceAgentNew,LunarLanderContinuous-v3,42
1150000.0,177.6535,SACDistanceAgentNew,LunarLanderContinuous-v3,42
1155000.0,65.2163,SACDistanceAgentNew,LunarLanderContinuous-v3,42
1160000.0,169.1191,SACDistanceAgentNew,LunarLanderContinuous-v3,42
1165000.0,258.9915,SACDistanceAgentNew,LunarLanderContinuous-v3,42
1170000.0,228.3164,SACDistanceAgentNew,LunarLanderContinuous-v3,42
1175000.0,215.42,SACDistanceAgentNew,LunarLanderContinuous-v3,42
5000.0,-187.8108,SACDistanceAgentNew,LunarLanderContinuous-v3,32
10000.0,-48.5885,SACDistanceAgentNew,LunarLanderContinuous-v3,32
15000.0,-30.3179,SACDistanceAgentNew,LunarLanderContinuous-v3,32
20000.0,-42.7343,SACDistanceAgentNew,LunarLanderContinuous-v3,32
25000.0,-283.5057,SACDistanceAgentNew,LunarLanderContinuous-v3,32
30000.0,39.9339,SACDistanceAgentNew,LunarLanderContinuous-v3,32
35000.0,-155.4874,SACDistanceAgentNew,LunarLanderContinuous-v3,32
40000.0,225.8988,SACDistanceAgentNew,LunarLanderContinuous-v3,32
45000.0,36.9347,SACDistanceAgentNew,LunarLanderContinuous-v3,32
50000.0,85.738,SACDistanceAgentNew,LunarLanderContinuous-v3,32
55000.0,155.8501,SACDistanceAgentNew,LunarLanderContinuous-v3,32
60000.0,176.3342,SACDistanceAgentNew,LunarLanderContinuous-v3,32
65000.0,235.4063,SACDistanceAgentNew,LunarLanderContinuous-v3,32
70000.0,167.853,SACDistanceAgentNew,LunarLanderContinuous-v3,32
75000.0,113.2551,SACDistanceAgentNew,LunarLanderContinuous-v3,32
80000.0,197.5813,SACDistanceAgentNew,LunarLanderContinuous-v3,32
85000.0,166.694,SACDistanceAgentNew,LunarLanderContinuous-v3,32
90000.0,191.8322,SACDistanceAgentNew,LunarLanderContinuous-v3,32
95000.0,148.532,SACDistanceAgentNew,LunarLanderContinuous-v3,32
100000.0,200.1175,SACDistanceAgentNew,LunarLanderContinuous-v3,32
105000.0,286.7939,SACDistanceAgentNew,LunarLanderContinuous-v3,32
110000.0,244.1685,SACDistanceAgentNew,LunarLanderContinuous-v3,32
115000.0,287.4501,SACDistanceAgentNew,LunarLanderContinuous-v3,32
120000.0,202.4493,SACDistanceAgentNew,LunarLanderContinuous-v3,32
125000.0,285.8197,SACDistanceAgentNew,LunarLanderContinuous-v3,32
130000.0,234.2926,SACDistanceAgentNew,LunarLanderContinuous-v3,32
135000.0,251.3795,SACDistanceAgentNew,LunarLanderContinuous-v3,32
140000.0,253.8555,SACDistanceAgentNew,LunarLanderContinuous-v3,32
145000.0,282.2699,SACDistanceAgentNew,LunarLanderContinuous-v3,32
150000.0,222.5049,SACDistanceAgentNew,LunarLanderContinuous-v3,32
155000.0,283.3432,SACDistanceAgentNew,LunarLanderContinuous-v3,32
160000.0,285.8468,SACDistanceAgentNew,LunarLanderContinuous-v3,32
165000.0,290.3619,SACDistanceAgentNew,LunarLanderContinuous-v3,32
170000.0,278.4278,SACDistanceAgentNew,LunarLanderContinuous-v3,32
175000.0,260.3037,SACDistanceAgentNew,LunarLanderContinuous-v3,32
180000.0,288.3567,SACDistanceAgentNew,LunarLanderContinuous-v3,32
185000.0,201.7168,SACDistanceAgentNew,LunarLanderContinuous-v3,32
190000.0,232.9114,SACDistanceAgentNew,LunarLanderContinuous-v3,32
195000.0,260.2418,SACDistanceAgentNew,LunarLanderContinuous-v3,32
200000.0,205.5607,SACDistanceAgentNew,LunarLanderContinuous-v3,32
205000.0,227.0169,SACDistanceAgentNew,LunarLanderContinuous-v3,32
210000.0,230.4121,SACDistanceAgentNew,LunarLanderContinuous-v3,32
215000.0,198.1599,SACDistanceAgentNew,LunarLanderContinuous-v3,32
220000.0,229.0116,SACDistanceAgentNew,LunarLanderContinuous-v3,32
225000.0,278.2411,SACDistanceAgentNew,LunarLanderContinuous-v3,32
230000.0,246.5214,SACDistanceAgentNew,LunarLanderContinuous-v3,32
235000.0,209.879,SACDistanceAgentNew,LunarLanderContinuous-v3,32
240000.0,228.4527,SACDistanceAgentNew,LunarLanderContinuous-v3,32
245000.0,182.8207,SACDistanceAgentNew,LunarLanderContinuous-v3,32
250000.0,154.0818,SACDistanceAgentNew,LunarLanderContinuous-v3,32
255000.0,232.5956,SACDistanceAgentNew,LunarLanderContinuous-v3,32
260000.0,249.5578,SACDistanceAgentNew,LunarLanderContinuous-v3,32
265000.0,214.9982,SACDistanceAgentNew,LunarLanderContinuous-v3,32
270000.0,157.7009,SACDistanceAgentNew,LunarLanderContinuous-v3,32
275000.0,232.1633,SACDistanceAgentNew,LunarLanderContinuous-v3,32
280000.0,205.5428,SACDistanceAgentNew,LunarLanderContinuous-v3,32
285000.0,213.1182,SACDistanceAgentNew,LunarLanderContinuous-v3,32
290000.0,253.7818,SACDistanceAgentNew,LunarLanderContinuous-v3,32
295000.0,281.4331,SACDistanceAgentNew,LunarLanderContinuous-v3,32
300000.0,267.9066,SACDistanceAgentNew,LunarLanderContinuous-v3,32
305000.0,141.6091,SACDistanceAgentNew,LunarLanderContinuous-v3,32
310000.0,189.3187,SACDistanceAgentNew,LunarLanderContinuous-v3,32
315000.0,27.0105,SACDistanceAgentNew,LunarLanderContinuous-v3,32
320000.0,-79.4295,SACDistanceAgentNew,LunarLanderContinuous-v3,32
325000.0,-62.047,SACDistanceAgentNew,LunarLanderContinuous-v3,32
330000.0,-171.5296,SACDistanceAgentNew,LunarLanderContinuous-v3,32
335000.0,-249.7516,SACDistanceAgentNew,LunarLanderContinuous-v3,32
340000.0,-270.1644,SACDistanceAgentNew,LunarLanderContinuous-v3,32
345000.0,-131.7143,SACDistanceAgentNew,LunarLanderContinuous-v3,32
350000.0,-327.9436,SACDistanceAgentNew,LunarLanderContinuous-v3,32
355000.0,-315.4117,SACDistanceAgentNew,LunarLanderContinuous-v3,32
360000.0,-210.3609,SACDistanceAgentNew,LunarLanderContinuous-v3,32
365000.0,-173.4808,SACDistanceAgentNew,LunarLanderContinuous-v3,32
370000.0,-222.5849,SACDistanceAgentNew,LunarLanderContinuous-v3,32
375000.0,-100.4738,SACDistanceAgentNew,LunarLanderContinuous-v3,32
380000.0,-86.9388,SACDistanceAgentNew,LunarLanderContinuous-v3,32
385000.0,-87.9593,SACDistanceAgentNew,LunarLanderContinuous-v3,32
390000.0,-133.7645,SACDistanceAgentNew,LunarLanderContinuous-v3,32
395000.0,-191.2993,SACDistanceAgentNew,LunarLanderContinuous-v3,32
400000.0,-287.1358,SACDistanceAgentNew,LunarLanderContinuous-v3,32
405000.0,-285.4537,SACDistanceAgentNew,LunarLanderContinuous-v3,32
410000.0,-269.2561,SACDistanceAgentNew,LunarLanderContinuous-v3,32
415000.0,-302.0312,SACDistanceAgentNew,LunarLanderContinuous-v3,32
420000.0,0.9382,SACDistanceAgentNew,LunarLanderContinuous-v3,32
425000.0,10.7186,SACDistanceAgentNew,LunarLanderContinuous-v3,32
430000.0,37.0593,SACDistanceAgentNew,LunarLanderContinuous-v3,32
435000.0,-32.8981,SACDistanceAgentNew,LunarLanderContinuous-v3,32
440000.0,-118.6658,SACDistanceAgentNew,LunarLanderContinuous-v3,32
445000.0,43.5676,SACDistanceAgentNew,LunarLanderContinuous-v3,32
450000.0,90.9547,SACDistanceAgentNew,LunarLanderContinuous-v3,32
455000.0,150.1377,SACDistanceAgentNew,LunarLanderContinuous-v3,32
460000.0,256.882,SACDistanceAgentNew,LunarLanderContinuous-v3,32
465000.0,158.8255,SACDistanceAgentNew,LunarLanderContinuous-v3,32
470000.0,207.3289,SACDistanceAgentNew,LunarLanderContinuous-v3,32
475000.0,246.0776,SACDistanceAgentNew,LunarLanderContinuous-v3,32
480000.0,265.5473,SACDistanceAgentNew,LunarLanderContinuous-v3,32
485000.0,270.5249,SACDistanceAgentNew,LunarLanderContinuous-v3,32
490000.0,233.2131,SACDistanceAgentNew,LunarLanderContinuous-v3,32
495000.0,259.989,SACDistanceAgentNew,LunarLanderContinuous-v3,32
500000.0,229.8908,SACDistanceAgentNew,LunarLanderContinuous-v3,32
505000.0,257.938,SACDistanceAgentNew,LunarLanderContinuous-v3,32
510000.0,219.2143,SACDistanceAgentNew,LunarLanderContinuous-v3,32
515000.0,200.0788,SACDistanceAgentNew,LunarLanderContinuous-v3,32
520000.0,229.7413,SACDistanceAgentNew,LunarLanderContinuous-v3,32
525000.0,233.2409,SACDistanceAgentNew,LunarLanderContinuous-v3,32
530000.0,108.0287,SACDistanceAgentNew,LunarLanderContinuous-v3,32
535000.0,235.1305,SACDistanceAgentNew,LunarLanderContinuous-v3,32
540000.0,261.265,SACDistanceAgentNew,LunarLanderContinuous-v3,32
545000.0,260.9778,SACDistanceAgentNew,LunarLanderContinuous-v3,32
550000.0,259.4074,SACDistanceAgentNew,LunarLanderContinuous-v3,32
555000.0,200.4072,SACDistanceAgentNew,LunarLanderContinuous-v3,32
560000.0,271.2423,SACDistanceAgentNew,LunarLanderContinuous-v3,32
565000.0,227.3829,SACDistanceAgentNew,LunarLanderContinuous-v3,32
570000.0,254.7106,SACDistanceAgentNew,LunarLanderContinuous-v3,32
575000.0,197.6125,SACDistanceAgentNew,LunarLanderContinuous-v3,32
580000.0,219.0639,SACDistanceAgentNew,LunarLanderContinuous-v3,32
585000.0,280.3101,SACDistanceAgentNew,LunarLanderContinuous-v3,32
590000.0,179.3388,SACDistanceAgentNew,LunarLanderContinuous-v3,32
595000.0,239.5549,SACDistanceAgentNew,LunarLanderContinuous-v3,32
600000.0,275.3882,SACDistanceAgentNew,LunarLanderContinuous-v3,32
605000.0,244.9812,SACDistanceAgentNew,LunarLanderContinuous-v3,32
610000.0,129.8821,SACDistanceAgentNew,LunarLanderContinuous-v3,32
615000.0,-126.4049,SACDistanceAgentNew,LunarLanderContinuous-v3,32
620000.0,-230.7533,SACDistanceAgentNew,LunarLanderContinuous-v3,32
625000.0,-319.1123,SACDistanceAgentNew,LunarLanderContinuous-v3,32
630000.0,-549.4688,SACDistanceAgentNew,LunarLanderContinuous-v3,32
635000.0,-400.4708,SACDistanceAgentNew,LunarLanderContinuous-v3,32
640000.0,-39.0684,SACDistanceAgentNew,LunarLanderContinuous-v3,32
645000.0,-45.7827,SACDistanceAgentNew,LunarLanderContinuous-v3,32
650000.0,-166.0997,SACDistanceAgentNew,LunarLanderContinuous-v3,32
655000.0,-205.8347,SACDistanceAgentNew,LunarLanderContinuous-v3,32
660000.0,-284.4357,SACDistanceAgentNew,LunarLanderContinuous-v3,32
665000.0,-193.5998,SACDistanceAgentNew,LunarLanderContinuous-v3,32
670000.0,-102.1824,SACDistanceAgentNew,LunarLanderContinuous-v3,32
675000.0,-103.091,SACDistanceAgentNew,LunarLanderContinuous-v3,32
680000.0,120.862,SACDistanceAgentNew,LunarLanderContinuous-v3,32
685000.0,-69.9978,SACDistanceAgentNew,LunarLanderContinuous-v3,32
690000.0,247.034,SACDistanceAgentNew,LunarLanderContinuous-v3,32
695000.0,104.8994,SACDistanceAgentNew,LunarLanderContinuous-v3,32
700000.0,-30.6647,SACDistanceAgentNew,LunarLanderContinuous-v3,32
705000.0,-9.3354,SACDistanceAgentNew,LunarLanderContinuous-v3,32
710000.0,-107.2042,SACDistanceAgentNew,LunarLanderContinuous-v3,32
715000.0,-16.2115,SACDistanceAgentNew,LunarLanderContinuous-v3,32
720000.0,40.968,SACDistanceAgentNew,LunarLanderContinuous-v3,32
725000.0,55.0539,SACDistanceAgentNew,LunarLanderContinuous-v3,32
730000.0,175.9892,SACDistanceAgentNew,LunarLanderContinuous-v3,32
735000.0,202.2768,SACDistanceAgentNew,LunarLanderContinuous-v3,32
740000.0,235.8972,SACDistanceAgentNew,LunarLanderContinuous-v3,32
745000.0,248.4911,SACDistanceAgentNew,LunarLanderContinuous-v3,32
750000.0,221.2788,SACDistanceAgentNew,LunarLanderContinuous-v3,32
755000.0,242.0685,SACDistanceAgentNew,LunarLanderContinuous-v3,32
760000.0,183.9051,SACDistanceAgentNew,LunarLanderContinuous-v3,32
765000.0,251.5254,SACDistanceAgentNew,LunarLanderContinuous-v3,32
770000.0,105.8095,SACDistanceAgentNew,LunarLanderContinuous-v3,32
775000.0,39.841,SACDistanceAgentNew,LunarLanderContinuous-v3,32
780000.0,248.9036,SACDistanceAgentNew,LunarLanderContinuous-v3,32
785000.0,127.3777,SACDistanceAgentNew,LunarLanderContinuous-v3,32
790000.0,99.2105,SACDistanceAgentNew,LunarLanderContinuous-v3,32
795000.0,107.6266,SACDistanceAgentNew,LunarLanderContinuous-v3,32
800000.0,204.4973,SACDistanceAgentNew,LunarLanderContinuous-v3,32
805000.0,139.7681,SACDistanceAgentNew,LunarLanderContinuous-v3,32
810000.0,197.5346,SACDistanceAgentNew,LunarLanderContinuous-v3,32
815000.0,148.5319,SACDistanceAgentNew,LunarLanderContinuous-v3,32
820000.0,192.2842,SACDistanceAgentNew,LunarLanderContinuous-v3,32
825000.0,97.821,SACDistanceAgentNew,LunarLanderContinuous-v3,32
830000.0,223.1086,SACDistanceAgentNew,LunarLanderContinuous-v3,32
835000.0,130.3469,SACDistanceAgentNew,LunarLanderContinuous-v3,32
840000.0,222.0994,SACDistanceAgentNew,LunarLanderContinuous-v3,32
845000.0,196.3914,SACDistanceAgentNew,LunarLanderContinuous-v3,32
850000.0,145.0996,SACDistanceAgentNew,LunarLanderContinuous-v3,32
855000.0,237.953,SACDistanceAgentNew,LunarLanderContinuous-v3,32
860000.0,74.4944,SACDistanceAgentNew,LunarLanderContinuous-v3,32
865000.0,157.0253,SACDistanceAgentNew,LunarLanderContinuous-v3,32
870000.0,180.5564,SACDistanceAgentNew,LunarLanderContinuous-v3,32
875000.0,-17.3063,SACDistanceAgentNew,LunarLanderContinuous-v3,32
880000.0,-4.7862,SACDistanceAgentNew,LunarLanderContinuous-v3,32
885000.0,224.7954,SACDistanceAgentNew,LunarLanderContinuous-v3,32
890000.0,150.945,SACDistanceAgentNew,LunarLanderContinuous-v3,32
895000.0,121.0211,SACDistanceAgentNew,LunarLanderContinuous-v3,32
900000.0,229.2532,SACDistanceAgentNew,LunarLanderContinuous-v3,32
905000.0,123.6002,SACDistanceAgentNew,LunarLanderContinuous-v3,32
910000.0,215.1266,SACDistanceAgentNew,LunarLanderContinuous-v3,32
915000.0,25.6038,SACDistanceAgentNew,LunarLanderContinuous-v3,32
920000.0,145.4993,SACDistanceAgentNew,LunarLanderContinuous-v3,32
925000.0,113.0225,SACDistanceAgentNew,LunarLanderContinuous-v3,32
930000.0,10.7405,SACDistanceAgentNew,LunarLanderContinuous-v3,32
935000.0,102.6843,SACDistanceAgentNew,LunarLanderContinuous-v3,32
940000.0,-4.8165,SACDistanceAgentNew,LunarLanderContinuous-v3,32
945000.0,12.3635,SACDistanceAgentNew,LunarLanderContinuous-v3,32
950000.0,24.449,SACDistanceAgentNew,LunarLanderContinuous-v3,32
955000.0,-188.6235,SACDistanceAgentNew,LunarLanderContinuous-v3,32
960000.0,-183.4522,SACDistanceAgentNew,LunarLanderContinuous-v3,32
965000.0,181.6761,SACDistanceAgentNew,LunarLanderContinuous-v3,32
970000.0,174.7491,SACDistanceAgentNew,LunarLanderContinuous-v3,32
975000.0,116.7362,SACDistanceAgentNew,LunarLanderContinuous-v3,32
980000.0,241.2779,SACDistanceAgentNew,LunarLanderContinuous-v3,32
985000.0,199.4361,SACDistanceAgentNew,LunarLanderContinuous-v3,32
990000.0,-47.3499,SACDistanceAgentNew,LunarLanderContinuous-v3,32
995000.0,250.9996,SACDistanceAgentNew,LunarLanderContinuous-v3,32
1000000.0,196.214,SACDistanceAgentNew,LunarLanderContinuous-v3,32
1005000.0,96.8956,SACDistanceAgentNew,LunarLanderContinuous-v3,32
1010000.0,43.8335,SACDistanceAgentNew,LunarLanderContinuous-v3,32
1015000.0,268.3556,SACDistanceAgentNew,LunarLanderContinuous-v3,32
1020000.0,145.0589,SACDistanceAgentNew,LunarLanderContinuous-v3,32
1025000.0,215.1418,SACDistanceAgentNew,LunarLanderContinuous-v3,32
1030000.0,242.4398,SACDistanceAgentNew,LunarLanderContinuous-v3,32
1035000.0,39.6133,SACDistanceAgentNew,LunarLanderContinuous-v3,32
1040000.0,12.548,SACDistanceAgentNew,LunarLanderContinuous-v3,32
1045000.0,-107.9989,SACDistanceAgentNew,LunarLanderContinuous-v3,32
1050000.0,-234.4049,SACDistanceAgentNew,LunarLanderContinuous-v3,32
1055000.0,-227.5807,SACDistanceAgentNew,LunarLanderContinuous-v3,32
1060000.0,-28.2416,SACDistanceAgentNew,LunarLanderContinuous-v3,32
1065000.0,-157.3619,SACDistanceAgentNew,LunarLanderContinuous-v3,32
1070000.0,-42.7072,SACDistanceAgentNew,LunarLanderContinuous-v3,32
1075000.0,-171.8839,SACDistanceAgentNew,LunarLanderContinuous-v3,32
1080000.0,-188.8921,SACDistanceAgentNew,LunarLanderContinuous-v3,32
1085000.0,-205.8785,SACDistanceAgentNew,LunarLanderContinuous-v3,32
1090000.0,-460.6391,SACDistanceAgentNew,LunarLanderContinuous-v3,32
1095000.0,-716.6046,SACDistanceAgentNew,LunarLanderContinuous-v3,32
1100000.0,-346.1988,SACDistanceAgentNew,LunarLanderContinuous-v3,32
1105000.0,-254.4375,SACDistanceAgentNew,LunarLanderContinuous-v3,32
1110000.0,-336.3403,SACDistanceAgentNew,LunarLanderContinuous-v3,32
1115000.0,-314.3837,SACDistanceAgentNew,LunarLanderContinuous-v3,32
1120000.0,-239.5664,SACDistanceAgentNew,LunarLanderContinuous-v3,32
1125000.0,-252.6588,SACDistanceAgentNew,LunarLanderContinuous-v3,32
1130000.0,-208.334,SACDistanceAgentNew,LunarLanderContinuous-v3,32
1135000.0,-285.2529,SACDistanceAgentNew,LunarLanderContinuous-v3,32
1140000.0,-351.324,SACDistanceAgentNew,LunarLanderContinuous-v3,32
1145000.0,-359.1356,SACDistanceAgentNew,LunarLanderContinuous-v3,32
1150000.0,-238.1705,SACDistanceAgentNew,LunarLanderContinuous-v3,32
1155000.0,-568.3212,SACDistanceAgentNew,LunarLanderContinuous-v3,32
1160000.0,-448.3344,SACDistanceAgentNew,LunarLanderContinuous-v3,32
1165000.0,-235.1934,SACDistanceAgentNew,LunarLanderContinuous-v3,32
1170000.0,-284.26,SACDistanceAgentNew,LunarLanderContinuous-v3,32
1175000.0,-399.8197,SACDistanceAgentNew,LunarLanderContinuous-v3,32
5000.0,-0.0179,SACDistanceAgentNew,MountainCarContinuous-v0,32
10000.0,-0.0099,SACDistanceAgentNew,MountainCarContinuous-v0,32
15000.0,-0.1601,SACDistanceAgentNew,MountainCarContinuous-v0,32
20000.0,-0.2468,SACDistanceAgentNew,MountainCarContinuous-v0,32
25000.0,-0.0365,SACDistanceAgentNew,MountainCarContinuous-v0,32
30000.0,-0.0032,SACDistanceAgentNew,MountainCarContinuous-v0,32
35000.0,-0.0094,SACDistanceAgentNew,MountainCarContinuous-v0,32
40000.0,-0.0021,SACDistanceAgentNew,MountainCarContinuous-v0,32
45000.0,-0.0007,SACDistanceAgentNew,MountainCarContinuous-v0,32
50000.0,-0.0002,SACDistanceAgentNew,MountainCarContinuous-v0,32
55000.0,-0.0,SACDistanceAgentNew,MountainCarContinuous-v0,32
60000.0,-0.0006,SACDistanceAgentNew,MountainCarContinuous-v0,32
65000.0,-0.0005,SACDistanceAgentNew,MountainCarContinuous-v0,32
70000.0,-0.0001,SACDistanceAgentNew,MountainCarContinuous-v0,32
75000.0,-0.0001,SACDistanceAgentNew,MountainCarContinuous-v0,32
80000.0,-0.0,SACDistanceAgentNew,MountainCarContinuous-v0,32
85000.0,-0.0,SACDistanceAgentNew,MountainCarContinuous-v0,32
90000.0,-0.0004,SACDistanceAgentNew,MountainCarContinuous-v0,32
95000.0,-0.0001,SACDistanceAgentNew,MountainCarContinuous-v0,32
100000.0,-0.0,SACDistanceAgentNew,MountainCarContinuous-v0,32
105000.0,-0.0003,SACDistanceAgentNew,MountainCarContinuous-v0,32
110000.0,-0.0,SACDistanceAgentNew,MountainCarContinuous-v0,32
115000.0,-0.0001,SACDistanceAgentNew,MountainCarContinuous-v0,32
120000.0,-0.0003,SACDistanceAgentNew,MountainCarContinuous-v0,32
125000.0,-0.0,SACDistanceAgentNew,MountainCarContinuous-v0,32
130000.0,-0.0006,SACDistanceAgentNew,MountainCarContinuous-v0,32
135000.0,-0.0,SACDistanceAgentNew,MountainCarContinuous-v0,32
140000.0,-0.0002,SACDistanceAgentNew,MountainCarContinuous-v0,32
145000.0,-0.0002,SACDistanceAgentNew,MountainCarContinuous-v0,32
150000.0,-0.0002,SACDistanceAgentNew,MountainCarContinuous-v0,32
155000.0,-0.0007,SACDistanceAgentNew,MountainCarContinuous-v0,32
160000.0,-0.0003,SACDistanceAgentNew,MountainCarContinuous-v0,32
165000.0,-0.0005,SACDistanceAgentNew,MountainCarContinuous-v0,32
170000.0,-0.0001,SACDistanceAgentNew,MountainCarContinuous-v0,32
175000.0,-0.0002,SACDistanceAgentNew,MountainCarContinuous-v0,32
180000.0,-0.0001,SACDistanceAgentNew,MountainCarContinuous-v0,32
185000.0,-0.0002,SACDistanceAgentNew,MountainCarContinuous-v0,32
190000.0,-0.0004,SACDistanceAgentNew,MountainCarContinuous-v0,32
195000.0,-0.0013,SACDistanceAgentNew,MountainCarContinuous-v0,32
200000.0,-0.0002,SACDistanceAgentNew,MountainCarContinuous-v0,32
205000.0,-0.0006,SACDistanceAgentNew,MountainCarContinuous-v0,32
210000.0,-0.0001,SACDistanceAgentNew,MountainCarContinuous-v0,32
215000.0,-0.0007,SACDistanceAgentNew,MountainCarContinuous-v0,32
220000.0,-0.0005,SACDistanceAgentNew,MountainCarContinuous-v0,32
225000.0,-0.001,SACDistanceAgentNew,MountainCarContinuous-v0,32
230000.0,-0.0016,SACDistanceAgentNew,MountainCarContinuous-v0,32
235000.0,-0.0015,SACDistanceAgentNew,MountainCarContinuous-v0,32
240000.0,-0.0011,SACDistanceAgentNew,MountainCarContinuous-v0,32
245000.0,-0.0124,SACDistanceAgentNew,MountainCarContinuous-v0,32
250000.0,-0.0226,SACDistanceAgentNew,MountainCarContinuous-v0,32
255000.0,-0.025,SACDistanceAgentNew,MountainCarContinuous-v0,32
260000.0,-0.0139,SACDistanceAgentNew,MountainCarContinuous-v0,32
265000.0,-0.0154,SACDistanceAgentNew,MountainCarContinuous-v0,32
270000.0,-0.0089,SACDistanceAgentNew,MountainCarContinuous-v0,32
275000.0,-0.0142,SACDistanceAgentNew,MountainCarContinuous-v0,32
280000.0,-0.0142,SACDistanceAgentNew,MountainCarContinuous-v0,32
285000.0,-0.0366,SACDistanceAgentNew,MountainCarContinuous-v0,32
290000.0,-0.008,SACDistanceAgentNew,MountainCarContinuous-v0,32
295000.0,-0.0187,SACDistanceAgentNew,MountainCarContinuous-v0,32
300000.0,-0.0152,SACDistanceAgentNew,MountainCarContinuous-v0,32
305000.0,-0.069,SACDistanceAgentNew,MountainCarContinuous-v0,32
310000.0,-0.0148,SACDistanceAgentNew,MountainCarContinuous-v0,32
315000.0,-0.0149,SACDistanceAgentNew,MountainCarContinuous-v0,32
320000.0,-0.0104,SACDistanceAgentNew,MountainCarContinuous-v0,32
325000.0,-0.0125,SACDistanceAgentNew,MountainCarContinuous-v0,32
330000.0,-0.0231,SACDistanceAgentNew,MountainCarContinuous-v0,32
335000.0,-0.0148,SACDistanceAgentNew,MountainCarContinuous-v0,32
340000.0,-0.0159,SACDistanceAgentNew,MountainCarContinuous-v0,32
345000.0,-0.008,SACDistanceAgentNew,MountainCarContinuous-v0,32
350000.0,-0.0438,SACDistanceAgentNew,MountainCarContinuous-v0,32
355000.0,-0.0209,SACDistanceAgentNew,MountainCarContinuous-v0,32
360000.0,-0.008,SACDistanceAgentNew,MountainCarContinuous-v0,32
365000.0,-0.0169,SACDistanceAgentNew,MountainCarContinuous-v0,32
370000.0,-0.0109,SACDistanceAgentNew,MountainCarContinuous-v0,32
375000.0,-0.0089,SACDistanceAgentNew,MountainCarContinuous-v0,32
380000.0,-0.0195,SACDistanceAgentNew,MountainCarContinuous-v0,32
385000.0,-0.0077,SACDistanceAgentNew,MountainCarContinuous-v0,32
390000.0,-0.0244,SACDistanceAgentNew,MountainCarContinuous-v0,32
395000.0,-0.0224,SACDistanceAgentNew,MountainCarContinuous-v0,32
400000.0,-0.0224,SACDistanceAgentNew,MountainCarContinuous-v0,32
405000.0,-0.0156,SACDistanceAgentNew,MountainCarContinuous-v0,32
410000.0,-0.0174,SACDistanceAgentNew,MountainCarContinuous-v0,32
415000.0,-0.0271,SACDistanceAgentNew,MountainCarContinuous-v0,32
420000.0,-0.0132,SACDistanceAgentNew,MountainCarContinuous-v0,32
425000.0,-0.0186,SACDistanceAgentNew,MountainCarContinuous-v0,32
430000.0,-0.0101,SACDistanceAgentNew,MountainCarContinuous-v0,32
435000.0,-0.0295,SACDistanceAgentNew,MountainCarContinuous-v0,32
440000.0,-0.0191,SACDistanceAgentNew,MountainCarContinuous-v0,32
445000.0,-0.0269,SACDistanceAgentNew,MountainCarContinuous-v0,32
450000.0,-0.017,SACDistanceAgentNew,MountainCarContinuous-v0,32
455000.0,-0.029,SACDistanceAgentNew,MountainCarContinuous-v0,32
460000.0,-0.025,SACDistanceAgentNew,MountainCarContinuous-v0,32
465000.0,-0.0167,SACDistanceAgentNew,MountainCarContinuous-v0,32
470000.0,-0.0237,SACDistanceAgentNew,MountainCarContinuous-v0,32
475000.0,-0.0538,SACDistanceAgentNew,MountainCarContinuous-v0,32
480000.0,-0.0942,SACDistanceAgentNew,MountainCarContinuous-v0,32
485000.0,-0.0177,SACDistanceAgentNew,MountainCarContinuous-v0,32
490000.0,-0.0532,SACDistanceAgentNew,MountainCarContinuous-v0,32
495000.0,-0.023,SACDistanceAgentNew,MountainCarContinuous-v0,32
500000.0,-0.0316,SACDistanceAgentNew,MountainCarContinuous-v0,32
505000.0,-0.0449,SACDistanceAgentNew,MountainCarContinuous-v0,32
510000.0,-0.0346,SACDistanceAgentNew,MountainCarContinuous-v0,32
515000.0,-0.0646,SACDistanceAgentNew,MountainCarContinuous-v0,32
520000.0,-0.0313,SACDistanceAgentNew,MountainCarContinuous-v0,32
525000.0,-0.0206,SACDistanceAgentNew,MountainCarContinuous-v0,32
530000.0,-0.0182,SACDistanceAgentNew,MountainCarContinuous-v0,32
535000.0,-0.0695,SACDistanceAgentNew,MountainCarContinuous-v0,32
540000.0,-0.0606,SACDistanceAgentNew,MountainCarContinuous-v0,32
545000.0,-0.0325,SACDistanceAgentNew,MountainCarContinuous-v0,32
550000.0,-0.0435,SACDistanceAgentNew,MountainCarContinuous-v0,32
555000.0,-0.078,SACDistanceAgentNew,MountainCarContinuous-v0,32
560000.0,-0.0287,SACDistanceAgentNew,MountainCarContinuous-v0,32
565000.0,-0.0506,SACDistanceAgentNew,MountainCarContinuous-v0,32
570000.0,-0.08,SACDistanceAgentNew,MountainCarContinuous-v0,32
575000.0,-0.036,SACDistanceAgentNew,MountainCarContinuous-v0,32
580000.0,-0.0516,SACDistanceAgentNew,MountainCarContinuous-v0,32
585000.0,-0.0569,SACDistanceAgentNew,MountainCarContinuous-v0,32
590000.0,-0.0787,SACDistanceAgentNew,MountainCarContinuous-v0,32
595000.0,-0.0345,SACDistanceAgentNew,MountainCarContinuous-v0,32
600000.0,-0.0388,SACDistanceAgentNew,MountainCarContinuous-v0,32
605000.0,-0.0331,SACDistanceAgentNew,MountainCarContinuous-v0,32
610000.0,-0.0708,SACDistanceAgentNew,MountainCarContinuous-v0,32
615000.0,-0.1263,SACDistanceAgentNew,MountainCarContinuous-v0,32
620000.0,-0.0922,SACDistanceAgentNew,MountainCarContinuous-v0,32
625000.0,-0.0987,SACDistanceAgentNew,MountainCarContinuous-v0,32
630000.0,-0.0434,SACDistanceAgentNew,MountainCarContinuous-v0,32
635000.0,-0.0755,SACDistanceAgentNew,MountainCarContinuous-v0,32
640000.0,-0.0673,SACDistanceAgentNew,MountainCarContinuous-v0,32
645000.0,-0.0722,SACDistanceAgentNew,MountainCarContinuous-v0,32
650000.0,-0.0732,SACDistanceAgentNew,MountainCarContinuous-v0,32
655000.0,-0.1665,SACDistanceAgentNew,MountainCarContinuous-v0,32
660000.0,-0.0231,SACDistanceAgentNew,MountainCarContinuous-v0,32
665000.0,-0.0665,SACDistanceAgentNew,MountainCarContinuous-v0,32
670000.0,-0.0568,SACDistanceAgentNew,MountainCarContinuous-v0,32
675000.0,-0.0176,SACDistanceAgentNew,MountainCarContinuous-v0,32
680000.0,-0.029,SACDistanceAgentNew,MountainCarContinuous-v0,32
685000.0,-0.0886,SACDistanceAgentNew,MountainCarContinuous-v0,32
690000.0,-0.0734,SACDistanceAgentNew,MountainCarContinuous-v0,32
695000.0,-0.0496,SACDistanceAgentNew,MountainCarContinuous-v0,32
700000.0,-0.1171,SACDistanceAgentNew,MountainCarContinuous-v0,32
705000.0,-0.0347,SACDistanceAgentNew,MountainCarContinuous-v0,32
710000.0,-0.1368,SACDistanceAgentNew,MountainCarContinuous-v0,32
715000.0,-0.0666,SACDistanceAgentNew,MountainCarContinuous-v0,32
720000.0,-0.7095,SACDistanceAgentNew,MountainCarContinuous-v0,32
725000.0,-0.0339,SACDistanceAgentNew,MountainCarContinuous-v0,32
730000.0,-0.1054,SACDistanceAgentNew,MountainCarContinuous-v0,32
735000.0,-0.3947,SACDistanceAgentNew,MountainCarContinuous-v0,32
740000.0,-0.0519,SACDistanceAgentNew,MountainCarContinuous-v0,32
745000.0,-0.0662,SACDistanceAgentNew,MountainCarContinuous-v0,32
750000.0,-0.0863,SACDistanceAgentNew,MountainCarContinuous-v0,32
755000.0,-0.1288,SACDistanceAgentNew,MountainCarContinuous-v0,32
760000.0,-0.1215,SACDistanceAgentNew,MountainCarContinuous-v0,32
765000.0,-0.1466,SACDistanceAgentNew,MountainCarContinuous-v0,32
770000.0,-0.06,SACDistanceAgentNew,MountainCarContinuous-v0,32
775000.0,-0.1619,SACDistanceAgentNew,MountainCarContinuous-v0,32
780000.0,-0.1676,SACDistanceAgentNew,MountainCarContinuous-v0,32
785000.0,-0.1006,SACDistanceAgentNew,MountainCarContinuous-v0,32
790000.0,-0.0723,SACDistanceAgentNew,MountainCarContinuous-v0,32
795000.0,-0.146,SACDistanceAgentNew,MountainCarContinuous-v0,32
800000.0,-0.09,SACDistanceAgentNew,MountainCarContinuous-v0,32
805000.0,-0.1318,SACDistanceAgentNew,MountainCarContinuous-v0,32
810000.0,-0.151,SACDistanceAgentNew,MountainCarContinuous-v0,32
815000.0,-0.1188,SACDistanceAgentNew,MountainCarContinuous-v0,32
820000.0,-0.1493,SACDistanceAgentNew,MountainCarContinuous-v0,32
825000.0,-0.2068,SACDistanceAgentNew,MountainCarContinuous-v0,32
830000.0,-0.071,SACDistanceAgentNew,MountainCarContinuous-v0,32
835000.0,-0.0816,SACDistanceAgentNew,MountainCarContinuous-v0,32
840000.0,-0.1228,SACDistanceAgentNew,MountainCarContinuous-v0,32
845000.0,-0.0909,SACDistanceAgentNew,MountainCarContinuous-v0,32
850000.0,-0.0994,SACDistanceAgentNew,MountainCarContinuous-v0,32
855000.0,-0.0857,SACDistanceAgentNew,MountainCarContinuous-v0,32
860000.0,-0.097,SACDistanceAgentNew,MountainCarContinuous-v0,32
865000.0,-0.1049,SACDistanceAgentNew,MountainCarContinuous-v0,32
870000.0,-0.0681,SACDistanceAgentNew,MountainCarContinuous-v0,32
875000.0,-0.1238,SACDistanceAgentNew,MountainCarContinuous-v0,32
880000.0,-0.1428,SACDistanceAgentNew,MountainCarContinuous-v0,32
885000.0,-0.0908,SACDistanceAgentNew,MountainCarContinuous-v0,32
890000.0,-0.0488,SACDistanceAgentNew,MountainCarContinuous-v0,32
895000.0,-0.1322,SACDistanceAgentNew,MountainCarContinuous-v0,32
900000.0,-0.1678,SACDistanceAgentNew,MountainCarContinuous-v0,32
905000.0,-0.1399,SACDistanceAgentNew,MountainCarContinuous-v0,32
910000.0,-0.1023,SACDistanceAgentNew,MountainCarContinuous-v0,32
915000.0,-0.2156,SACDistanceAgentNew,MountainCarContinuous-v0,32
920000.0,-0.1862,SACDistanceAgentNew,MountainCarContinuous-v0,32
925000.0,-0.1686,SACDistanceAgentNew,MountainCarContinuous-v0,32
930000.0,-0.371,SACDistanceAgentNew,MountainCarContinuous-v0,32
935000.0,-0.133,SACDistanceAgentNew,MountainCarContinuous-v0,32
940000.0,-0.1367,SACDistanceAgentNew,MountainCarContinuous-v0,32
945000.0,-0.1383,SACDistanceAgentNew,MountainCarContinuous-v0,32
950000.0,-0.1006,SACDistanceAgentNew,MountainCarContinuous-v0,32
955000.0,-0.0757,SACDistanceAgentNew,MountainCarContinuous-v0,32
960000.0,-0.0853,SACDistanceAgentNew,MountainCarContinuous-v0,32
965000.0,-0.1904,SACDistanceAgentNew,MountainCarContinuous-v0,32
970000.0,-0.0651,SACDistanceAgentNew,MountainCarContinuous-v0,32
975000.0,-0.1052,SACDistanceAgentNew,MountainCarContinuous-v0,32
980000.0,-0.0506,SACDistanceAgentNew,MountainCarContinuous-v0,32
985000.0,-0.1257,SACDistanceAgentNew,MountainCarContinuous-v0,32
990000.0,-0.119,SACDistanceAgentNew,MountainCarContinuous-v0,32
995000.0,-0.19,SACDistanceAgentNew,MountainCarContinuous-v0,32
1000000.0,-0.1173,SACDistanceAgentNew,MountainCarContinuous-v0,32
1005000.0,-0.0858,SACDistanceAgentNew,MountainCarContinuous-v0,32
1010000.0,-0.1026,SACDistanceAgentNew,MountainCarContinuous-v0,32
1015000.0,-0.0814,SACDistanceAgentNew,MountainCarContinuous-v0,32
1020000.0,-0.1143,SACDistanceAgentNew,MountainCarContinuous-v0,32
1025000.0,-0.1372,SACDistanceAgentNew,MountainCarContinuous-v0,32
1030000.0,-0.1203,SACDistanceAgentNew,MountainCarContinuous-v0,32
1035000.0,-0.0661,SACDistanceAgentNew,MountainCarContinuous-v0,32
1040000.0,-0.0724,SACDistanceAgentNew,MountainCarContinuous-v0,32
1045000.0,-0.1517,SACDistanceAgentNew,MountainCarContinuous-v0,32
1050000.0,-0.153,SACDistanceAgentNew,MountainCarContinuous-v0,32
1055000.0,-0.179,SACDistanceAgentNew,MountainCarContinuous-v0,32
1060000.0,-0.1333,SACDistanceAgentNew,MountainCarContinuous-v0,32
1065000.0,-0.1279,SACDistanceAgentNew,MountainCarContinuous-v0,32
1070000.0,-0.1112,SACDistanceAgentNew,MountainCarContinuous-v0,32
1075000.0,-0.1104,SACDistanceAgentNew,MountainCarContinuous-v0,32
1080000.0,-0.0625,SACDistanceAgentNew,MountainCarContinuous-v0,32
1085000.0,-0.1321,SACDistanceAgentNew,MountainCarContinuous-v0,32
1090000.0,-0.1467,SACDistanceAgentNew,MountainCarContinuous-v0,32
1095000.0,-0.2601,SACDistanceAgentNew,MountainCarContinuous-v0,32
1100000.0,-0.1776,SACDistanceAgentNew,MountainCarContinuous-v0,32
1105000.0,-0.1807,SACDistanceAgentNew,MountainCarContinuous-v0,32
1110000.0,-0.1781,SACDistanceAgentNew,MountainCarContinuous-v0,32
1115000.0,-0.1277,SACDistanceAgentNew,MountainCarContinuous-v0,32
1120000.0,-0.1095,SACDistanceAgentNew,MountainCarContinuous-v0,32
1125000.0,-0.0803,SACDistanceAgentNew,MountainCarContinuous-v0,32
1130000.0,-0.1049,SACDistanceAgentNew,MountainCarContinuous-v0,32
1135000.0,-0.1216,SACDistanceAgentNew,MountainCarContinuous-v0,32
1140000.0,-0.0629,SACDistanceAgentNew,MountainCarContinuous-v0,32
1145000.0,-0.1123,SACDistanceAgentNew,MountainCarContinuous-v0,32
1150000.0,-0.0454,SACDistanceAgentNew,MountainCarContinuous-v0,32
1155000.0,-0.1295,SACDistanceAgentNew,MountainCarContinuous-v0,32
1160000.0,-0.0892,SACDistanceAgentNew,MountainCarContinuous-v0,32
1165000.0,-0.2392,SACDistanceAgentNew,MountainCarContinuous-v0,32
5000.0,-1317.0214,SACDistanceAgentNew,Pendulum-v1,32
10000.0,-138.2383,SACDistanceAgentNew,Pendulum-v1,32
15000.0,-125.6149,SACDistanceAgentNew,Pendulum-v1,32
20000.0,-170.283,SACDistanceAgentNew,Pendulum-v1,32
25000.0,-183.1103,SACDistanceAgentNew,Pendulum-v1,32
30000.0,-132.5316,SACDistanceAgentNew,Pendulum-v1,32
35000.0,-157.2277,SACDistanceAgentNew,Pendulum-v1,32
40000.0,-133.6748,SACDistanceAgentNew,Pendulum-v1,32
45000.0,-156.5691,SACDistanceAgentNew,Pendulum-v1,32
50000.0,-156.7526,SACDistanceAgentNew,Pendulum-v1,32
55000.0,-209.7958,SACDistanceAgentNew,Pendulum-v1,32
60000.0,-168.5484,SACDistanceAgentNew,Pendulum-v1,32
65000.0,-139.0198,SACDistanceAgentNew,Pendulum-v1,32
70000.0,-120.6124,SACDistanceAgentNew,Pendulum-v1,32
75000.0,-157.3733,SACDistanceAgentNew,Pendulum-v1,32
80000.0,-137.711,SACDistanceAgentNew,Pendulum-v1,32
85000.0,-144.1541,SACDistanceAgentNew,Pendulum-v1,32
90000.0,-135.7039,SACDistanceAgentNew,Pendulum-v1,32
95000.0,-161.2023,SACDistanceAgentNew,Pendulum-v1,32
100000.0,-172.724,SACDistanceAgentNew,Pendulum-v1,32
105000.0,-121.3904,SACDistanceAgentNew,Pendulum-v1,32
110000.0,-141.6135,SACDistanceAgentNew,Pendulum-v1,32
115000.0,-222.6576,SACDistanceAgentNew,Pendulum-v1,32
120000.0,-140.0078,SACDistanceAgentNew,Pendulum-v1,32
125000.0,-166.2046,SACDistanceAgentNew,Pendulum-v1,32
130000.0,-156.5771,SACDistanceAgentNew,Pendulum-v1,32
135000.0,-169.9889,SACDistanceAgentNew,Pendulum-v1,32
140000.0,-143.3066,SACDistanceAgentNew,Pendulum-v1,32
145000.0,-143.7244,SACDistanceAgentNew,Pendulum-v1,32
150000.0,-108.1367,SACDistanceAgentNew,Pendulum-v1,32
155000.0,-157.4875,SACDistanceAgentNew,Pendulum-v1,32
160000.0,-97.1253,SACDistanceAgentNew,Pendulum-v1,32
165000.0,-166.9927,SACDistanceAgentNew,Pendulum-v1,32
170000.0,-164.0862,SACDistanceAgentNew,Pendulum-v1,32
175000.0,-180.6249,SACDistanceAgentNew,Pendulum-v1,32
180000.0,-134.8137,SACDistanceAgentNew,Pendulum-v1,32
185000.0,-166.2428,SACDistanceAgentNew,Pendulum-v1,32
190000.0,-185.2325,SACDistanceAgentNew,Pendulum-v1,32
195000.0,-160.1048,SACDistanceAgentNew,Pendulum-v1,32
200000.0,-150.7928,SACDistanceAgentNew,Pendulum-v1,32
205000.0,-161.0085,SACDistanceAgentNew,Pendulum-v1,32
210000.0,-176.0137,SACDistanceAgentNew,Pendulum-v1,32
215000.0,-144.8823,SACDistanceAgentNew,Pendulum-v1,32
220000.0,-174.9667,SACDistanceAgentNew,Pendulum-v1,32
225000.0,-131.8145,SACDistanceAgentNew,Pendulum-v1,32
230000.0,-180.6026,SACDistanceAgentNew,Pendulum-v1,32
235000.0,-148.2365,SACDistanceAgentNew,Pendulum-v1,32
240000.0,-119.3319,SACDistanceAgentNew,Pendulum-v1,32
245000.0,-207.6431,SACDistanceAgentNew,Pendulum-v1,32
250000.0,-349.2472,SACDistanceAgentNew,Pendulum-v1,32
255000.0,-191.1091,SACDistanceAgentNew,Pendulum-v1,32
260000.0,-230.5887,SACDistanceAgentNew,Pendulum-v1,32
265000.0,-147.551,SACDistanceAgentNew,Pendulum-v1,32
270000.0,-124.3656,SACDistanceAgentNew,Pendulum-v1,32
275000.0,-117.6791,SACDistanceAgentNew,Pendulum-v1,32
280000.0,-118.5028,SACDistanceAgentNew,Pendulum-v1,32
285000.0,-194.4852,SACDistanceAgentNew,Pendulum-v1,32
290000.0,-146.1274,SACDistanceAgentNew,Pendulum-v1,32
295000.0,-128.3692,SACDistanceAgentNew,Pendulum-v1,32
300000.0,-181.8878,SACDistanceAgentNew,Pendulum-v1,32
305000.0,-122.3217,SACDistanceAgentNew,Pendulum-v1,32
310000.0,-175.7834,SACDistanceAgentNew,Pendulum-v1,32
315000.0,-177.4012,SACDistanceAgentNew,Pendulum-v1,32
320000.0,-150.4916,SACDistanceAgentNew,Pendulum-v1,32
325000.0,-157.957,SACDistanceAgentNew,Pendulum-v1,32
330000.0,-167.949,SACDistanceAgentNew,Pendulum-v1,32
335000.0,-148.7004,SACDistanceAgentNew,Pendulum-v1,32
340000.0,-160.8173,SACDistanceAgentNew,Pendulum-v1,32
345000.0,-203.473,SACDistanceAgentNew,Pendulum-v1,32
350000.0,-123.4354,SACDistanceAgentNew,Pendulum-v1,32
355000.0,-202.3368,SACDistanceAgentNew,Pendulum-v1,32
360000.0,-124.7822,SACDistanceAgentNew,Pendulum-v1,32
365000.0,-189.5243,SACDistanceAgentNew,Pendulum-v1,32
370000.0,-160.1482,SACDistanceAgentNew,Pendulum-v1,32
375000.0,-148.1488,SACDistanceAgentNew,Pendulum-v1,32
380000.0,-141.676,SACDistanceAgentNew,Pendulum-v1,32
385000.0,-132.1062,SACDistanceAgentNew,Pendulum-v1,32
390000.0,-165.4873,SACDistanceAgentNew,Pendulum-v1,32
395000.0,-127.479,SACDistanceAgentNew,Pendulum-v1,32
400000.0,-143.1153,SACDistanceAgentNew,Pendulum-v1,32
405000.0,-203.7574,SACDistanceAgentNew,Pendulum-v1,32
410000.0,-201.9853,SACDistanceAgentNew,Pendulum-v1,32
415000.0,-169.7608,SACDistanceAgentNew,Pendulum-v1,32
420000.0,-193.164,SACDistanceAgentNew,Pendulum-v1,32
425000.0,-186.6769,SACDistanceAgentNew,Pendulum-v1,32
430000.0,-160.7806,SACDistanceAgentNew,Pendulum-v1,32
435000.0,-158.6454,SACDistanceAgentNew,Pendulum-v1,32
440000.0,-217.2876,SACDistanceAgentNew,Pendulum-v1,32
445000.0,-145.4379,SACDistanceAgentNew,Pendulum-v1,32
450000.0,-182.7756,SACDistanceAgentNew,Pendulum-v1,32
455000.0,-194.335,SACDistanceAgentNew,Pendulum-v1,32
460000.0,-186.0816,SACDistanceAgentNew,Pendulum-v1,32
465000.0,-222.4781,SACDistanceAgentNew,Pendulum-v1,32
470000.0,-114.4866,SACDistanceAgentNew,Pendulum-v1,32
475000.0,-147.4694,SACDistanceAgentNew,Pendulum-v1,32
480000.0,-136.7775,SACDistanceAgentNew,Pendulum-v1,32
485000.0,-161.824,SACDistanceAgentNew,Pendulum-v1,32
490000.0,-142.1562,SACDistanceAgentNew,Pendulum-v1,32
495000.0,-160.7801,SACDistanceAgentNew,Pendulum-v1,32
500000.0,-187.3418,SACDistanceAgentNew,Pendulum-v1,32
505000.0,-159.2057,SACDistanceAgentNew,Pendulum-v1,32
510000.0,-191.4877,SACDistanceAgentNew,Pendulum-v1,32
515000.0,-157.1766,SACDistanceAgentNew,Pendulum-v1,32
520000.0,-127.0871,SACDistanceAgentNew,Pendulum-v1,32
525000.0,-214.6508,SACDistanceAgentNew,Pendulum-v1,32
530000.0,-241.8582,SACDistanceAgentNew,Pendulum-v1,32
535000.0,-167.8081,SACDistanceAgentNew,Pendulum-v1,32
540000.0,-201.5232,SACDistanceAgentNew,Pendulum-v1,32
545000.0,-408.3616,SACDistanceAgentNew,Pendulum-v1,32
550000.0,-173.4014,SACDistanceAgentNew,Pendulum-v1,32
555000.0,-172.9339,SACDistanceAgentNew,Pendulum-v1,32
560000.0,-176.3465,SACDistanceAgentNew,Pendulum-v1,32
565000.0,-158.0214,SACDistanceAgentNew,Pendulum-v1,32
570000.0,-110.1429,SACDistanceAgentNew,Pendulum-v1,32
575000.0,-180.5709,SACDistanceAgentNew,Pendulum-v1,32
580000.0,-168.8007,SACDistanceAgentNew,Pendulum-v1,32
585000.0,-194.8544,SACDistanceAgentNew,Pendulum-v1,32
590000.0,-148.768,SACDistanceAgentNew,Pendulum-v1,32
595000.0,-205.8439,SACDistanceAgentNew,Pendulum-v1,32
600000.0,-193.8318,SACDistanceAgentNew,Pendulum-v1,32
605000.0,-160.7299,SACDistanceAgentNew,Pendulum-v1,32
610000.0,-148.8666,SACDistanceAgentNew,Pendulum-v1,32
615000.0,-240.2458,SACDistanceAgentNew,Pendulum-v1,32
620000.0,-152.3822,SACDistanceAgentNew,Pendulum-v1,32
625000.0,-202.0469,SACDistanceAgentNew,Pendulum-v1,32
630000.0,-185.1839,SACDistanceAgentNew,Pendulum-v1,32
635000.0,-352.0418,SACDistanceAgentNew,Pendulum-v1,32
640000.0,-191.3596,SACDistanceAgentNew,Pendulum-v1,32
645000.0,-148.4281,SACDistanceAgentNew,Pendulum-v1,32
650000.0,-214.0066,SACDistanceAgentNew,Pendulum-v1,32
655000.0,-446.9142,SACDistanceAgentNew,Pendulum-v1,32
660000.0,-596.4485,SACDistanceAgentNew,Pendulum-v1,32
665000.0,-219.2796,SACDistanceAgentNew,Pendulum-v1,32
670000.0,-183.5867,SACDistanceAgentNew,Pendulum-v1,32
675000.0,-188.8404,SACDistanceAgentNew,Pendulum-v1,32
680000.0,-231.0936,SACDistanceAgentNew,Pendulum-v1,32
685000.0,-155.4777,SACDistanceAgentNew,Pendulum-v1,32
690000.0,-173.4407,SACDistanceAgentNew,Pendulum-v1,32
695000.0,-244.5659,SACDistanceAgentNew,Pendulum-v1,32
700000.0,-163.6475,SACDistanceAgentNew,Pendulum-v1,32
705000.0,-203.6021,SACDistanceAgentNew,Pendulum-v1,32
710000.0,-146.6843,SACDistanceAgentNew,Pendulum-v1,32
715000.0,-153.4535,SACDistanceAgentNew,Pendulum-v1,32
720000.0,-129.7476,SACDistanceAgentNew,Pendulum-v1,32
725000.0,-198.5361,SACDistanceAgentNew,Pendulum-v1,32
730000.0,-135.339,SACDistanceAgentNew,Pendulum-v1,32
735000.0,-128.2923,SACDistanceAgentNew,Pendulum-v1,32
740000.0,-130.8249,SACDistanceAgentNew,Pendulum-v1,32
745000.0,-312.0168,SACDistanceAgentNew,Pendulum-v1,32
750000.0,-170.4968,SACDistanceAgentNew,Pendulum-v1,32
755000.0,-197.8332,SACDistanceAgentNew,Pendulum-v1,32
760000.0,-203.3776,SACDistanceAgentNew,Pendulum-v1,32
765000.0,-128.3122,SACDistanceAgentNew,Pendulum-v1,32
770000.0,-225.9196,SACDistanceAgentNew,Pendulum-v1,32
775000.0,-172.4494,SACDistanceAgentNew,Pendulum-v1,32
780000.0,-207.7229,SACDistanceAgentNew,Pendulum-v1,32
785000.0,-150.3865,SACDistanceAgentNew,Pendulum-v1,32
790000.0,-185.3348,SACDistanceAgentNew,Pendulum-v1,32
795000.0,-139.342,SACDistanceAgentNew,Pendulum-v1,32
800000.0,-171.8396,SACDistanceAgentNew,Pendulum-v1,32
805000.0,-145.2287,SACDistanceAgentNew,Pendulum-v1,32
810000.0,-168.8388,SACDistanceAgentNew,Pendulum-v1,32
815000.0,-344.4251,SACDistanceAgentNew,Pendulum-v1,32
820000.0,-196.6347,SACDistanceAgentNew,Pendulum-v1,32
825000.0,-126.5009,SACDistanceAgentNew,Pendulum-v1,32
830000.0,-161.1969,SACDistanceAgentNew,Pendulum-v1,32
835000.0,-330.0318,SACDistanceAgentNew,Pendulum-v1,32
840000.0,-173.0,SACDistanceAgentNew,Pendulum-v1,32
845000.0,-241.2483,SACDistanceAgentNew,Pendulum-v1,32
850000.0,-151.6595,SACDistanceAgentNew,Pendulum-v1,32
855000.0,-143.3839,SACDistanceAgentNew,Pendulum-v1,32
860000.0,-150.6019,SACDistanceAgentNew,Pendulum-v1,32
865000.0,-154.5018,SACDistanceAgentNew,Pendulum-v1,32
870000.0,-154.4916,SACDistanceAgentNew,Pendulum-v1,32
875000.0,-130.7915,SACDistanceAgentNew,Pendulum-v1,32
880000.0,-203.1564,SACDistanceAgentNew,Pendulum-v1,32
885000.0,-122.0707,SACDistanceAgentNew,Pendulum-v1,32
890000.0,-151.7606,SACDistanceAgentNew,Pendulum-v1,32
895000.0,-141.2286,SACDistanceAgentNew,Pendulum-v1,32
900000.0,-140.6502,SACDistanceAgentNew,Pendulum-v1,32
905000.0,-163.9858,SACDistanceAgentNew,Pendulum-v1,32
910000.0,-164.6953,SACDistanceAgentNew,Pendulum-v1,32
915000.0,-159.7729,SACDistanceAgentNew,Pendulum-v1,32
920000.0,-277.0506,SACDistanceAgentNew,Pendulum-v1,32
925000.0,-163.4377,SACDistanceAgentNew,Pendulum-v1,32
930000.0,-110.1807,SACDistanceAgentNew,Pendulum-v1,32
935000.0,-304.0247,SACDistanceAgentNew,Pendulum-v1,32
940000.0,-196.8022,SACDistanceAgentNew,Pendulum-v1,32
945000.0,-154.2245,SACDistanceAgentNew,Pendulum-v1,32
950000.0,-192.3055,SACDistanceAgentNew,Pendulum-v1,32
955000.0,-309.3093,SACDistanceAgentNew,Pendulum-v1,32
960000.0,-183.6934,SACDistanceAgentNew,Pendulum-v1,32
965000.0,-153.7486,SACDistanceAgentNew,Pendulum-v1,32
970000.0,-145.6723,SACDistanceAgentNew,Pendulum-v1,32
975000.0,-171.2304,SACDistanceAgentNew,Pendulum-v1,32
980000.0,-169.6429,SACDistanceAgentNew,Pendulum-v1,32
985000.0,-245.8126,SACDistanceAgentNew,Pendulum-v1,32
990000.0,-185.2085,SACDistanceAgentNew,Pendulum-v1,32
995000.0,-219.2019,SACDistanceAgentNew,Pendulum-v1,32
1000000.0,-161.4905,SACDistanceAgentNew,Pendulum-v1,32
1005000.0,-161.8519,SACDistanceAgentNew,Pendulum-v1,32
1010000.0,-197.7958,SACDistanceAgentNew,Pendulum-v1,32
1015000.0,-167.8204,SACDistanceAgentNew,Pendulum-v1,32
1020000.0,-172.1255,SACDistanceAgentNew,Pendulum-v1,32
1025000.0,-126.1994,SACDistanceAgentNew,Pendulum-v1,32
1030000.0,-230.8422,SACDistanceAgentNew,Pendulum-v1,32
1035000.0,-145.2513,SACDistanceAgentNew,Pendulum-v1,32
1040000.0,-94.0053,SACDistanceAgentNew,Pendulum-v1,32
1045000.0,-125.1444,SACDistanceAgentNew,Pendulum-v1,32
1050000.0,-180.4045,SACDistanceAgentNew,Pendulum-v1,32
1055000.0,-196.7292,SACDistanceAgentNew,Pendulum-v1,32
1060000.0,-178.268,SACDistanceAgentNew,Pendulum-v1,32
1065000.0,-207.1253,SACDistanceAgentNew,Pendulum-v1,32
1070000.0,-170.0204,SACDistanceAgentNew,Pendulum-v1,32
1075000.0,-185.2453,SACDistanceAgentNew,Pendulum-v1,32
1080000.0,-207.0803,SACDistanceAgentNew,Pendulum-v1,32
1085000.0,-191.0119,SACDistanceAgentNew,Pendulum-v1,32
1090000.0,-175.2027,SACDistanceAgentNew,Pendulum-v1,32
1095000.0,-182.7042,SACDistanceAgentNew,Pendulum-v1,32
1100000.0,-191.8358,SACDistanceAgentNew,Pendulum-v1,32
1105000.0,-137.6421,SACDistanceAgentNew,Pendulum-v1,32
1110000.0,-202.3635,SACDistanceAgentNew,Pendulum-v1,32
1115000.0,-138.8457,SACDistanceAgentNew,Pendulum-v1,32
1120000.0,-172.2575,SACDistanceAgentNew,Pendulum-v1,32
1125000.0,-167.1326,SACDistanceAgentNew,Pendulum-v1,32
1130000.0,-157.1075,SACDistanceAgentNew,Pendulum-v1,32
1135000.0,-175.5485,SACDistanceAgentNew,Pendulum-v1,32
1140000.0,-181.0174,SACDistanceAgentNew,Pendulum-v1,32
1145000.0,-140.683,SACDistanceAgentNew,Pendulum-v1,32
1150000.0,-225.7738,SACDistanceAgentNew,Pendulum-v1,32
1155000.0,-224.4842,SACDistanceAgentNew,Pendulum-v1,32
1160000.0,-152.5784,SACDistanceAgentNew,Pendulum-v1,32
1165000.0,-172.0455,SACDistanceAgentNew,Pendulum-v1,32
1170000.0,-189.9317,SACDistanceAgentNew,Pendulum-v1,32
1175000.0,-197.0271,SACDistanceAgentNew,Pendulum-v1,32
5000.0,-11.4922,SACDistanceAgentNew,Reacher-v5,32
10000.0,-11.5566,SACDistanceAgentNew,Reacher-v5,32
15000.0,-14.6199,SACDistanceAgentNew,Reacher-v5,32
20000.0,-11.7947,SACDistanceAgentNew,Reacher-v5,32
25000.0,-12.2498,SACDistanceAgentNew,Reacher-v5,32
30000.0,-11.0195,SACDistanceAgentNew,Reacher-v5,32
35000.0,-10.296,SACDistanceAgentNew,Reacher-v5,32
40000.0,-11.0703,SACDistanceAgentNew,Reacher-v5,32
45000.0,-13.5576,SACDistanceAgentNew,Reacher-v5,32
50000.0,-9.1997,SACDistanceAgentNew,Reacher-v5,32
55000.0,-8.056,SACDistanceAgentNew,Reacher-v5,32
60000.0,-10.2935,SACDistanceAgentNew,Reacher-v5,32
65000.0,-7.3338,SACDistanceAgentNew,Reacher-v5,32
70000.0,-11.6794,SACDistanceAgentNew,Reacher-v5,32
75000.0,-10.8146,SACDistanceAgentNew,Reacher-v5,32
80000.0,-8.3822,SACDistanceAgentNew,Reacher-v5,32
85000.0,-7.6136,SACDistanceAgentNew,Reacher-v5,32
90000.0,-7.6582,SACDistanceAgentNew,Reacher-v5,32
95000.0,-6.8055,SACDistanceAgentNew,Reacher-v5,32
100000.0,-7.8425,SACDistanceAgentNew,Reacher-v5,32
105000.0,-8.3316,SACDistanceAgentNew,Reacher-v5,32
110000.0,-8.4714,SACDistanceAgentNew,Reacher-v5,32
115000.0,-7.3835,SACDistanceAgentNew,Reacher-v5,32
120000.0,-8.4822,SACDistanceAgentNew,Reacher-v5,32
125000.0,-7.115,SACDistanceAgentNew,Reacher-v5,32
130000.0,-8.3524,SACDistanceAgentNew,Reacher-v5,32
135000.0,-7.2293,SACDistanceAgentNew,Reacher-v5,32
140000.0,-6.8803,SACDistanceAgentNew,Reacher-v5,32
145000.0,-6.4734,SACDistanceAgentNew,Reacher-v5,32
150000.0,-7.7381,SACDistanceAgentNew,Reacher-v5,32
155000.0,-6.517,SACDistanceAgentNew,Reacher-v5,32
160000.0,-8.0974,SACDistanceAgentNew,Reacher-v5,32
165000.0,-6.83,SACDistanceAgentNew,Reacher-v5,32
170000.0,-8.4096,SACDistanceAgentNew,Reacher-v5,32
175000.0,-7.6688,SACDistanceAgentNew,Reacher-v5,32
180000.0,-6.5691,SACDistanceAgentNew,Reacher-v5,32
185000.0,-6.1411,SACDistanceAgentNew,Reacher-v5,32
190000.0,-6.6816,SACDistanceAgentNew,Reacher-v5,32
195000.0,-6.3217,SACDistanceAgentNew,Reacher-v5,32
200000.0,-7.6943,SACDistanceAgentNew,Reacher-v5,32
205000.0,-6.4935,SACDistanceAgentNew,Reacher-v5,32
210000.0,-6.2686,SACDistanceAgentNew,Reacher-v5,32
215000.0,-8.1868,SACDistanceAgentNew,Reacher-v5,32
220000.0,-6.1031,SACDistanceAgentNew,Reacher-v5,32
225000.0,-6.7214,SACDistanceAgentNew,Reacher-v5,32
230000.0,-6.8543,SACDistanceAgentNew,Reacher-v5,32
235000.0,-6.9871,SACDistanceAgentNew,Reacher-v5,32
240000.0,-6.5545,SACDistanceAgentNew,Reacher-v5,32
245000.0,-6.399,SACDistanceAgentNew,Reacher-v5,32
250000.0,-7.7461,SACDistanceAgentNew,Reacher-v5,32
255000.0,-6.3314,SACDistanceAgentNew,Reacher-v5,32
260000.0,-6.2047,SACDistanceAgentNew,Reacher-v5,32
265000.0,-6.459,SACDistanceAgentNew,Reacher-v5,32
270000.0,-6.0126,SACDistanceAgentNew,Reacher-v5,32
275000.0,-6.2484,SACDistanceAgentNew,Reacher-v5,32
280000.0,-6.4728,SACDistanceAgentNew,Reacher-v5,32
285000.0,-6.1649,SACDistanceAgentNew,Reacher-v5,32
290000.0,-5.6825,SACDistanceAgentNew,Reacher-v5,32
295000.0,-6.4543,SACDistanceAgentNew,Reacher-v5,32
300000.0,-6.6467,SACDistanceAgentNew,Reacher-v5,32
305000.0,-6.3953,SACDistanceAgentNew,Reacher-v5,32
310000.0,-6.779,SACDistanceAgentNew,Reacher-v5,32
315000.0,-7.203,SACDistanceAgentNew,Reacher-v5,32
320000.0,-5.6204,SACDistanceAgentNew,Reacher-v5,32
325000.0,-6.6388,SACDistanceAgentNew,Reacher-v5,32
330000.0,-7.7043,SACDistanceAgentNew,Reacher-v5,32
335000.0,-7.2361,SACDistanceAgentNew,Reacher-v5,32
340000.0,-4.1532,SACDistanceAgentNew,Reacher-v5,32
345000.0,-6.1931,SACDistanceAgentNew,Reacher-v5,32
350000.0,-5.2291,SACDistanceAgentNew,Reacher-v5,32
355000.0,-5.429,SACDistanceAgentNew,Reacher-v5,32
360000.0,-5.6631,SACDistanceAgentNew,Reacher-v5,32
365000.0,-6.2588,SACDistanceAgentNew,Reacher-v5,32
370000.0,-6.8653,SACDistanceAgentNew,Reacher-v5,32
375000.0,-7.1893,SACDistanceAgentNew,Reacher-v5,32
380000.0,-5.7348,SACDistanceAgentNew,Reacher-v5,32
385000.0,-5.5942,SACDistanceAgentNew,Reacher-v5,32
390000.0,-7.4489,SACDistanceAgentNew,Reacher-v5,32
395000.0,-5.9478,SACDistanceAgentNew,Reacher-v5,32
400000.0,-6.1285,SACDistanceAgentNew,Reacher-v5,32
405000.0,-6.5439,SACDistanceAgentNew,Reacher-v5,32
410000.0,-5.4257,SACDistanceAgentNew,Reacher-v5,32
415000.0,-6.6325,SACDistanceAgentNew,Reacher-v5,32
420000.0,-4.9172,SACDistanceAgentNew,Reacher-v5,32
425000.0,-5.6686,SACDistanceAgentNew,Reacher-v5,32
430000.0,-7.2477,SACDistanceAgentNew,Reacher-v5,32
435000.0,-5.3754,SACDistanceAgentNew,Reacher-v5,32
440000.0,-7.5958,SACDistanceAgentNew,Reacher-v5,32
445000.0,-5.6474,SACDistanceAgentNew,Reacher-v5,32
450000.0,-5.6745,SACDistanceAgentNew,Reacher-v5,32
455000.0,-6.9576,SACDistanceAgentNew,Reacher-v5,32
460000.0,-5.9415,SACDistanceAgentNew,Reacher-v5,32
465000.0,-6.5657,SACDistanceAgentNew,Reacher-v5,32
470000.0,-5.1117,SACDistanceAgentNew,Reacher-v5,32
475000.0,-5.8064,SACDistanceAgentNew,Reacher-v5,32
480000.0,-6.5938,SACDistanceAgentNew,Reacher-v5,32
485000.0,-5.8984,SACDistanceAgentNew,Reacher-v5,32
490000.0,-6.4265,SACDistanceAgentNew,Reacher-v5,32
495000.0,-4.1452,SACDistanceAgentNew,Reacher-v5,32
500000.0,-5.9373,SACDistanceAgentNew,Reacher-v5,32
505000.0,-6.0634,SACDistanceAgentNew,Reacher-v5,32
510000.0,-5.0636,SACDistanceAgentNew,Reacher-v5,32
515000.0,-5.8896,SACDistanceAgentNew,Reacher-v5,32
520000.0,-5.7985,SACDistanceAgentNew,Reacher-v5,32
525000.0,-6.1398,SACDistanceAgentNew,Reacher-v5,32
530000.0,-5.5861,SACDistanceAgentNew,Reacher-v5,32
535000.0,-6.1816,SACDistanceAgentNew,Reacher-v5,32
540000.0,-6.6998,SACDistanceAgentNew,Reacher-v5,32
545000.0,-4.9572,SACDistanceAgentNew,Reacher-v5,32
550000.0,-5.3734,SACDistanceAgentNew,Reacher-v5,32
555000.0,-6.0066,SACDistanceAgentNew,Reacher-v5,32
560000.0,-5.7018,SACDistanceAgentNew,Reacher-v5,32
565000.0,-5.5355,SACDistanceAgentNew,Reacher-v5,32
570000.0,-7.1275,SACDistanceAgentNew,Reacher-v5,32
575000.0,-5.0642,SACDistanceAgentNew,Reacher-v5,32
580000.0,-5.5122,SACDistanceAgentNew,Reacher-v5,32
585000.0,-4.8986,SACDistanceAgentNew,Reacher-v5,32
590000.0,-4.7765,SACDistanceAgentNew,Reacher-v5,32
595000.0,-5.0187,SACDistanceAgentNew,Reacher-v5,32
600000.0,-5.4372,SACDistanceAgentNew,Reacher-v5,32
605000.0,-5.7551,SACDistanceAgentNew,Reacher-v5,32
610000.0,-4.8755,SACDistanceAgentNew,Reacher-v5,32
615000.0,-4.8206,SACDistanceAgentNew,Reacher-v5,32
620000.0,-5.5308,SACDistanceAgentNew,Reacher-v5,32
625000.0,-4.9844,SACDistanceAgentNew,Reacher-v5,32
630000.0,-5.8375,SACDistanceAgentNew,Reacher-v5,32
635000.0,-5.6921,SACDistanceAgentNew,Reacher-v5,32
640000.0,-5.4337,SACDistanceAgentNew,Reacher-v5,32
645000.0,-4.9961,SACDistanceAgentNew,Reacher-v5,32
650000.0,-5.0829,SACDistanceAgentNew,Reacher-v5,32
655000.0,-4.8304,SACDistanceAgentNew,Reacher-v5,32
660000.0,-5.3124,SACDistanceAgentNew,Reacher-v5,32
665000.0,-4.935,SACDistanceAgentNew,Reacher-v5,32
670000.0,-5.0765,SACDistanceAgentNew,Reacher-v5,32
675000.0,-4.6021,SACDistanceAgentNew,Reacher-v5,32
680000.0,-3.3846,SACDistanceAgentNew,Reacher-v5,32
685000.0,-4.4768,SACDistanceAgentNew,Reacher-v5,32
690000.0,-5.0976,SACDistanceAgentNew,Reacher-v5,32
695000.0,-5.1022,SACDistanceAgentNew,Reacher-v5,32
700000.0,-6.1848,SACDistanceAgentNew,Reacher-v5,32
705000.0,-5.1903,SACDistanceAgentNew,Reacher-v5,32
710000.0,-4.8327,SACDistanceAgentNew,Reacher-v5,32
715000.0,-5.0952,SACDistanceAgentNew,Reacher-v5,32
720000.0,-5.7636,SACDistanceAgentNew,Reacher-v5,32
725000.0,-6.8458,SACDistanceAgentNew,Reacher-v5,32
730000.0,-4.7322,SACDistanceAgentNew,Reacher-v5,32
735000.0,-4.9906,SACDistanceAgentNew,Reacher-v5,32
740000.0,-5.1244,SACDistanceAgentNew,Reacher-v5,32
745000.0,-5.7099,SACDistanceAgentNew,Reacher-v5,32
750000.0,-5.5342,SACDistanceAgentNew,Reacher-v5,32
755000.0,-5.4151,SACDistanceAgentNew,Reacher-v5,32
760000.0,-4.4692,SACDistanceAgentNew,Reacher-v5,32
765000.0,-5.4585,SACDistanceAgentNew,Reacher-v5,32
770000.0,-4.5797,SACDistanceAgentNew,Reacher-v5,32
775000.0,-3.7461,SACDistanceAgentNew,Reacher-v5,32
780000.0,-4.4632,SACDistanceAgentNew,Reacher-v5,32
785000.0,-5.766,SACDistanceAgentNew,Reacher-v5,32
790000.0,-4.4317,SACDistanceAgentNew,Reacher-v5,32
795000.0,-4.8143,SACDistanceAgentNew,Reacher-v5,32
800000.0,-5.1075,SACDistanceAgentNew,Reacher-v5,32
805000.0,-4.3125,SACDistanceAgentNew,Reacher-v5,32
810000.0,-5.2415,SACDistanceAgentNew,Reacher-v5,32
815000.0,-5.0031,SACDistanceAgentNew,Reacher-v5,32
820000.0,-4.5624,SACDistanceAgentNew,Reacher-v5,32
825000.0,-4.9986,SACDistanceAgentNew,Reacher-v5,32
830000.0,-5.751,SACDistanceAgentNew,Reacher-v5,32
835000.0,-4.3295,SACDistanceAgentNew,Reacher-v5,32
840000.0,-4.8004,SACDistanceAgentNew,Reacher-v5,32
845000.0,-4.5865,SACDistanceAgentNew,Reacher-v5,32
850000.0,-4.684,SACDistanceAgentNew,Reacher-v5,32
855000.0,-5.5647,SACDistanceAgentNew,Reacher-v5,32
860000.0,-4.6494,SACDistanceAgentNew,Reacher-v5,32
865000.0,-4.2187,SACDistanceAgentNew,Reacher-v5,32
870000.0,-4.5129,SACDistanceAgentNew,Reacher-v5,32
875000.0,-5.5008,SACDistanceAgentNew,Reacher-v5,32
880000.0,-5.3116,SACDistanceAgentNew,Reacher-v5,32
885000.0,-3.9973,SACDistanceAgentNew,Reacher-v5,32
890000.0,-4.2133,SACDistanceAgentNew,Reacher-v5,32
895000.0,-5.2349,SACDistanceAgentNew,Reacher-v5,32
900000.0,-4.7161,SACDistanceAgentNew,Reacher-v5,32
905000.0,-4.9951,SACDistanceAgentNew,Reacher-v5,32
910000.0,-4.8406,SACDistanceAgentNew,Reacher-v5,32
915000.0,-5.403,SACDistanceAgentNew,Reacher-v5,32
920000.0,-4.4291,SACDistanceAgentNew,Reacher-v5,32
925000.0,-4.9109,SACDistanceAgentNew,Reacher-v5,32
930000.0,-6.1997,SACDistanceAgentNew,Reacher-v5,32
935000.0,-5.3106,SACDistanceAgentNew,Reacher-v5,32
940000.0,-5.0232,SACDistanceAgentNew,Reacher-v5,32
945000.0,-5.0007,SACDistanceAgentNew,Reacher-v5,32
950000.0,-4.2181,SACDistanceAgentNew,Reacher-v5,32
955000.0,-3.8653,SACDistanceAgentNew,Reacher-v5,32
960000.0,-4.5892,SACDistanceAgentNew,Reacher-v5,32
965000.0,-3.6702,SACDistanceAgentNew,Reacher-v5,32
970000.0,-4.9402,SACDistanceAgentNew,Reacher-v5,32
975000.0,-4.5325,SACDistanceAgentNew,Reacher-v5,32
980000.0,-3.9221,SACDistanceAgentNew,Reacher-v5,32
985000.0,-3.4763,SACDistanceAgentNew,Reacher-v5,32
990000.0,-5.2901,SACDistanceAgentNew,Reacher-v5,32
995000.0,-5.2176,SACDistanceAgentNew,Reacher-v5,32
1000000.0,-5.3233,SACDistanceAgentNew,Reacher-v5,32
1005000.0,-4.7364,SACDistanceAgentNew,Reacher-v5,32
1010000.0,-5.3811,SACDistanceAgentNew,Reacher-v5,32
1015000.0,-4.7219,SACDistanceAgentNew,Reacher-v5,32
1020000.0,-5.1694,SACDistanceAgentNew,Reacher-v5,32
1025000.0,-6.4488,SACDistanceAgentNew,Reacher-v5,32
1030000.0,-4.0621,SACDistanceAgentNew,Reacher-v5,32
1035000.0,-4.8083,SACDistanceAgentNew,Reacher-v5,32
1040000.0,-5.3085,SACDistanceAgentNew,Reacher-v5,32
1045000.0,-5.9164,SACDistanceAgentNew,Reacher-v5,32
1050000.0,-3.9043,SACDistanceAgentNew,Reacher-v5,32
1055000.0,-5.9999,SACDistanceAgentNew,Reacher-v5,32
1060000.0,-3.3685,SACDistanceAgentNew,Reacher-v5,32
1065000.0,-5.0236,SACDistanceAgentNew,Reacher-v5,32
1070000.0,-4.8825,SACDistanceAgentNew,Reacher-v5,32
1075000.0,-4.8812,SACDistanceAgentNew,Reacher-v5,32
1080000.0,-4.0513,SACDistanceAgentNew,Reacher-v5,32
1085000.0,-5.0238,SACDistanceAgentNew,Reacher-v5,32
1090000.0,-5.2464,SACDistanceAgentNew,Reacher-v5,32
1095000.0,-5.5158,SACDistanceAgentNew,Reacher-v5,32
1100000.0,-4.7903,SACDistanceAgentNew,Reacher-v5,32
1105000.0,-4.8486,SACDistanceAgentNew,Reacher-v5,32
1110000.0,-4.5628,SACDistanceAgentNew,Reacher-v5,32
1115000.0,-5.0998,SACDistanceAgentNew,Reacher-v5,32
1120000.0,-3.5164,SACDistanceAgentNew,Reacher-v5,32
1125000.0,-4.9572,SACDistanceAgentNew,Reacher-v5,32
1130000.0,-4.4386,SACDistanceAgentNew,Reacher-v5,32
1135000.0,-3.6024,SACDistanceAgentNew,Reacher-v5,32
1140000.0,-5.7797,SACDistanceAgentNew,Reacher-v5,32
1145000.0,-4.0726,SACDistanceAgentNew,Reacher-v5,32
1150000.0,-5.0878,SACDistanceAgentNew,Reacher-v5,32
1155000.0,-4.0155,SACDistanceAgentNew,Reacher-v5,32
1160000.0,-5.2195,SACDistanceAgentNew,Reacher-v5,32
1165000.0,-4.7206,SACDistanceAgentNew,Reacher-v5,32
1170000.0,-4.4573,SACDistanceAgentNew,Reacher-v5,32
1175000.0,-4.8063,SACDistanceAgentNew,Reacher-v5,32
1180000.0,-4.6097,SACDistanceAgentNew,Reacher-v5,32
1185000.0,-4.5017,SACDistanceAgentNew,Reacher-v5,32
1190000.0,-4.6294,SACDistanceAgentNew,Reacher-v5,32
1195000.0,-4.7566,SACDistanceAgentNew,Reacher-v5,32
5000.0,-12.721,SACDistanceAgentNew,Reacher-v5,42
10000.0,-11.0163,SACDistanceAgentNew,Reacher-v5,42
15000.0,-18.0367,SACDistanceAgentNew,Reacher-v5,42
20000.0,-13.3966,SACDistanceAgentNew,Reacher-v5,42
25000.0,-15.9418,SACDistanceAgentNew,Reacher-v5,42
30000.0,-9.114,SACDistanceAgentNew,Reacher-v5,42
35000.0,-10.8401,SACDistanceAgentNew,Reacher-v5,42
40000.0,-10.2932,SACDistanceAgentNew,Reacher-v5,42
45000.0,-6.6237,SACDistanceAgentNew,Reacher-v5,42
50000.0,-7.4435,SACDistanceAgentNew,Reacher-v5,42
55000.0,-10.7739,SACDistanceAgentNew,Reacher-v5,42
60000.0,-8.8843,SACDistanceAgentNew,Reacher-v5,42
65000.0,-6.6669,SACDistanceAgentNew,Reacher-v5,42
70000.0,-7.2687,SACDistanceAgentNew,Reacher-v5,42
75000.0,-8.1971,SACDistanceAgentNew,Reacher-v5,42
80000.0,-8.7537,SACDistanceAgentNew,Reacher-v5,42
85000.0,-6.852,SACDistanceAgentNew,Reacher-v5,42
90000.0,-7.3859,SACDistanceAgentNew,Reacher-v5,42
95000.0,-7.5544,SACDistanceAgentNew,Reacher-v5,42
100000.0,-7.4894,SACDistanceAgentNew,Reacher-v5,42
105000.0,-8.5589,SACDistanceAgentNew,Reacher-v5,42
110000.0,-7.1622,SACDistanceAgentNew,Reacher-v5,42
115000.0,-7.2135,SACDistanceAgentNew,Reacher-v5,42
120000.0,-7.6683,SACDistanceAgentNew,Reacher-v5,42
125000.0,-7.2284,SACDistanceAgentNew,Reacher-v5,42
130000.0,-7.539,SACDistanceAgentNew,Reacher-v5,42
135000.0,-7.7219,SACDistanceAgentNew,Reacher-v5,42
140000.0,-4.8094,SACDistanceAgentNew,Reacher-v5,42
145000.0,-8.8945,SACDistanceAgentNew,Reacher-v5,42
150000.0,-7.7374,SACDistanceAgentNew,Reacher-v5,42
155000.0,-6.9099,SACDistanceAgentNew,Reacher-v5,42
160000.0,-6.9661,SACDistanceAgentNew,Reacher-v5,42
165000.0,-8.0793,SACDistanceAgentNew,Reacher-v5,42
170000.0,-6.9799,SACDistanceAgentNew,Reacher-v5,42
175000.0,-6.8083,SACDistanceAgentNew,Reacher-v5,42
180000.0,-7.3107,SACDistanceAgentNew,Reacher-v5,42
185000.0,-5.9912,SACDistanceAgentNew,Reacher-v5,42
190000.0,-6.1291,SACDistanceAgentNew,Reacher-v5,42
195000.0,-7.0642,SACDistanceAgentNew,Reacher-v5,42
200000.0,-6.9413,SACDistanceAgentNew,Reacher-v5,42
205000.0,-6.5932,SACDistanceAgentNew,Reacher-v5,42
210000.0,-6.4313,SACDistanceAgentNew,Reacher-v5,42
215000.0,-5.8149,SACDistanceAgentNew,Reacher-v5,42
220000.0,-5.5868,SACDistanceAgentNew,Reacher-v5,42
225000.0,-6.1075,SACDistanceAgentNew,Reacher-v5,42
230000.0,-5.7434,SACDistanceAgentNew,Reacher-v5,42
235000.0,-5.9698,SACDistanceAgentNew,Reacher-v5,42
240000.0,-6.1256,SACDistanceAgentNew,Reacher-v5,42
245000.0,-5.3486,SACDistanceAgentNew,Reacher-v5,42
250000.0,-6.827,SACDistanceAgentNew,Reacher-v5,42
255000.0,-4.4589,SACDistanceAgentNew,Reacher-v5,42
260000.0,-6.5195,SACDistanceAgentNew,Reacher-v5,42
265000.0,-4.7272,SACDistanceAgentNew,Reacher-v5,42
270000.0,-6.3503,SACDistanceAgentNew,Reacher-v5,42
275000.0,-6.5995,SACDistanceAgentNew,Reacher-v5,42
280000.0,-5.319,SACDistanceAgentNew,Reacher-v5,42
285000.0,-4.5301,SACDistanceAgentNew,Reacher-v5,42
290000.0,-6.6437,SACDistanceAgentNew,Reacher-v5,42
295000.0,-6.8123,SACDistanceAgentNew,Reacher-v5,42
300000.0,-5.3104,SACDistanceAgentNew,Reacher-v5,42
305000.0,-5.8141,SACDistanceAgentNew,Reacher-v5,42
310000.0,-6.3296,SACDistanceAgentNew,Reacher-v5,42
315000.0,-6.213,SACDistanceAgentNew,Reacher-v5,42
320000.0,-6.3764,SACDistanceAgentNew,Reacher-v5,42
325000.0,-5.7243,SACDistanceAgentNew,Reacher-v5,42
330000.0,-5.7524,SACDistanceAgentNew,Reacher-v5,42
335000.0,-5.124,SACDistanceAgentNew,Reacher-v5,42
340000.0,-7.0608,SACDistanceAgentNew,Reacher-v5,42
345000.0,-5.1789,SACDistanceAgentNew,Reacher-v5,42
350000.0,-6.5406,SACDistanceAgentNew,Reacher-v5,42
355000.0,-4.4134,SACDistanceAgentNew,Reacher-v5,42
360000.0,-5.323,SACDistanceAgentNew,Reacher-v5,42
365000.0,-5.3407,SACDistanceAgentNew,Reacher-v5,42
370000.0,-6.6383,SACDistanceAgentNew,Reacher-v5,42
375000.0,-5.0931,SACDistanceAgentNew,Reacher-v5,42
380000.0,-6.0775,SACDistanceAgentNew,Reacher-v5,42
385000.0,-5.15,SACDistanceAgentNew,Reacher-v5,42
390000.0,-5.9895,SACDistanceAgentNew,Reacher-v5,42
395000.0,-5.0976,SACDistanceAgentNew,Reacher-v5,42
400000.0,-5.1478,SACDistanceAgentNew,Reacher-v5,42
405000.0,-5.5752,SACDistanceAgentNew,Reacher-v5,42
410000.0,-6.033,SACDistanceAgentNew,Reacher-v5,42
415000.0,-4.9509,SACDistanceAgentNew,Reacher-v5,42
420000.0,-5.8094,SACDistanceAgentNew,Reacher-v5,42
425000.0,-5.5265,SACDistanceAgentNew,Reacher-v5,42
430000.0,-5.1925,SACDistanceAgentNew,Reacher-v5,42
435000.0,-5.3647,SACDistanceAgentNew,Reacher-v5,42
440000.0,-4.653,SACDistanceAgentNew,Reacher-v5,42
445000.0,-4.9732,SACDistanceAgentNew,Reacher-v5,42
450000.0,-4.8111,SACDistanceAgentNew,Reacher-v5,42
455000.0,-4.6677,SACDistanceAgentNew,Reacher-v5,42
460000.0,-5.0844,SACDistanceAgentNew,Reacher-v5,42
465000.0,-4.7645,SACDistanceAgentNew,Reacher-v5,42
470000.0,-6.1971,SACDistanceAgentNew,Reacher-v5,42
475000.0,-5.8013,SACDistanceAgentNew,Reacher-v5,42
480000.0,-6.0113,SACDistanceAgentNew,Reacher-v5,42
485000.0,-5.9946,SACDistanceAgentNew,Reacher-v5,42
490000.0,-4.9358,SACDistanceAgentNew,Reacher-v5,42
495000.0,-5.8849,SACDistanceAgentNew,Reacher-v5,42
500000.0,-5.037,SACDistanceAgentNew,Reacher-v5,42
505000.0,-4.3791,SACDistanceAgentNew,Reacher-v5,42
510000.0,-4.8773,SACDistanceAgentNew,Reacher-v5,42
515000.0,-6.1875,SACDistanceAgentNew,Reacher-v5,42
520000.0,-4.9434,SACDistanceAgentNew,Reacher-v5,42
525000.0,-3.61,SACDistanceAgentNew,Reacher-v5,42
530000.0,-6.2454,SACDistanceAgentNew,Reacher-v5,42
535000.0,-4.8695,SACDistanceAgentNew,Reacher-v5,42
540000.0,-5.0616,SACDistanceAgentNew,Reacher-v5,42
545000.0,-5.5806,SACDistanceAgentNew,Reacher-v5,42
550000.0,-5.8782,SACDistanceAgentNew,Reacher-v5,42
555000.0,-6.1306,SACDistanceAgentNew,Reacher-v5,42
560000.0,-5.2971,SACDistanceAgentNew,Reacher-v5,42
565000.0,-5.5203,SACDistanceAgentNew,Reacher-v5,42
570000.0,-3.7821,SACDistanceAgentNew,Reacher-v5,42
575000.0,-6.7807,SACDistanceAgentNew,Reacher-v5,42
580000.0,-5.365,SACDistanceAgentNew,Reacher-v5,42
585000.0,-5.0869,SACDistanceAgentNew,Reacher-v5,42
590000.0,-5.1113,SACDistanceAgentNew,Reacher-v5,42
595000.0,-4.1475,SACDistanceAgentNew,Reacher-v5,42
600000.0,-5.5165,SACDistanceAgentNew,Reacher-v5,42
605000.0,-5.4481,SACDistanceAgentNew,Reacher-v5,42
610000.0,-5.3207,SACDistanceAgentNew,Reacher-v5,42
615000.0,-4.3856,SACDistanceAgentNew,Reacher-v5,42
620000.0,-4.9954,SACDistanceAgentNew,Reacher-v5,42
625000.0,-5.4386,SACDistanceAgentNew,Reacher-v5,42
630000.0,-5.3483,SACDistanceAgentNew,Reacher-v5,42
635000.0,-4.1238,SACDistanceAgentNew,Reacher-v5,42
640000.0,-5.1452,SACDistanceAgentNew,Reacher-v5,42
645000.0,-4.7296,SACDistanceAgentNew,Reacher-v5,42
650000.0,-4.9614,SACDistanceAgentNew,Reacher-v5,42
655000.0,-5.9201,SACDistanceAgentNew,Reacher-v5,42
660000.0,-5.4817,SACDistanceAgentNew,Reacher-v5,42
665000.0,-4.6476,SACDistanceAgentNew,Reacher-v5,42
670000.0,-5.0999,SACDistanceAgentNew,Reacher-v5,42
675000.0,-4.4196,SACDistanceAgentNew,Reacher-v5,42
680000.0,-5.3779,SACDistanceAgentNew,Reacher-v5,42
685000.0,-5.6161,SACDistanceAgentNew,Reacher-v5,42
690000.0,-6.1874,SACDistanceAgentNew,Reacher-v5,42
695000.0,-5.4698,SACDistanceAgentNew,Reacher-v5,42
700000.0,-5.9433,SACDistanceAgentNew,Reacher-v5,42
705000.0,-5.1715,SACDistanceAgentNew,Reacher-v5,42
710000.0,-5.5849,SACDistanceAgentNew,Reacher-v5,42
715000.0,-4.5846,SACDistanceAgentNew,Reacher-v5,42
720000.0,-5.0093,SACDistanceAgentNew,Reacher-v5,42
725000.0,-5.0654,SACDistanceAgentNew,Reacher-v5,42
730000.0,-4.7162,SACDistanceAgentNew,Reacher-v5,42
735000.0,-5.1261,SACDistanceAgentNew,Reacher-v5,42
740000.0,-4.9986,SACDistanceAgentNew,Reacher-v5,42
745000.0,-4.697,SACDistanceAgentNew,Reacher-v5,42
750000.0,-4.2253,SACDistanceAgentNew,Reacher-v5,42
755000.0,-5.2362,SACDistanceAgentNew,Reacher-v5,42
760000.0,-4.5503,SACDistanceAgentNew,Reacher-v5,42
765000.0,-5.3651,SACDistanceAgentNew,Reacher-v5,42
770000.0,-5.1594,SACDistanceAgentNew,Reacher-v5,42
775000.0,-5.4934,SACDistanceAgentNew,Reacher-v5,42
780000.0,-5.8225,SACDistanceAgentNew,Reacher-v5,42
785000.0,-6.27,SACDistanceAgentNew,Reacher-v5,42
790000.0,-3.3395,SACDistanceAgentNew,Reacher-v5,42
795000.0,-5.3525,SACDistanceAgentNew,Reacher-v5,42
800000.0,-4.3593,SACDistanceAgentNew,Reacher-v5,42
805000.0,-3.5572,SACDistanceAgentNew,Reacher-v5,42
810000.0,-5.1774,SACDistanceAgentNew,Reacher-v5,42
815000.0,-4.8917,SACDistanceAgentNew,Reacher-v5,42
820000.0,-4.9826,SACDistanceAgentNew,Reacher-v5,42
825000.0,-4.2321,SACDistanceAgentNew,Reacher-v5,42
830000.0,-4.222,SACDistanceAgentNew,Reacher-v5,42
835000.0,-3.7679,SACDistanceAgentNew,Reacher-v5,42
840000.0,-4.7399,SACDistanceAgentNew,Reacher-v5,42
845000.0,-6.1788,SACDistanceAgentNew,Reacher-v5,42
850000.0,-4.6679,SACDistanceAgentNew,Reacher-v5,42
855000.0,-4.5318,SACDistanceAgentNew,Reacher-v5,42
860000.0,-4.481,SACDistanceAgentNew,Reacher-v5,42
865000.0,-5.6441,SACDistanceAgentNew,Reacher-v5,42
870000.0,-5.1324,SACDistanceAgentNew,Reacher-v5,42
875000.0,-4.5336,SACDistanceAgentNew,Reacher-v5,42
880000.0,-3.9193,SACDistanceAgentNew,Reacher-v5,42
885000.0,-4.9386,SACDistanceAgentNew,Reacher-v5,42
890000.0,-4.1758,SACDistanceAgentNew,Reacher-v5,42
895000.0,-5.279,SACDistanceAgentNew,Reacher-v5,42
900000.0,-4.7274,SACDistanceAgentNew,Reacher-v5,42
905000.0,-4.8616,SACDistanceAgentNew,Reacher-v5,42
910000.0,-4.49,SACDistanceAgentNew,Reacher-v5,42
915000.0,-4.3662,SACDistanceAgentNew,Reacher-v5,42
920000.0,-5.1467,SACDistanceAgentNew,Reacher-v5,42
925000.0,-4.7964,SACDistanceAgentNew,Reacher-v5,42
930000.0,-5.0159,SACDistanceAgentNew,Reacher-v5,42
935000.0,-4.7261,SACDistanceAgentNew,Reacher-v5,42
940000.0,-4.7924,SACDistanceAgentNew,Reacher-v5,42
945000.0,-4.8775,SACDistanceAgentNew,Reacher-v5,42
950000.0,-5.7529,SACDistanceAgentNew,Reacher-v5,42
955000.0,-4.7673,SACDistanceAgentNew,Reacher-v5,42
960000.0,-4.4489,SACDistanceAgentNew,Reacher-v5,42
965000.0,-4.1541,SACDistanceAgentNew,Reacher-v5,42
970000.0,-4.7006,SACDistanceAgentNew,Reacher-v5,42
975000.0,-5.3007,SACDistanceAgentNew,Reacher-v5,42
980000.0,-5.1834,SACDistanceAgentNew,Reacher-v5,42
985000.0,-4.9278,SACDistanceAgentNew,Reacher-v5,42
990000.0,-5.3467,SACDistanceAgentNew,Reacher-v5,42
995000.0,-4.6316,SACDistanceAgentNew,Reacher-v5,42
1000000.0,-5.2726,SACDistanceAgentNew,Reacher-v5,42
1005000.0,-5.3492,SACDistanceAgentNew,Reacher-v5,42
1010000.0,-5.4349,SACDistanceAgentNew,Reacher-v5,42
1015000.0,-4.0924,SACDistanceAgentNew,Reacher-v5,42
1020000.0,-5.8128,SACDistanceAgentNew,Reacher-v5,42
1025000.0,-4.9337,SACDistanceAgentNew,Reacher-v5,42
1030000.0,-3.9449,SACDistanceAgentNew,Reacher-v5,42
1035000.0,-5.1255,SACDistanceAgentNew,Reacher-v5,42
1040000.0,-4.9079,SACDistanceAgentNew,Reacher-v5,42
1045000.0,-4.5982,SACDistanceAgentNew,Reacher-v5,42
1050000.0,-5.3363,SACDistanceAgentNew,Reacher-v5,42
1055000.0,-4.7437,SACDistanceAgentNew,Reacher-v5,42
1060000.0,-4.6843,SACDistanceAgentNew,Reacher-v5,42
1065000.0,-4.7214,SACDistanceAgentNew,Reacher-v5,42
1070000.0,-3.429,SACDistanceAgentNew,Reacher-v5,42
1075000.0,-4.2146,SACDistanceAgentNew,Reacher-v5,42
1080000.0,-5.2336,SACDistanceAgentNew,Reacher-v5,42
1085000.0,-4.1932,SACDistanceAgentNew,Reacher-v5,42
1090000.0,-4.1966,SACDistanceAgentNew,Reacher-v5,42
1095000.0,-5.6203,SACDistanceAgentNew,Reacher-v5,42
1100000.0,-4.7112,SACDistanceAgentNew,Reacher-v5,42
1105000.0,-4.3226,SACDistanceAgentNew,Reacher-v5,42
1110000.0,-4.8549,SACDistanceAgentNew,Reacher-v5,42
1115000.0,-4.8525,SACDistanceAgentNew,Reacher-v5,42
1120000.0,-4.2695,SACDistanceAgentNew,Reacher-v5,42
1125000.0,-5.0338,SACDistanceAgentNew,Reacher-v5,42
1130000.0,-4.6508,SACDistanceAgentNew,Reacher-v5,42
1135000.0,-4.1255,SACDistanceAgentNew,Reacher-v5,42
1140000.0,-4.4503,SACDistanceAgentNew,Reacher-v5,42
1145000.0,-5.1634,SACDistanceAgentNew,Reacher-v5,42
1150000.0,-5.5273,SACDistanceAgentNew,Reacher-v5,42
1155000.0,-3.9734,SACDistanceAgentNew,Reacher-v5,42
1160000.0,-5.5177,SACDistanceAgentNew,Reacher-v5,42
1165000.0,-5.4172,SACDistanceAgentNew,Reacher-v5,42
1170000.0,-4.545,SACDistanceAgentNew,Reacher-v5,42
1175000.0,-5.5323,SACDistanceAgentNew,Reacher-v5,42
1180000.0,-3.9318,SACDistanceAgentNew,Reacher-v5,42
1185000.0,-4.385,SACDistanceAgentNew,Reacher-v5,42
1190000.0,-6.2191,SACDistanceAgentNew,Reacher-v5,42
5000.0,-13.6357,SACDistanceAgentNew,Swimmer-v5,42
10000.0,26.0137,SACDistanceAgentNew,Swimmer-v5,42
15000.0,-3.4588,SACDistanceAgentNew,Swimmer-v5,42
20000.0,18.2388,SACDistanceAgentNew,Swimmer-v5,42
25000.0,3.2969,SACDistanceAgentNew,Swimmer-v5,42
30000.0,33.7035,SACDistanceAgentNew,Swimmer-v5,42
35000.0,30.8095,SACDistanceAgentNew,Swimmer-v5,42
40000.0,37.5689,SACDistanceAgentNew,Swimmer-v5,42
45000.0,31.7359,SACDistanceAgentNew,Swimmer-v5,42
50000.0,38.555,SACDistanceAgentNew,Swimmer-v5,42
55000.0,26.7808,SACDistanceAgentNew,Swimmer-v5,42
60000.0,64.6602,SACDistanceAgentNew,Swimmer-v5,42
65000.0,31.9924,SACDistanceAgentNew,Swimmer-v5,42
70000.0,9.6264,SACDistanceAgentNew,Swimmer-v5,42
75000.0,42.6967,SACDistanceAgentNew,Swimmer-v5,42
80000.0,1.1594,SACDistanceAgentNew,Swimmer-v5,42
85000.0,25.7549,SACDistanceAgentNew,Swimmer-v5,42
90000.0,30.7395,SACDistanceAgentNew,Swimmer-v5,42
95000.0,16.9395,SACDistanceAgentNew,Swimmer-v5,42
100000.0,33.0285,SACDistanceAgentNew,Swimmer-v5,42
105000.0,33.5367,SACDistanceAgentNew,Swimmer-v5,42
110000.0,53.3661,SACDistanceAgentNew,Swimmer-v5,42
115000.0,34.7098,SACDistanceAgentNew,Swimmer-v5,42
120000.0,16.3877,SACDistanceAgentNew,Swimmer-v5,42
125000.0,36.602,SACDistanceAgentNew,Swimmer-v5,42
130000.0,31.9905,SACDistanceAgentNew,Swimmer-v5,42
135000.0,16.183,SACDistanceAgentNew,Swimmer-v5,42
140000.0,9.153,SACDistanceAgentNew,Swimmer-v5,42
145000.0,55.0104,SACDistanceAgentNew,Swimmer-v5,42
150000.0,24.1263,SACDistanceAgentNew,Swimmer-v5,42
155000.0,-8.6669,SACDistanceAgentNew,Swimmer-v5,42
160000.0,33.6711,SACDistanceAgentNew,Swimmer-v5,42
165000.0,8.8951,SACDistanceAgentNew,Swimmer-v5,42
170000.0,13.2629,SACDistanceAgentNew,Swimmer-v5,42
175000.0,0.6068,SACDistanceAgentNew,Swimmer-v5,42
180000.0,9.4588,SACDistanceAgentNew,Swimmer-v5,42
185000.0,47.9862,SACDistanceAgentNew,Swimmer-v5,42
190000.0,114.852,SACDistanceAgentNew,Swimmer-v5,42
195000.0,52.8859,SACDistanceAgentNew,Swimmer-v5,42
200000.0,-0.2367,SACDistanceAgentNew,Swimmer-v5,42
205000.0,34.009,SACDistanceAgentNew,Swimmer-v5,42
210000.0,41.1043,SACDistanceAgentNew,Swimmer-v5,42
215000.0,58.314,SACDistanceAgentNew,Swimmer-v5,42
220000.0,12.0797,SACDistanceAgentNew,Swimmer-v5,42
225000.0,41.2472,SACDistanceAgentNew,Swimmer-v5,42
230000.0,50.3195,SACDistanceAgentNew,Swimmer-v5,42
235000.0,10.9686,SACDistanceAgentNew,Swimmer-v5,42
240000.0,33.7877,SACDistanceAgentNew,Swimmer-v5,42
245000.0,38.2233,SACDistanceAgentNew,Swimmer-v5,42
250000.0,41.4409,SACDistanceAgentNew,Swimmer-v5,42
255000.0,-0.3387,SACDistanceAgentNew,Swimmer-v5,42
260000.0,35.8191,SACDistanceAgentNew,Swimmer-v5,42
265000.0,21.8949,SACDistanceAgentNew,Swimmer-v5,42
270000.0,42.4485,SACDistanceAgentNew,Swimmer-v5,42
275000.0,35.8453,SACDistanceAgentNew,Swimmer-v5,42
280000.0,98.4658,SACDistanceAgentNew,Swimmer-v5,42
285000.0,67.8916,SACDistanceAgentNew,Swimmer-v5,42
290000.0,58.8568,SACDistanceAgentNew,Swimmer-v5,42
295000.0,4.094,SACDistanceAgentNew,Swimmer-v5,42
300000.0,90.873,SACDistanceAgentNew,Swimmer-v5,42
305000.0,42.5022,SACDistanceAgentNew,Swimmer-v5,42
310000.0,79.4674,SACDistanceAgentNew,Swimmer-v5,42
315000.0,66.1132,SACDistanceAgentNew,Swimmer-v5,42
320000.0,77.0068,SACDistanceAgentNew,Swimmer-v5,42
325000.0,53.2996,SACDistanceAgentNew,Swimmer-v5,42
330000.0,85.6433,SACDistanceAgentNew,Swimmer-v5,42
335000.0,80.5745,SACDistanceAgentNew,Swimmer-v5,42
340000.0,70.5416,SACDistanceAgentNew,Swimmer-v5,42
345000.0,65.8656,SACDistanceAgentNew,Swimmer-v5,42
350000.0,79.0041,SACDistanceAgentNew,Swimmer-v5,42
355000.0,79.033,SACDistanceAgentNew,Swimmer-v5,42
360000.0,62.6123,SACDistanceAgentNew,Swimmer-v5,42
365000.0,70.7921,SACDistanceAgentNew,Swimmer-v5,42
370000.0,60.5621,SACDistanceAgentNew,Swimmer-v5,42
375000.0,62.7061,SACDistanceAgentNew,Swimmer-v5,42
380000.0,75.8907,SACDistanceAgentNew,Swimmer-v5,42
385000.0,78.3802,SACDistanceAgentNew,Swimmer-v5,42
390000.0,64.8217,SACDistanceAgentNew,Swimmer-v5,42
395000.0,70.193,SACDistanceAgentNew,Swimmer-v5,42
400000.0,54.8748,SACDistanceAgentNew,Swimmer-v5,42
405000.0,53.7615,SACDistanceAgentNew,Swimmer-v5,42
410000.0,58.8733,SACDistanceAgentNew,Swimmer-v5,42
415000.0,55.91,SACDistanceAgentNew,Swimmer-v5,42
420000.0,53.4788,SACDistanceAgentNew,Swimmer-v5,42
425000.0,51.0946,SACDistanceAgentNew,Swimmer-v5,42
430000.0,54.0659,SACDistanceAgentNew,Swimmer-v5,42
435000.0,48.8702,SACDistanceAgentNew,Swimmer-v5,42
440000.0,45.5939,SACDistanceAgentNew,Swimmer-v5,42
445000.0,83.9351,SACDistanceAgentNew,Swimmer-v5,42
450000.0,49.7011,SACDistanceAgentNew,Swimmer-v5,42
455000.0,49.297,SACDistanceAgentNew,Swimmer-v5,42
460000.0,55.432,SACDistanceAgentNew,Swimmer-v5,42
465000.0,51.1823,SACDistanceAgentNew,Swimmer-v5,42
470000.0,48.633,SACDistanceAgentNew,Swimmer-v5,42
475000.0,48.3414,SACDistanceAgentNew,Swimmer-v5,42
480000.0,56.071,SACDistanceAgentNew,Swimmer-v5,42
485000.0,49.0366,SACDistanceAgentNew,Swimmer-v5,42
490000.0,54.375,SACDistanceAgentNew,Swimmer-v5,42
495000.0,64.8839,SACDistanceAgentNew,Swimmer-v5,42
500000.0,57.3986,SACDistanceAgentNew,Swimmer-v5,42
505000.0,55.6538,SACDistanceAgentNew,Swimmer-v5,42
510000.0,44.687,SACDistanceAgentNew,Swimmer-v5,42
515000.0,41.8761,SACDistanceAgentNew,Swimmer-v5,42
520000.0,47.8907,SACDistanceAgentNew,Swimmer-v5,42
525000.0,47.7354,SACDistanceAgentNew,Swimmer-v5,42
530000.0,65.7312,SACDistanceAgentNew,Swimmer-v5,42
535000.0,60.1976,SACDistanceAgentNew,Swimmer-v5,42
540000.0,69.4992,SACDistanceAgentNew,Swimmer-v5,42
545000.0,48.2767,SACDistanceAgentNew,Swimmer-v5,42
550000.0,48.5369,SACDistanceAgentNew,Swimmer-v5,42
555000.0,51.6803,SACDistanceAgentNew,Swimmer-v5,42
560000.0,50.6125,SACDistanceAgentNew,Swimmer-v5,42
565000.0,69.7849,SACDistanceAgentNew,Swimmer-v5,42
570000.0,53.5456,SACDistanceAgentNew,Swimmer-v5,42
575000.0,45.5624,SACDistanceAgentNew,Swimmer-v5,42
580000.0,46.6104,SACDistanceAgentNew,Swimmer-v5,42
585000.0,47.455,SACDistanceAgentNew,Swimmer-v5,42
590000.0,57.2068,SACDistanceAgentNew,Swimmer-v5,42
595000.0,63.2328,SACDistanceAgentNew,Swimmer-v5,42
600000.0,66.6602,SACDistanceAgentNew,Swimmer-v5,42
605000.0,55.9659,SACDistanceAgentNew,Swimmer-v5,42
610000.0,60.0823,SACDistanceAgentNew,Swimmer-v5,42
615000.0,48.5262,SACDistanceAgentNew,Swimmer-v5,42
620000.0,69.6813,SACDistanceAgentNew,Swimmer-v5,42
625000.0,61.348,SACDistanceAgentNew,Swimmer-v5,42
630000.0,50.4723,SACDistanceAgentNew,Swimmer-v5,42
635000.0,46.9927,SACDistanceAgentNew,Swimmer-v5,42
640000.0,44.3241,SACDistanceAgentNew,Swimmer-v5,42
645000.0,47.0618,SACDistanceAgentNew,Swimmer-v5,42
650000.0,49.1175,SACDistanceAgentNew,Swimmer-v5,42
655000.0,45.4461,SACDistanceAgentNew,Swimmer-v5,42
660000.0,50.5671,SACDistanceAgentNew,Swimmer-v5,42
665000.0,52.0371,SACDistanceAgentNew,Swimmer-v5,42
670000.0,52.0313,SACDistanceAgentNew,Swimmer-v5,42
675000.0,70.016,SACDistanceAgentNew,Swimmer-v5,42
680000.0,51.246,SACDistanceAgentNew,Swimmer-v5,42
685000.0,53.2063,SACDistanceAgentNew,Swimmer-v5,42
690000.0,49.4836,SACDistanceAgentNew,Swimmer-v5,42
695000.0,54.6768,SACDistanceAgentNew,Swimmer-v5,42
700000.0,55.4307,SACDistanceAgentNew,Swimmer-v5,42
705000.0,60.6323,SACDistanceAgentNew,Swimmer-v5,42
710000.0,59.5229,SACDistanceAgentNew,Swimmer-v5,42
715000.0,49.9315,SACDistanceAgentNew,Swimmer-v5,42
720000.0,72.0558,SACDistanceAgentNew,Swimmer-v5,42
725000.0,70.8061,SACDistanceAgentNew,Swimmer-v5,42
730000.0,84.2813,SACDistanceAgentNew,Swimmer-v5,42
735000.0,81.4387,SACDistanceAgentNew,Swimmer-v5,42
740000.0,82.9984,SACDistanceAgentNew,Swimmer-v5,42
745000.0,85.9675,SACDistanceAgentNew,Swimmer-v5,42
750000.0,100.5192,SACDistanceAgentNew,Swimmer-v5,42
755000.0,93.3828,SACDistanceAgentNew,Swimmer-v5,42
760000.0,82.9918,SACDistanceAgentNew,Swimmer-v5,42
765000.0,75.6248,SACDistanceAgentNew,Swimmer-v5,42
770000.0,90.9704,SACDistanceAgentNew,Swimmer-v5,42
775000.0,83.422,SACDistanceAgentNew,Swimmer-v5,42
780000.0,88.2078,SACDistanceAgentNew,Swimmer-v5,42
785000.0,82.3597,SACDistanceAgentNew,Swimmer-v5,42
790000.0,85.5102,SACDistanceAgentNew,Swimmer-v5,42
795000.0,77.6264,SACDistanceAgentNew,Swimmer-v5,42
800000.0,81.6925,SACDistanceAgentNew,Swimmer-v5,42
805000.0,74.1523,SACDistanceAgentNew,Swimmer-v5,42
810000.0,73.2664,SACDistanceAgentNew,Swimmer-v5,42
815000.0,73.837,SACDistanceAgentNew,Swimmer-v5,42
820000.0,79.1773,SACDistanceAgentNew,Swimmer-v5,42
825000.0,77.3591,SACDistanceAgentNew,Swimmer-v5,42
830000.0,80.5374,SACDistanceAgentNew,Swimmer-v5,42
835000.0,82.0115,SACDistanceAgentNew,Swimmer-v5,42
840000.0,66.0199,SACDistanceAgentNew,Swimmer-v5,42
845000.0,72.5038,SACDistanceAgentNew,Swimmer-v5,42
850000.0,79.966,SACDistanceAgentNew,Swimmer-v5,42
855000.0,79.2881,SACDistanceAgentNew,Swimmer-v5,42
860000.0,95.7182,SACDistanceAgentNew,Swimmer-v5,42
865000.0,77.0312,SACDistanceAgentNew,Swimmer-v5,42
870000.0,86.9858,SACDistanceAgentNew,Swimmer-v5,42
875000.0,76.1019,SACDistanceAgentNew,Swimmer-v5,42
880000.0,72.1351,SACDistanceAgentNew,Swimmer-v5,42
885000.0,82.5496,SACDistanceAgentNew,Swimmer-v5,42
890000.0,79.7128,SACDistanceAgentNew,Swimmer-v5,42
895000.0,80.4163,SACDistanceAgentNew,Swimmer-v5,42
900000.0,78.6432,SACDistanceAgentNew,Swimmer-v5,42
905000.0,74.2281,SACDistanceAgentNew,Swimmer-v5,42
910000.0,62.7562,SACDistanceAgentNew,Swimmer-v5,42
915000.0,78.7705,SACDistanceAgentNew,Swimmer-v5,42
920000.0,18.5304,SACDistanceAgentNew,Swimmer-v5,42
925000.0,54.8735,SACDistanceAgentNew,Swimmer-v5,42
930000.0,53.1195,SACDistanceAgentNew,Swimmer-v5,42
935000.0,53.5873,SACDistanceAgentNew,Swimmer-v5,42
940000.0,45.6693,SACDistanceAgentNew,Swimmer-v5,42
945000.0,76.0092,SACDistanceAgentNew,Swimmer-v5,42
950000.0,73.1185,SACDistanceAgentNew,Swimmer-v5,42
955000.0,50.406,SACDistanceAgentNew,Swimmer-v5,42
960000.0,46.1166,SACDistanceAgentNew,Swimmer-v5,42
965000.0,73.3512,SACDistanceAgentNew,Swimmer-v5,42
970000.0,85.5976,SACDistanceAgentNew,Swimmer-v5,42
975000.0,109.2056,SACDistanceAgentNew,Swimmer-v5,42
980000.0,59.5183,SACDistanceAgentNew,Swimmer-v5,42
985000.0,86.8354,SACDistanceAgentNew,Swimmer-v5,42
990000.0,88.821,SACDistanceAgentNew,Swimmer-v5,42
995000.0,87.0076,SACDistanceAgentNew,Swimmer-v5,42
1000000.0,62.0999,SACDistanceAgentNew,Swimmer-v5,42
1005000.0,76.5445,SACDistanceAgentNew,Swimmer-v5,42
1010000.0,79.5473,SACDistanceAgentNew,Swimmer-v5,42
1015000.0,79.671,SACDistanceAgentNew,Swimmer-v5,42
1020000.0,81.3746,SACDistanceAgentNew,Swimmer-v5,42
1025000.0,71.7116,SACDistanceAgentNew,Swimmer-v5,42
1030000.0,56.7123,SACDistanceAgentNew,Swimmer-v5,42
1035000.0,72.6025,SACDistanceAgentNew,Swimmer-v5,42
1040000.0,79.4957,SACDistanceAgentNew,Swimmer-v5,42
1045000.0,75.473,SACDistanceAgentNew,Swimmer-v5,42
1050000.0,80.9661,SACDistanceAgentNew,Swimmer-v5,42
1055000.0,71.3356,SACDistanceAgentNew,Swimmer-v5,42
1060000.0,72.8926,SACDistanceAgentNew,Swimmer-v5,42
1065000.0,77.1964,SACDistanceAgentNew,Swimmer-v5,42
1070000.0,72.4538,SACDistanceAgentNew,Swimmer-v5,42
1075000.0,65.4472,SACDistanceAgentNew,Swimmer-v5,42
1080000.0,74.4213,SACDistanceAgentNew,Swimmer-v5,42
1085000.0,78.8859,SACDistanceAgentNew,Swimmer-v5,42
1090000.0,58.2806,SACDistanceAgentNew,Swimmer-v5,42
1095000.0,98.6225,SACDistanceAgentNew,Swimmer-v5,42
1100000.0,65.5255,SACDistanceAgentNew,Swimmer-v5,42
1105000.0,85.4088,SACDistanceAgentNew,Swimmer-v5,42
1110000.0,85.3972,SACDistanceAgentNew,Swimmer-v5,42
1115000.0,89.4057,SACDistanceAgentNew,Swimmer-v5,42
1120000.0,75.3022,SACDistanceAgentNew,Swimmer-v5,42
1125000.0,78.2297,SACDistanceAgentNew,Swimmer-v5,42
1130000.0,79.7518,SACDistanceAgentNew,Swimmer-v5,42
1135000.0,48.6141,SACDistanceAgentNew,Swimmer-v5,42
1140000.0,88.2359,SACDistanceAgentNew,Swimmer-v5,42
1145000.0,75.982,SACDistanceAgentNew,Swimmer-v5,42
1150000.0,55.414,SACDistanceAgentNew,Swimmer-v5,42
1155000.0,62.3778,SACDistanceAgentNew,Swimmer-v5,42
1160000.0,65.9749,SACDistanceAgentNew,Swimmer-v5,42
1165000.0,84.6212,SACDistanceAgentNew,Swimmer-v5,42
1170000.0,72.4491,SACDistanceAgentNew,Swimmer-v5,42
5000.0,-11.0404,SACDistanceAgentNew,Swimmer-v5,32
10000.0,29.0896,SACDistanceAgentNew,Swimmer-v5,32
15000.0,16.5592,SACDistanceAgentNew,Swimmer-v5,32
20000.0,33.7623,SACDistanceAgentNew,Swimmer-v5,32
25000.0,35.9017,SACDistanceAgentNew,Swimmer-v5,32
30000.0,24.9403,SACDistanceAgentNew,Swimmer-v5,32
35000.0,20.7292,SACDistanceAgentNew,Swimmer-v5,32
40000.0,67.5696,SACDistanceAgentNew,Swimmer-v5,32
45000.0,45.4402,SACDistanceAgentNew,Swimmer-v5,32
50000.0,30.5375,SACDistanceAgentNew,Swimmer-v5,32
55000.0,27.1188,SACDistanceAgentNew,Swimmer-v5,32
60000.0,24.7466,SACDistanceAgentNew,Swimmer-v5,32
65000.0,48.8631,SACDistanceAgentNew,Swimmer-v5,32
70000.0,37.0648,SACDistanceAgentNew,Swimmer-v5,32
75000.0,125.1181,SACDistanceAgentNew,Swimmer-v5,32
80000.0,20.2711,SACDistanceAgentNew,Swimmer-v5,32
85000.0,49.6549,SACDistanceAgentNew,Swimmer-v5,32
90000.0,143.8959,SACDistanceAgentNew,Swimmer-v5,32
95000.0,50.1445,SACDistanceAgentNew,Swimmer-v5,32
100000.0,91.4567,SACDistanceAgentNew,Swimmer-v5,32
105000.0,80.0462,SACDistanceAgentNew,Swimmer-v5,32
110000.0,173.0591,SACDistanceAgentNew,Swimmer-v5,32
115000.0,47.7712,SACDistanceAgentNew,Swimmer-v5,32
120000.0,37.187,SACDistanceAgentNew,Swimmer-v5,32
125000.0,29.2244,SACDistanceAgentNew,Swimmer-v5,32
130000.0,32.6157,SACDistanceAgentNew,Swimmer-v5,32
135000.0,22.7165,SACDistanceAgentNew,Swimmer-v5,32
140000.0,37.2629,SACDistanceAgentNew,Swimmer-v5,32
145000.0,35.3887,SACDistanceAgentNew,Swimmer-v5,32
150000.0,32.9024,SACDistanceAgentNew,Swimmer-v5,32
155000.0,15.2192,SACDistanceAgentNew,Swimmer-v5,32
160000.0,42.5393,SACDistanceAgentNew,Swimmer-v5,32
165000.0,39.9209,SACDistanceAgentNew,Swimmer-v5,32
170000.0,81.9241,SACDistanceAgentNew,Swimmer-v5,32
175000.0,64.3343,SACDistanceAgentNew,Swimmer-v5,32
180000.0,78.9391,SACDistanceAgentNew,Swimmer-v5,32
185000.0,53.1276,SACDistanceAgentNew,Swimmer-v5,32
190000.0,76.8969,SACDistanceAgentNew,Swimmer-v5,32
195000.0,53.0305,SACDistanceAgentNew,Swimmer-v5,32
200000.0,74.1891,SACDistanceAgentNew,Swimmer-v5,32
205000.0,48.0287,SACDistanceAgentNew,Swimmer-v5,32
210000.0,94.7991,SACDistanceAgentNew,Swimmer-v5,32
215000.0,78.3526,SACDistanceAgentNew,Swimmer-v5,32
220000.0,99.0317,SACDistanceAgentNew,Swimmer-v5,32
225000.0,80.2633,SACDistanceAgentNew,Swimmer-v5,32
230000.0,86.3667,SACDistanceAgentNew,Swimmer-v5,32
235000.0,95.7057,SACDistanceAgentNew,Swimmer-v5,32
240000.0,83.6553,SACDistanceAgentNew,Swimmer-v5,32
245000.0,87.8379,SACDistanceAgentNew,Swimmer-v5,32
250000.0,92.3714,SACDistanceAgentNew,Swimmer-v5,32
255000.0,83.9285,SACDistanceAgentNew,Swimmer-v5,32
260000.0,89.6537,SACDistanceAgentNew,Swimmer-v5,32
265000.0,90.9762,SACDistanceAgentNew,Swimmer-v5,32
270000.0,92.5718,SACDistanceAgentNew,Swimmer-v5,32
275000.0,101.0911,SACDistanceAgentNew,Swimmer-v5,32
280000.0,104.9792,SACDistanceAgentNew,Swimmer-v5,32
285000.0,111.3863,SACDistanceAgentNew,Swimmer-v5,32
290000.0,112.1177,SACDistanceAgentNew,Swimmer-v5,32
295000.0,109.8138,SACDistanceAgentNew,Swimmer-v5,32
300000.0,104.9809,SACDistanceAgentNew,Swimmer-v5,32
305000.0,111.0632,SACDistanceAgentNew,Swimmer-v5,32
310000.0,109.0342,SACDistanceAgentNew,Swimmer-v5,32
315000.0,106.8752,SACDistanceAgentNew,Swimmer-v5,32
320000.0,37.082,SACDistanceAgentNew,Swimmer-v5,32
325000.0,48.1378,SACDistanceAgentNew,Swimmer-v5,32
330000.0,108.0191,SACDistanceAgentNew,Swimmer-v5,32
335000.0,110.9802,SACDistanceAgentNew,Swimmer-v5,32
340000.0,110.381,SACDistanceAgentNew,Swimmer-v5,32
345000.0,101.7274,SACDistanceAgentNew,Swimmer-v5,32
350000.0,109.6861,SACDistanceAgentNew,Swimmer-v5,32
355000.0,107.1598,SACDistanceAgentNew,Swimmer-v5,32
360000.0,102.61,SACDistanceAgentNew,Swimmer-v5,32
365000.0,88.443,SACDistanceAgentNew,Swimmer-v5,32
370000.0,95.0132,SACDistanceAgentNew,Swimmer-v5,32
375000.0,102.4237,SACDistanceAgentNew,Swimmer-v5,32
380000.0,94.488,SACDistanceAgentNew,Swimmer-v5,32
385000.0,90.9424,SACDistanceAgentNew,Swimmer-v5,32
390000.0,105.315,SACDistanceAgentNew,Swimmer-v5,32
395000.0,86.5083,SACDistanceAgentNew,Swimmer-v5,32
400000.0,101.3162,SACDistanceAgentNew,Swimmer-v5,32
405000.0,98.4898,SACDistanceAgentNew,Swimmer-v5,32
410000.0,103.947,SACDistanceAgentNew,Swimmer-v5,32
415000.0,103.6096,SACDistanceAgentNew,Swimmer-v5,32
420000.0,101.2493,SACDistanceAgentNew,Swimmer-v5,32
425000.0,98.4729,SACDistanceAgentNew,Swimmer-v5,32
430000.0,97.2628,SACDistanceAgentNew,Swimmer-v5,32
435000.0,104.6469,SACDistanceAgentNew,Swimmer-v5,32
440000.0,102.8691,SACDistanceAgentNew,Swimmer-v5,32
445000.0,101.8931,SACDistanceAgentNew,Swimmer-v5,32
450000.0,99.5586,SACDistanceAgentNew,Swimmer-v5,32
455000.0,99.4458,SACDistanceAgentNew,Swimmer-v5,32
460000.0,98.742,SACDistanceAgentNew,Swimmer-v5,32
465000.0,97.0844,SACDistanceAgentNew,Swimmer-v5,32
470000.0,98.2405,SACDistanceAgentNew,Swimmer-v5,32
475000.0,103.6117,SACDistanceAgentNew,Swimmer-v5,32
480000.0,102.2528,SACDistanceAgentNew,Swimmer-v5,32
485000.0,102.0994,SACDistanceAgentNew,Swimmer-v5,32
490000.0,102.3508,SACDistanceAgentNew,Swimmer-v5,32
495000.0,99.5909,SACDistanceAgentNew,Swimmer-v5,32
500000.0,103.1225,SACDistanceAgentNew,Swimmer-v5,32
505000.0,93.7848,SACDistanceAgentNew,Swimmer-v5,32
510000.0,95.3197,SACDistanceAgentNew,Swimmer-v5,32
515000.0,102.8331,SACDistanceAgentNew,Swimmer-v5,32
520000.0,99.9934,SACDistanceAgentNew,Swimmer-v5,32
525000.0,101.1075,SACDistanceAgentNew,Swimmer-v5,32
530000.0,94.594,SACDistanceAgentNew,Swimmer-v5,32
535000.0,88.3681,SACDistanceAgentNew,Swimmer-v5,32
540000.0,97.8833,SACDistanceAgentNew,Swimmer-v5,32
545000.0,89.2299,SACDistanceAgentNew,Swimmer-v5,32
550000.0,90.835,SACDistanceAgentNew,Swimmer-v5,32
555000.0,100.9758,SACDistanceAgentNew,Swimmer-v5,32
560000.0,97.6697,SACDistanceAgentNew,Swimmer-v5,32
565000.0,100.8196,SACDistanceAgentNew,Swimmer-v5,32
570000.0,102.1124,SACDistanceAgentNew,Swimmer-v5,32
575000.0,101.1031,SACDistanceAgentNew,Swimmer-v5,32
580000.0,101.947,SACDistanceAgentNew,Swimmer-v5,32
585000.0,107.1621,SACDistanceAgentNew,Swimmer-v5,32
590000.0,99.3367,SACDistanceAgentNew,Swimmer-v5,32
595000.0,91.8513,SACDistanceAgentNew,Swimmer-v5,32
600000.0,92.4608,SACDistanceAgentNew,Swimmer-v5,32
605000.0,99.3657,SACDistanceAgentNew,Swimmer-v5,32
610000.0,102.4059,SACDistanceAgentNew,Swimmer-v5,32
615000.0,84.8195,SACDistanceAgentNew,Swimmer-v5,32
620000.0,102.0679,SACDistanceAgentNew,Swimmer-v5,32
625000.0,95.8518,SACDistanceAgentNew,Swimmer-v5,32
630000.0,93.8514,SACDistanceAgentNew,Swimmer-v5,32
635000.0,85.3736,SACDistanceAgentNew,Swimmer-v5,32
640000.0,84.34,SACDistanceAgentNew,Swimmer-v5,32
645000.0,83.2162,SACDistanceAgentNew,Swimmer-v5,32
650000.0,66.161,SACDistanceAgentNew,Swimmer-v5,32
655000.0,77.6555,SACDistanceAgentNew,Swimmer-v5,32
660000.0,97.5268,SACDistanceAgentNew,Swimmer-v5,32
665000.0,90.3774,SACDistanceAgentNew,Swimmer-v5,32
670000.0,93.3773,SACDistanceAgentNew,Swimmer-v5,32
675000.0,87.8317,SACDistanceAgentNew,Swimmer-v5,32
680000.0,99.128,SACDistanceAgentNew,Swimmer-v5,32
685000.0,102.0397,SACDistanceAgentNew,Swimmer-v5,32
690000.0,97.6408,SACDistanceAgentNew,Swimmer-v5,32
695000.0,104.3958,SACDistanceAgentNew,Swimmer-v5,32
700000.0,65.7764,SACDistanceAgentNew,Swimmer-v5,32
705000.0,103.972,SACDistanceAgentNew,Swimmer-v5,32
710000.0,105.7437,SACDistanceAgentNew,Swimmer-v5,32
715000.0,79.2555,SACDistanceAgentNew,Swimmer-v5,32
720000.0,46.5495,SACDistanceAgentNew,Swimmer-v5,32
725000.0,83.0111,SACDistanceAgentNew,Swimmer-v5,32
730000.0,76.6258,SACDistanceAgentNew,Swimmer-v5,32
735000.0,66.5442,SACDistanceAgentNew,Swimmer-v5,32
740000.0,78.8557,SACDistanceAgentNew,Swimmer-v5,32
745000.0,86.0858,SACDistanceAgentNew,Swimmer-v5,32
750000.0,99.6833,SACDistanceAgentNew,Swimmer-v5,32
755000.0,61.2903,SACDistanceAgentNew,Swimmer-v5,32
760000.0,86.1638,SACDistanceAgentNew,Swimmer-v5,32
765000.0,102.9121,SACDistanceAgentNew,Swimmer-v5,32
770000.0,96.7369,SACDistanceAgentNew,Swimmer-v5,32
775000.0,109.7312,SACDistanceAgentNew,Swimmer-v5,32
780000.0,100.0622,SACDistanceAgentNew,Swimmer-v5,32
785000.0,16.8364,SACDistanceAgentNew,Swimmer-v5,32
790000.0,107.9362,SACDistanceAgentNew,Swimmer-v5,32
795000.0,100.9888,SACDistanceAgentNew,Swimmer-v5,32
800000.0,95.6606,SACDistanceAgentNew,Swimmer-v5,32
805000.0,93.0394,SACDistanceAgentNew,Swimmer-v5,32
810000.0,103.1686,SACDistanceAgentNew,Swimmer-v5,32
815000.0,102.4449,SACDistanceAgentNew,Swimmer-v5,32
820000.0,99.3251,SACDistanceAgentNew,Swimmer-v5,32
825000.0,89.8847,SACDistanceAgentNew,Swimmer-v5,32
830000.0,109.7931,SACDistanceAgentNew,Swimmer-v5,32
835000.0,93.9967,SACDistanceAgentNew,Swimmer-v5,32
840000.0,98.348,SACDistanceAgentNew,Swimmer-v5,32
845000.0,93.3808,SACDistanceAgentNew,Swimmer-v5,32
850000.0,101.5318,SACDistanceAgentNew,Swimmer-v5,32
855000.0,104.7995,SACDistanceAgentNew,Swimmer-v5,32
860000.0,97.1748,SACDistanceAgentNew,Swimmer-v5,32
865000.0,111.4751,SACDistanceAgentNew,Swimmer-v5,32
870000.0,112.1337,SACDistanceAgentNew,Swimmer-v5,32
875000.0,105.5912,SACDistanceAgentNew,Swimmer-v5,32
880000.0,102.7969,SACDistanceAgentNew,Swimmer-v5,32
885000.0,100.6948,SACDistanceAgentNew,Swimmer-v5,32
890000.0,100.5303,SACDistanceAgentNew,Swimmer-v5,32
895000.0,105.6816,SACDistanceAgentNew,Swimmer-v5,32
900000.0,110.8878,SACDistanceAgentNew,Swimmer-v5,32
905000.0,98.9536,SACDistanceAgentNew,Swimmer-v5,32
910000.0,96.6543,SACDistanceAgentNew,Swimmer-v5,32
915000.0,101.655,SACDistanceAgentNew,Swimmer-v5,32
920000.0,90.1842,SACDistanceAgentNew,Swimmer-v5,32
925000.0,104.6256,SACDistanceAgentNew,Swimmer-v5,32
930000.0,101.636,SACDistanceAgentNew,Swimmer-v5,32
935000.0,96.8382,SACDistanceAgentNew,Swimmer-v5,32
940000.0,98.9473,SACDistanceAgentNew,Swimmer-v5,32
945000.0,95.3508,SACDistanceAgentNew,Swimmer-v5,32
950000.0,108.6814,SACDistanceAgentNew,Swimmer-v5,32
955000.0,105.2253,SACDistanceAgentNew,Swimmer-v5,32
960000.0,99.5449,SACDistanceAgentNew,Swimmer-v5,32
965000.0,99.2774,SACDistanceAgentNew,Swimmer-v5,32
970000.0,98.2659,SACDistanceAgentNew,Swimmer-v5,32
975000.0,111.6066,SACDistanceAgentNew,Swimmer-v5,32
980000.0,96.382,SACDistanceAgentNew,Swimmer-v5,32
985000.0,91.4769,SACDistanceAgentNew,Swimmer-v5,32
990000.0,102.833,SACDistanceAgentNew,Swimmer-v5,32
995000.0,103.2798,SACDistanceAgentNew,Swimmer-v5,32
1000000.0,96.1338,SACDistanceAgentNew,Swimmer-v5,32
1005000.0,106.8517,SACDistanceAgentNew,Swimmer-v5,32
1010000.0,107.6373,SACDistanceAgentNew,Swimmer-v5,32
1015000.0,94.7883,SACDistanceAgentNew,Swimmer-v5,32
1020000.0,105.7231,SACDistanceAgentNew,Swimmer-v5,32
1025000.0,100.4519,SACDistanceAgentNew,Swimmer-v5,32
1030000.0,92.3983,SACDistanceAgentNew,Swimmer-v5,32
1035000.0,94.2778,SACDistanceAgentNew,Swimmer-v5,32
1040000.0,96.3757,SACDistanceAgentNew,Swimmer-v5,32
1045000.0,100.2207,SACDistanceAgentNew,Swimmer-v5,32
1050000.0,98.1269,SACDistanceAgentNew,Swimmer-v5,32
1055000.0,97.9091,SACDistanceAgentNew,Swimmer-v5,32
1060000.0,101.7347,SACDistanceAgentNew,Swimmer-v5,32
1065000.0,95.4596,SACDistanceAgentNew,Swimmer-v5,32
1070000.0,109.854,SACDistanceAgentNew,Swimmer-v5,32
1075000.0,104.8448,SACDistanceAgentNew,Swimmer-v5,32
1080000.0,104.6585,SACDistanceAgentNew,Swimmer-v5,32
1085000.0,99.8032,SACDistanceAgentNew,Swimmer-v5,32
1090000.0,109.889,SACDistanceAgentNew,Swimmer-v5,32
1095000.0,111.7568,SACDistanceAgentNew,Swimmer-v5,32
1100000.0,108.5929,SACDistanceAgentNew,Swimmer-v5,32
1105000.0,93.1321,SACDistanceAgentNew,Swimmer-v5,32
1110000.0,109.9278,SACDistanceAgentNew,Swimmer-v5,32
1115000.0,108.6362,SACDistanceAgentNew,Swimmer-v5,32
1120000.0,106.2354,SACDistanceAgentNew,Swimmer-v5,32
1125000.0,109.0729,SACDistanceAgentNew,Swimmer-v5,32
1130000.0,112.7303,SACDistanceAgentNew,Swimmer-v5,32
1135000.0,112.8261,SACDistanceAgentNew,Swimmer-v5,32
1140000.0,106.7938,SACDistanceAgentNew,Swimmer-v5,32
1145000.0,115.0921,SACDistanceAgentNew,Swimmer-v5,32
1150000.0,104.9897,SACDistanceAgentNew,Swimmer-v5,32
1155000.0,109.0424,SACDistanceAgentNew,Swimmer-v5,32
1160000.0,101.079,SACDistanceAgentNew,Swimmer-v5,32
1165000.0,103.2625,SACDistanceAgentNew,Swimmer-v5,32
5000.0,10.6067,SACDistanceAgentNew,Walker2d-v5,42
10000.0,295.8836,SACDistanceAgentNew,Walker2d-v5,42
15000.0,311.3019,SACDistanceAgentNew,Walker2d-v5,42
20000.0,518.7405,SACDistanceAgentNew,Walker2d-v5,42
25000.0,386.3289,SACDistanceAgentNew,Walker2d-v5,42
30000.0,265.3979,SACDistanceAgentNew,Walker2d-v5,42
35000.0,291.8908,SACDistanceAgentNew,Walker2d-v5,42
40000.0,485.9931,SACDistanceAgentNew,Walker2d-v5,42
45000.0,372.9979,SACDistanceAgentNew,Walker2d-v5,42
50000.0,559.0285,SACDistanceAgentNew,Walker2d-v5,42
55000.0,561.0168,SACDistanceAgentNew,Walker2d-v5,42
60000.0,706.5954,SACDistanceAgentNew,Walker2d-v5,42
65000.0,583.9433,SACDistanceAgentNew,Walker2d-v5,42
70000.0,408.5159,SACDistanceAgentNew,Walker2d-v5,42
75000.0,759.0935,SACDistanceAgentNew,Walker2d-v5,42
80000.0,765.0459,SACDistanceAgentNew,Walker2d-v5,42
85000.0,845.2226,SACDistanceAgentNew,Walker2d-v5,42
90000.0,905.9651,SACDistanceAgentNew,Walker2d-v5,42
95000.0,1139.581,SACDistanceAgentNew,Walker2d-v5,42
100000.0,1059.4889,SACDistanceAgentNew,Walker2d-v5,42
105000.0,802.2091,SACDistanceAgentNew,Walker2d-v5,42
110000.0,853.3524,SACDistanceAgentNew,Walker2d-v5,42
115000.0,897.8326,SACDistanceAgentNew,Walker2d-v5,42
120000.0,1071.6862,SACDistanceAgentNew,Walker2d-v5,42
125000.0,1441.9901,SACDistanceAgentNew,Walker2d-v5,42
130000.0,1240.3679,SACDistanceAgentNew,Walker2d-v5,42
135000.0,1198.2761,SACDistanceAgentNew,Walker2d-v5,42
140000.0,2939.9414,SACDistanceAgentNew,Walker2d-v5,42
145000.0,1752.994,SACDistanceAgentNew,Walker2d-v5,42
150000.0,972.1469,SACDistanceAgentNew,Walker2d-v5,42
155000.0,1356.2147,SACDistanceAgentNew,Walker2d-v5,42
160000.0,2111.6014,SACDistanceAgentNew,Walker2d-v5,42
165000.0,1040.9359,SACDistanceAgentNew,Walker2d-v5,42
170000.0,1673.0084,SACDistanceAgentNew,Walker2d-v5,42
175000.0,1809.2902,SACDistanceAgentNew,Walker2d-v5,42
180000.0,2426.4997,SACDistanceAgentNew,Walker2d-v5,42
185000.0,2396.6569,SACDistanceAgentNew,Walker2d-v5,42
190000.0,3941.7028,SACDistanceAgentNew,Walker2d-v5,42
195000.0,2021.3472,SACDistanceAgentNew,Walker2d-v5,42
200000.0,3604.2003,SACDistanceAgentNew,Walker2d-v5,42
205000.0,3112.6472,SACDistanceAgentNew,Walker2d-v5,42
210000.0,3190.6706,SACDistanceAgentNew,Walker2d-v5,42
215000.0,4051.0624,SACDistanceAgentNew,Walker2d-v5,42
220000.0,4160.7516,SACDistanceAgentNew,Walker2d-v5,42
225000.0,4644.0642,SACDistanceAgentNew,Walker2d-v5,42
230000.0,4630.5716,SACDistanceAgentNew,Walker2d-v5,42
235000.0,4443.1481,SACDistanceAgentNew,Walker2d-v5,42
240000.0,4540.198,SACDistanceAgentNew,Walker2d-v5,42
245000.0,4768.0094,SACDistanceAgentNew,Walker2d-v5,42
250000.0,4771.4143,SACDistanceAgentNew,Walker2d-v5,42
255000.0,4555.6745,SACDistanceAgentNew,Walker2d-v5,42
260000.0,4545.5987,SACDistanceAgentNew,Walker2d-v5,42
265000.0,4728.8829,SACDistanceAgentNew,Walker2d-v5,42
270000.0,4918.8576,SACDistanceAgentNew,Walker2d-v5,42
275000.0,4840.691,SACDistanceAgentNew,Walker2d-v5,42
280000.0,4609.2688,SACDistanceAgentNew,Walker2d-v5,42
285000.0,4799.679,SACDistanceAgentNew,Walker2d-v5,42
290000.0,4501.3056,SACDistanceAgentNew,Walker2d-v5,42
295000.0,4726.9436,SACDistanceAgentNew,Walker2d-v5,42
300000.0,4642.4484,SACDistanceAgentNew,Walker2d-v5,42
305000.0,4261.075,SACDistanceAgentNew,Walker2d-v5,42
310000.0,3659.8134,SACDistanceAgentNew,Walker2d-v5,42
315000.0,4546.1673,SACDistanceAgentNew,Walker2d-v5,42
320000.0,4837.3923,SACDistanceAgentNew,Walker2d-v5,42
325000.0,4672.3076,SACDistanceAgentNew,Walker2d-v5,42
330000.0,4555.9296,SACDistanceAgentNew,Walker2d-v5,42
335000.0,4715.9457,SACDistanceAgentNew,Walker2d-v5,42
340000.0,4640.3473,SACDistanceAgentNew,Walker2d-v5,42
345000.0,4699.0823,SACDistanceAgentNew,Walker2d-v5,42
350000.0,4792.4218,SACDistanceAgentNew,Walker2d-v5,42
355000.0,3816.4765,SACDistanceAgentNew,Walker2d-v5,42
360000.0,4772.6593,SACDistanceAgentNew,Walker2d-v5,42
365000.0,4679.1509,SACDistanceAgentNew,Walker2d-v5,42
370000.0,2128.2404,SACDistanceAgentNew,Walker2d-v5,42
375000.0,4668.9765,SACDistanceAgentNew,Walker2d-v5,42
380000.0,4940.5423,SACDistanceAgentNew,Walker2d-v5,42
385000.0,4860.7737,SACDistanceAgentNew,Walker2d-v5,42
390000.0,4716.3088,SACDistanceAgentNew,Walker2d-v5,42
395000.0,4795.9637,SACDistanceAgentNew,Walker2d-v5,42
400000.0,4878.7932,SACDistanceAgentNew,Walker2d-v5,42
405000.0,4963.3426,SACDistanceAgentNew,Walker2d-v5,42
410000.0,4906.3312,SACDistanceAgentNew,Walker2d-v5,42
415000.0,4799.4268,SACDistanceAgentNew,Walker2d-v5,42
420000.0,4946.0516,SACDistanceAgentNew,Walker2d-v5,42
425000.0,5034.4358,SACDistanceAgentNew,Walker2d-v5,42
430000.0,4822.1312,SACDistanceAgentNew,Walker2d-v5,42
435000.0,4840.8645,SACDistanceAgentNew,Walker2d-v5,42
440000.0,4832.4069,SACDistanceAgentNew,Walker2d-v5,42
445000.0,4890.1406,SACDistanceAgentNew,Walker2d-v5,42
450000.0,4808.365,SACDistanceAgentNew,Walker2d-v5,42
455000.0,4978.5321,SACDistanceAgentNew,Walker2d-v5,42
460000.0,4887.4701,SACDistanceAgentNew,Walker2d-v5,42
465000.0,4932.459,SACDistanceAgentNew,Walker2d-v5,42
470000.0,4903.0678,SACDistanceAgentNew,Walker2d-v5,42
475000.0,4860.784,SACDistanceAgentNew,Walker2d-v5,42
480000.0,4943.0075,SACDistanceAgentNew,Walker2d-v5,42
485000.0,5021.2026,SACDistanceAgentNew,Walker2d-v5,42
490000.0,4992.7999,SACDistanceAgentNew,Walker2d-v5,42
495000.0,4970.4167,SACDistanceAgentNew,Walker2d-v5,42
500000.0,4830.5219,SACDistanceAgentNew,Walker2d-v5,42
505000.0,4870.1993,SACDistanceAgentNew,Walker2d-v5,42
510000.0,5054.6902,SACDistanceAgentNew,Walker2d-v5,42
515000.0,4972.3797,SACDistanceAgentNew,Walker2d-v5,42
520000.0,5038.085,SACDistanceAgentNew,Walker2d-v5,42
525000.0,4896.9073,SACDistanceAgentNew,Walker2d-v5,42
530000.0,4991.1019,SACDistanceAgentNew,Walker2d-v5,42
535000.0,5011.897,SACDistanceAgentNew,Walker2d-v5,42
540000.0,4525.812,SACDistanceAgentNew,Walker2d-v5,42
545000.0,4945.8039,SACDistanceAgentNew,Walker2d-v5,42
550000.0,5076.4611,SACDistanceAgentNew,Walker2d-v5,42
555000.0,4608.984,SACDistanceAgentNew,Walker2d-v5,42
560000.0,5005.8126,SACDistanceAgentNew,Walker2d-v5,42
565000.0,5026.1368,SACDistanceAgentNew,Walker2d-v5,42
570000.0,5089.2706,SACDistanceAgentNew,Walker2d-v5,42
575000.0,5049.6477,SACDistanceAgentNew,Walker2d-v5,42
580000.0,5022.6812,SACDistanceAgentNew,Walker2d-v5,42
585000.0,5090.0411,SACDistanceAgentNew,Walker2d-v5,42
590000.0,5006.7412,SACDistanceAgentNew,Walker2d-v5,42
595000.0,5059.1594,SACDistanceAgentNew,Walker2d-v5,42
600000.0,5036.9915,SACDistanceAgentNew,Walker2d-v5,42
605000.0,5055.5687,SACDistanceAgentNew,Walker2d-v5,42
610000.0,4054.2276,SACDistanceAgentNew,Walker2d-v5,42
615000.0,5006.8884,SACDistanceAgentNew,Walker2d-v5,42
620000.0,5004.6972,SACDistanceAgentNew,Walker2d-v5,42
625000.0,5060.3659,SACDistanceAgentNew,Walker2d-v5,42
630000.0,5060.274,SACDistanceAgentNew,Walker2d-v5,42
635000.0,4387.6068,SACDistanceAgentNew,Walker2d-v5,42
640000.0,5091.9118,SACDistanceAgentNew,Walker2d-v5,42
645000.0,5064.5058,SACDistanceAgentNew,Walker2d-v5,42
650000.0,5111.8047,SACDistanceAgentNew,Walker2d-v5,42
655000.0,5092.6883,SACDistanceAgentNew,Walker2d-v5,42
660000.0,5082.5845,SACDistanceAgentNew,Walker2d-v5,42
665000.0,5059.8875,SACDistanceAgentNew,Walker2d-v5,42
670000.0,5066.1568,SACDistanceAgentNew,Walker2d-v5,42
675000.0,5077.4871,SACDistanceAgentNew,Walker2d-v5,42
680000.0,5105.5096,SACDistanceAgentNew,Walker2d-v5,42
685000.0,5027.0635,SACDistanceAgentNew,Walker2d-v5,42
690000.0,5105.3492,SACDistanceAgentNew,Walker2d-v5,42
695000.0,4983.9217,SACDistanceAgentNew,Walker2d-v5,42
700000.0,5109.5415,SACDistanceAgentNew,Walker2d-v5,42
705000.0,5100.0662,SACDistanceAgentNew,Walker2d-v5,42
710000.0,5124.4172,SACDistanceAgentNew,Walker2d-v5,42
715000.0,5059.8589,SACDistanceAgentNew,Walker2d-v5,42
720000.0,5094.2601,SACDistanceAgentNew,Walker2d-v5,42
725000.0,5065.3356,SACDistanceAgentNew,Walker2d-v5,42
730000.0,5034.342,SACDistanceAgentNew,Walker2d-v5,42
735000.0,5044.0979,SACDistanceAgentNew,Walker2d-v5,42
740000.0,5050.5324,SACDistanceAgentNew,Walker2d-v5,42
745000.0,4872.1448,SACDistanceAgentNew,Walker2d-v5,42
750000.0,5038.7661,SACDistanceAgentNew,Walker2d-v5,42
755000.0,4999.0606,SACDistanceAgentNew,Walker2d-v5,42
760000.0,5015.4562,SACDistanceAgentNew,Walker2d-v5,42
765000.0,4893.2374,SACDistanceAgentNew,Walker2d-v5,42
770000.0,5004.9167,SACDistanceAgentNew,Walker2d-v5,42
775000.0,4893.9439,SACDistanceAgentNew,Walker2d-v5,42
780000.0,5021.1759,SACDistanceAgentNew,Walker2d-v5,42
785000.0,4980.3676,SACDistanceAgentNew,Walker2d-v5,42
790000.0,4927.3549,SACDistanceAgentNew,Walker2d-v5,42
795000.0,4899.9725,SACDistanceAgentNew,Walker2d-v5,42
800000.0,4873.2924,SACDistanceAgentNew,Walker2d-v5,42
805000.0,5011.4041,SACDistanceAgentNew,Walker2d-v5,42
810000.0,4923.8496,SACDistanceAgentNew,Walker2d-v5,42
815000.0,4891.9628,SACDistanceAgentNew,Walker2d-v5,42
820000.0,4870.3832,SACDistanceAgentNew,Walker2d-v5,42
825000.0,5015.8568,SACDistanceAgentNew,Walker2d-v5,42
830000.0,4929.7218,SACDistanceAgentNew,Walker2d-v5,42
835000.0,4951.6188,SACDistanceAgentNew,Walker2d-v5,42
840000.0,4978.0338,SACDistanceAgentNew,Walker2d-v5,42
845000.0,5004.2395,SACDistanceAgentNew,Walker2d-v5,42
850000.0,4802.4303,SACDistanceAgentNew,Walker2d-v5,42
855000.0,5098.8528,SACDistanceAgentNew,Walker2d-v5,42
860000.0,4909.4788,SACDistanceAgentNew,Walker2d-v5,42
865000.0,5032.0552,SACDistanceAgentNew,Walker2d-v5,42
870000.0,4972.1678,SACDistanceAgentNew,Walker2d-v5,42
875000.0,4929.555,SACDistanceAgentNew,Walker2d-v5,42
880000.0,5053.4811,SACDistanceAgentNew,Walker2d-v5,42
885000.0,4982.0682,SACDistanceAgentNew,Walker2d-v5,42
890000.0,4980.5006,SACDistanceAgentNew,Walker2d-v5,42
895000.0,5042.7801,SACDistanceAgentNew,Walker2d-v5,42
900000.0,4930.4914,SACDistanceAgentNew,Walker2d-v5,42
905000.0,5114.1948,SACDistanceAgentNew,Walker2d-v5,42
910000.0,5113.4666,SACDistanceAgentNew,Walker2d-v5,42
915000.0,4992.6632,SACDistanceAgentNew,Walker2d-v5,42
920000.0,5040.9522,SACDistanceAgentNew,Walker2d-v5,42
925000.0,5077.4544,SACDistanceAgentNew,Walker2d-v5,42
930000.0,5008.7043,SACDistanceAgentNew,Walker2d-v5,42
935000.0,5059.3454,SACDistanceAgentNew,Walker2d-v5,42
940000.0,4936.3271,SACDistanceAgentNew,Walker2d-v5,42
945000.0,4915.5301,SACDistanceAgentNew,Walker2d-v5,42
950000.0,4995.7961,SACDistanceAgentNew,Walker2d-v5,42
955000.0,5053.5808,SACDistanceAgentNew,Walker2d-v5,42
960000.0,4982.5128,SACDistanceAgentNew,Walker2d-v5,42
965000.0,5016.7406,SACDistanceAgentNew,Walker2d-v5,42
970000.0,5049.2972,SACDistanceAgentNew,Walker2d-v5,42
975000.0,4895.9041,SACDistanceAgentNew,Walker2d-v5,42
980000.0,5107.3804,SACDistanceAgentNew,Walker2d-v5,42
985000.0,5028.3002,SACDistanceAgentNew,Walker2d-v5,42
990000.0,5097.2648,SACDistanceAgentNew,Walker2d-v5,42
995000.0,5113.3264,SACDistanceAgentNew,Walker2d-v5,42
1000000.0,5159.7366,SACDistanceAgentNew,Walker2d-v5,42
1005000.0,4982.2361,SACDistanceAgentNew,Walker2d-v5,42
1010000.0,5158.6399,SACDistanceAgentNew,Walker2d-v5,42
1015000.0,5107.4328,SACDistanceAgentNew,Walker2d-v5,42
1020000.0,5155.5357,SACDistanceAgentNew,Walker2d-v5,42
1025000.0,5109.9441,SACDistanceAgentNew,Walker2d-v5,42
1030000.0,5140.6112,SACDistanceAgentNew,Walker2d-v5,42
1035000.0,5167.7712,SACDistanceAgentNew,Walker2d-v5,42
1040000.0,5112.5972,SACDistanceAgentNew,Walker2d-v5,42
1045000.0,5000.1234,SACDistanceAgentNew,Walker2d-v5,42
1050000.0,5119.1415,SACDistanceAgentNew,Walker2d-v5,42
1055000.0,5082.5732,SACDistanceAgentNew,Walker2d-v5,42
1060000.0,5119.1614,SACDistanceAgentNew,Walker2d-v5,42
1065000.0,5131.9972,SACDistanceAgentNew,Walker2d-v5,42
1070000.0,5048.1608,SACDistanceAgentNew,Walker2d-v5,42
1075000.0,5096.6589,SACDistanceAgentNew,Walker2d-v5,42
1080000.0,4941.3988,SACDistanceAgentNew,Walker2d-v5,42
1085000.0,5155.0827,SACDistanceAgentNew,Walker2d-v5,42
1090000.0,5172.2163,SACDistanceAgentNew,Walker2d-v5,42
1095000.0,5155.9407,SACDistanceAgentNew,Walker2d-v5,42
1100000.0,5029.4123,SACDistanceAgentNew,Walker2d-v5,42
1105000.0,5150.4713,SACDistanceAgentNew,Walker2d-v5,42
1110000.0,4579.5252,SACDistanceAgentNew,Walker2d-v5,42
1115000.0,5147.9517,SACDistanceAgentNew,Walker2d-v5,42
1120000.0,3196.2718,SACDistanceAgentNew,Walker2d-v5,42
1125000.0,5041.2413,SACDistanceAgentNew,Walker2d-v5,42
1130000.0,5079.9416,SACDistanceAgentNew,Walker2d-v5,42
1135000.0,5151.213,SACDistanceAgentNew,Walker2d-v5,42
1140000.0,5118.4399,SACDistanceAgentNew,Walker2d-v5,42
1145000.0,5187.2842,SACDistanceAgentNew,Walker2d-v5,42
1150000.0,5143.3908,SACDistanceAgentNew,Walker2d-v5,42
1155000.0,5042.2712,SACDistanceAgentNew,Walker2d-v5,42
1160000.0,5176.7053,SACDistanceAgentNew,Walker2d-v5,42
1165000.0,5141.4481,SACDistanceAgentNew,Walker2d-v5,42
20000.0,-1.6378,ppo,HalfCheetah-v5,42
40000.0,-26.2491,ppo,HalfCheetah-v5,42
60000.0,803.1768,ppo,HalfCheetah-v5,42
80000.0,798.8067,ppo,HalfCheetah-v5,42
100000.0,919.1262,ppo,HalfCheetah-v5,42
120000.0,1039.1075,ppo,HalfCheetah-v5,42
140000.0,1003.6849,ppo,HalfCheetah-v5,42
160000.0,969.0168,ppo,HalfCheetah-v5,42
180000.0,601.1267,ppo,HalfCheetah-v5,42
200000.0,995.224,ppo,HalfCheetah-v5,42
220000.0,920.9556,ppo,HalfCheetah-v5,42
240000.0,834.6367,ppo,HalfCheetah-v5,42
260000.0,1051.0817,ppo,HalfCheetah-v5,42
280000.0,1094.58,ppo,HalfCheetah-v5,42
300000.0,999.3826,ppo,HalfCheetah-v5,42
320000.0,1014.3351,ppo,HalfCheetah-v5,42
340000.0,1279.9443,ppo,HalfCheetah-v5,42
360000.0,1432.8767,ppo,HalfCheetah-v5,42
380000.0,1736.6509,ppo,HalfCheetah-v5,42
400000.0,2083.946,ppo,HalfCheetah-v5,42
420000.0,2380.0352,ppo,HalfCheetah-v5,42
440000.0,2797.036,ppo,HalfCheetah-v5,42
460000.0,3154.8503,ppo,HalfCheetah-v5,42
480000.0,3287.6836,ppo,HalfCheetah-v5,42
500000.0,2878.0356,ppo,HalfCheetah-v5,42
520000.0,3331.7832,ppo,HalfCheetah-v5,42
540000.0,3443.1477,ppo,HalfCheetah-v5,42
560000.0,3572.872,ppo,HalfCheetah-v5,42
580000.0,3851.4626,ppo,HalfCheetah-v5,42
600000.0,3721.981,ppo,HalfCheetah-v5,42
620000.0,3110.6396,ppo,HalfCheetah-v5,42
640000.0,3865.6482,ppo,HalfCheetah-v5,42
660000.0,3907.6086,ppo,HalfCheetah-v5,42
680000.0,3996.4045,ppo,HalfCheetah-v5,42
700000.0,3613.0034,ppo,HalfCheetah-v5,42
720000.0,1026.1306,ppo,HalfCheetah-v5,42
740000.0,2568.9846,ppo,HalfCheetah-v5,42
760000.0,3768.9048,ppo,HalfCheetah-v5,42
780000.0,3842.4592,ppo,HalfCheetah-v5,42
800000.0,3859.8848,ppo,HalfCheetah-v5,42
820000.0,4034.0527,ppo,HalfCheetah-v5,42
840000.0,3868.941,ppo,HalfCheetah-v5,42
860000.0,3682.346,ppo,HalfCheetah-v5,42
880000.0,4103.475,ppo,HalfCheetah-v5,42
900000.0,4254.709,ppo,HalfCheetah-v5,42
920000.0,4231.501,ppo,HalfCheetah-v5,42
940000.0,1765.6223,ppo,HalfCheetah-v5,42
960000.0,3104.0913,ppo,HalfCheetah-v5,42
980000.0,3855.7568,ppo,HalfCheetah-v5,42
1000000.0,3979.5347,ppo,HalfCheetah-v5,42
1020000.0,2885.3105,ppo,HalfCheetah-v5,42
1040000.0,3814.8132,ppo,HalfCheetah-v5,42
1060000.0,4075.1904,ppo,HalfCheetah-v5,42
1080000.0,4131.098,ppo,HalfCheetah-v5,42
1100000.0,4018.2612,ppo,HalfCheetah-v5,42
1120000.0,4134.4907,ppo,HalfCheetah-v5,42
1140000.0,4007.4062,ppo,HalfCheetah-v5,42
1160000.0,3551.2896,ppo,HalfCheetah-v5,42
1180000.0,3768.3135,ppo,HalfCheetah-v5,42
1200000.0,3753.8623,ppo,HalfCheetah-v5,42
1220000.0,3477.0686,ppo,HalfCheetah-v5,42
1240000.0,4144.189,ppo,HalfCheetah-v5,42
1260000.0,4268.525,ppo,HalfCheetah-v5,42
1280000.0,4095.975,ppo,HalfCheetah-v5,42
1300000.0,3351.302,ppo,HalfCheetah-v5,42
1320000.0,3912.1106,ppo,HalfCheetah-v5,42
1340000.0,3997.2495,ppo,HalfCheetah-v5,42
1360000.0,4026.8567,ppo,HalfCheetah-v5,42
1380000.0,3846.1323,ppo,HalfCheetah-v5,42
1400000.0,4055.7942,ppo,HalfCheetah-v5,42
1420000.0,4110.88,ppo,HalfCheetah-v5,42
1440000.0,4076.3362,ppo,HalfCheetah-v5,42
1460000.0,4101.4224,ppo,HalfCheetah-v5,42
1480000.0,4105.777,ppo,HalfCheetah-v5,42
1500000.0,4112.2686,ppo,HalfCheetah-v5,42
1520000.0,3771.9653,ppo,HalfCheetah-v5,42
1540000.0,3871.418,ppo,HalfCheetah-v5,42
1560000.0,4049.901,ppo,HalfCheetah-v5,42
1580000.0,4264.8257,ppo,HalfCheetah-v5,42
1600000.0,4110.7314,ppo,HalfCheetah-v5,42
1620000.0,3544.587,ppo,HalfCheetah-v5,42
1640000.0,3954.9597,ppo,HalfCheetah-v5,42
1660000.0,4062.2876,ppo,HalfCheetah-v5,42
1680000.0,4072.9355,ppo,HalfCheetah-v5,42
1700000.0,4121.018,ppo,HalfCheetah-v5,42
1720000.0,4200.01,ppo,HalfCheetah-v5,42
1740000.0,4113.715,ppo,HalfCheetah-v5,42
1760000.0,4116.4395,ppo,HalfCheetah-v5,42
1780000.0,4166.902,ppo,HalfCheetah-v5,42
1800000.0,4114.7227,ppo,HalfCheetah-v5,42
1820000.0,4154.35,ppo,HalfCheetah-v5,42
1840000.0,4101.1562,ppo,HalfCheetah-v5,42
1860000.0,3874.832,ppo,HalfCheetah-v5,42
1880000.0,4190.7,ppo,HalfCheetah-v5,42
1900000.0,4179.6875,ppo,HalfCheetah-v5,42
1920000.0,4182.7124,ppo,HalfCheetah-v5,42
1940000.0,3890.2021,ppo,HalfCheetah-v5,42
1960000.0,4118.68,ppo,HalfCheetah-v5,42
1980000.0,4087.4338,ppo,HalfCheetah-v5,42
2000000.0,4189.085,ppo,HalfCheetah-v5,42
2020000.0,3777.081,ppo,HalfCheetah-v5,42
2040000.0,4007.4226,ppo,HalfCheetah-v5,42
2060000.0,3739.4583,ppo,HalfCheetah-v5,42
2080000.0,3860.978,ppo,HalfCheetah-v5,42
2100000.0,3966.276,ppo,HalfCheetah-v5,42
2120000.0,3579.2957,ppo,HalfCheetah-v5,42
2140000.0,3977.1138,ppo,HalfCheetah-v5,42
2160000.0,4019.9548,ppo,HalfCheetah-v5,42
2180000.0,3953.331,ppo,HalfCheetah-v5,42
2200000.0,4147.544,ppo,HalfCheetah-v5,42
2220000.0,4198.7065,ppo,HalfCheetah-v5,42
2240000.0,4140.1436,ppo,HalfCheetah-v5,42
2260000.0,4019.8064,ppo,HalfCheetah-v5,42
2280000.0,4232.891,ppo,HalfCheetah-v5,42
2300000.0,4340.9185,ppo,HalfCheetah-v5,42
2320000.0,4295.147,ppo,HalfCheetah-v5,42
2340000.0,4320.284,ppo,HalfCheetah-v5,42
2360000.0,4456.9043,ppo,HalfCheetah-v5,42
2380000.0,4471.703,ppo,HalfCheetah-v5,42
2400000.0,4463.6987,ppo,HalfCheetah-v5,42
2420000.0,2660.5254,ppo,HalfCheetah-v5,42
2440000.0,3093.6353,ppo,HalfCheetah-v5,42
2460000.0,3376.5293,ppo,HalfCheetah-v5,42
2480000.0,3599.5178,ppo,HalfCheetah-v5,42
2500000.0,1864.2656,ppo,HalfCheetah-v5,42
20000.0,152.2604,sac,Ant-v5,42
40000.0,263.4771,sac,Ant-v5,42
60000.0,354.8009,sac,Ant-v5,42
80000.0,427.3888,sac,Ant-v5,42
100000.0,485.322,sac,Ant-v5,42
120000.0,1042.596,sac,Ant-v5,42
140000.0,778.8296,sac,Ant-v5,42
160000.0,889.7956,sac,Ant-v5,42
180000.0,927.9071,sac,Ant-v5,42
200000.0,872.1594,sac,Ant-v5,42
220000.0,1855.4487,sac,Ant-v5,42
240000.0,1866.8102,sac,Ant-v5,42
260000.0,1488.9808,sac,Ant-v5,42
280000.0,2401.0369,sac,Ant-v5,42
300000.0,1354.7671,sac,Ant-v5,42
320000.0,1187.4833,sac,Ant-v5,42
340000.0,884.5934,sac,Ant-v5,42
360000.0,2261.6082,sac,Ant-v5,42
380000.0,1613.1139,sac,Ant-v5,42
400000.0,2363.6628,sac,Ant-v5,42
420000.0,2377.4282,sac,Ant-v5,42
440000.0,2785.8223,sac,Ant-v5,42
460000.0,2676.2927,sac,Ant-v5,42
480000.0,2324.3088,sac,Ant-v5,42
500000.0,2973.7341,sac,Ant-v5,42
520000.0,1969.7802,sac,Ant-v5,42
540000.0,2826.9832,sac,Ant-v5,42
560000.0,3371.8477,sac,Ant-v5,42
580000.0,3746.0525,sac,Ant-v5,42
600000.0,3623.6348,sac,Ant-v5,42
620000.0,3482.3875,sac,Ant-v5,42
640000.0,3868.9395,sac,Ant-v5,42
660000.0,3601.2295,sac,Ant-v5,42
680000.0,2938.3577,sac,Ant-v5,42
700000.0,3731.1545,sac,Ant-v5,42
720000.0,3411.4182,sac,Ant-v5,42
740000.0,3205.8684,sac,Ant-v5,42
760000.0,4060.6423,sac,Ant-v5,42
780000.0,4031.1292,sac,Ant-v5,42
800000.0,3918.8914,sac,Ant-v5,42
820000.0,3722.912,sac,Ant-v5,42
840000.0,3844.009,sac,Ant-v5,42
860000.0,4160.341,sac,Ant-v5,42
880000.0,4194.9634,sac,Ant-v5,42
900000.0,4025.9836,sac,Ant-v5,42
920000.0,4436.8833,sac,Ant-v5,42
940000.0,4074.7283,sac,Ant-v5,42
960000.0,4078.9375,sac,Ant-v5,42
980000.0,4258.531,sac,Ant-v5,42
1000000.0,4500.9644,sac,Ant-v5,42
1020000.0,3975.0723,sac,Ant-v5,42
1040000.0,4593.8867,sac,Ant-v5,42
1060000.0,5034.4507,sac,Ant-v5,42
1080000.0,5163.985,sac,Ant-v5,42
1100000.0,4961.343,sac,Ant-v5,42
1120000.0,5115.776,sac,Ant-v5,42
1140000.0,4914.9424,sac,Ant-v5,42
1160000.0,5242.0874,sac,Ant-v5,42
1180000.0,4107.746,sac,Ant-v5,42
1200000.0,5148.8335,sac,Ant-v5,42
1220000.0,4451.43,sac,Ant-v5,42
1240000.0,5386.1445,sac,Ant-v5,42
1260000.0,4678.9375,sac,Ant-v5,42
1280000.0,5079.992,sac,Ant-v5,42
1300000.0,4915.879,sac,Ant-v5,42
1320000.0,4529.663,sac,Ant-v5,42
1340000.0,4374.63,sac,Ant-v5,42
1360000.0,5364.794,sac,Ant-v5,42
1380000.0,5550.677,sac,Ant-v5,42
1400000.0,4860.935,sac,Ant-v5,42
1420000.0,4184.848,sac,Ant-v5,42
1440000.0,5129.1,sac,Ant-v5,42
1460000.0,5587.3906,sac,Ant-v5,42
1480000.0,5674.6367,sac,Ant-v5,42
1500000.0,5149.55,sac,Ant-v5,42
1520000.0,5218.681,sac,Ant-v5,42
1540000.0,5060.7866,sac,Ant-v5,42
1560000.0,5783.088,sac,Ant-v5,42
1580000.0,5109.764,sac,Ant-v5,42
1600000.0,5848.818,sac,Ant-v5,42
1620000.0,5238.621,sac,Ant-v5,42
1640000.0,5896.4224,sac,Ant-v5,42
1660000.0,5428.916,sac,Ant-v5,42
1680000.0,4813.8154,sac,Ant-v5,42
1700000.0,5959.0737,sac,Ant-v5,42
1720000.0,6006.168,sac,Ant-v5,42
1740000.0,4819.7856,sac,Ant-v5,42
1760000.0,5989.495,sac,Ant-v5,42
1780000.0,5207.624,sac,Ant-v5,42
1800000.0,5409.0215,sac,Ant-v5,42
1820000.0,4980.8115,sac,Ant-v5,42
1840000.0,5652.247,sac,Ant-v5,42
1860000.0,5715.143,sac,Ant-v5,42
1880000.0,5467.8066,sac,Ant-v5,42
1900000.0,6066.5933,sac,Ant-v5,42
1920000.0,5092.886,sac,Ant-v5,42
1940000.0,5676.592,sac,Ant-v5,42
1960000.0,6137.304,sac,Ant-v5,42
1980000.0,5444.909,sac,Ant-v5,42
2000000.0,6018.556,sac,Ant-v5,42
2020000.0,6209.4487,sac,Ant-v5,42
2040000.0,4865.401,sac,Ant-v5,42
2060000.0,5504.6245,sac,Ant-v5,42
2080000.0,6281.942,sac,Ant-v5,42
2100000.0,5989.572,sac,Ant-v5,42
2120000.0,5848.141,sac,Ant-v5,42
2140000.0,5720.5234,sac,Ant-v5,42
2160000.0,5935.9404,sac,Ant-v5,42
2180000.0,5529.721,sac,Ant-v5,42
2200000.0,5772.2964,sac,Ant-v5,42
2220000.0,6300.2314,sac,Ant-v5,42
2240000.0,5033.7134,sac,Ant-v5,42
2260000.0,5888.9883,sac,Ant-v5,42
2280000.0,6269.936,sac,Ant-v5,42
2300000.0,6149.6245,sac,Ant-v5,42
2320000.0,6310.6807,sac,Ant-v5,42
2340000.0,5211.861,sac,Ant-v5,42
2360000.0,5768.21,sac,Ant-v5,42
2380000.0,6257.7446,sac,Ant-v5,42
2400000.0,5135.045,sac,Ant-v5,42
2420000.0,6355.9434,sac,Ant-v5,42
2440000.0,6364.331,sac,Ant-v5,42
2460000.0,6229.883,sac,Ant-v5,42
2480000.0,5782.1323,sac,Ant-v5,42
2500000.0,6361.4824,sac,Ant-v5,42
20000.0,881.1597,ppo,Ant-v5,42
40000.0,551.0558,ppo,Ant-v5,42
60000.0,179.1293,ppo,Ant-v5,42
80000.0,149.7068,ppo,Ant-v5,42
100000.0,46.5753,ppo,Ant-v5,42
120000.0,26.5461,ppo,Ant-v5,42
140000.0,64.3256,ppo,Ant-v5,42
160000.0,19.2888,ppo,Ant-v5,42
180000.0,48.456,ppo,Ant-v5,42
200000.0,32.0091,ppo,Ant-v5,42
220000.0,123.9884,ppo,Ant-v5,42
240000.0,67.4874,ppo,Ant-v5,42
260000.0,46.955,ppo,Ant-v5,42
280000.0,42.187,ppo,Ant-v5,42
300000.0,59.0631,ppo,Ant-v5,42
320000.0,66.7641,ppo,Ant-v5,42
340000.0,40.9978,ppo,Ant-v5,42
360000.0,96.6578,ppo,Ant-v5,42
380000.0,74.4361,ppo,Ant-v5,42
400000.0,104.855,ppo,Ant-v5,42
420000.0,128.5396,ppo,Ant-v5,42
440000.0,73.3347,ppo,Ant-v5,42
460000.0,78.1251,ppo,Ant-v5,42
480000.0,84.7183,ppo,Ant-v5,42
500000.0,85.1196,ppo,Ant-v5,42
520000.0,144.9425,ppo,Ant-v5,42
540000.0,114.7086,ppo,Ant-v5,42
560000.0,131.32,ppo,Ant-v5,42
580000.0,65.6971,ppo,Ant-v5,42
600000.0,91.7617,ppo,Ant-v5,42
620000.0,67.0845,ppo,Ant-v5,42
640000.0,94.0078,ppo,Ant-v5,42
660000.0,125.1521,ppo,Ant-v5,42
680000.0,81.6668,ppo,Ant-v5,42
700000.0,114.5373,ppo,Ant-v5,42
720000.0,106.0538,ppo,Ant-v5,42
740000.0,80.5442,ppo,Ant-v5,42
760000.0,44.9466,ppo,Ant-v5,42
780000.0,68.4786,ppo,Ant-v5,42
800000.0,53.2271,ppo,Ant-v5,42
820000.0,52.8722,ppo,Ant-v5,42
840000.0,111.1505,ppo,Ant-v5,42
860000.0,73.1158,ppo,Ant-v5,42
880000.0,-2.5319,ppo,Ant-v5,42
900000.0,19.5076,ppo,Ant-v5,42
920000.0,16.3817,ppo,Ant-v5,42
940000.0,32.7527,ppo,Ant-v5,42
960000.0,8.4648,ppo,Ant-v5,42
980000.0,29.6427,ppo,Ant-v5,42
1000000.0,-7.8612,ppo,Ant-v5,42
1020000.0,15.5351,ppo,Ant-v5,42
1040000.0,-11.7201,ppo,Ant-v5,42
1060000.0,0.0613,ppo,Ant-v5,42
1080000.0,20.4165,ppo,Ant-v5,42
1100000.0,3.2028,ppo,Ant-v5,42
1120000.0,4.6987,ppo,Ant-v5,42
1140000.0,10.0245,ppo,Ant-v5,42
1160000.0,-31.6848,ppo,Ant-v5,42
1180000.0,11.8443,ppo,Ant-v5,42
1200000.0,-10.2204,ppo,Ant-v5,42
1220000.0,-9.9102,ppo,Ant-v5,42
1240000.0,10.9822,ppo,Ant-v5,42
1260000.0,20.3844,ppo,Ant-v5,42
1280000.0,14.0655,ppo,Ant-v5,42
1300000.0,4.535,ppo,Ant-v5,42
1320000.0,1.5348,ppo,Ant-v5,42
1340000.0,-2.2591,ppo,Ant-v5,42
1360000.0,-11.046,ppo,Ant-v5,42
1380000.0,8.1465,ppo,Ant-v5,42
1400000.0,-8.4696,ppo,Ant-v5,42
1420000.0,-15.8573,ppo,Ant-v5,42
1440000.0,-9.9509,ppo,Ant-v5,42
1460000.0,12.8176,ppo,Ant-v5,42
1480000.0,7.995,ppo,Ant-v5,42
1500000.0,8.1577,ppo,Ant-v5,42
1520000.0,-11.8885,ppo,Ant-v5,42
1540000.0,-45.0623,ppo,Ant-v5,42
1560000.0,-45.1615,ppo,Ant-v5,42
1580000.0,4.9463,ppo,Ant-v5,42
1600000.0,-7.2768,ppo,Ant-v5,42
1620000.0,4.5893,ppo,Ant-v5,42
1640000.0,9.5244,ppo,Ant-v5,42
1660000.0,-17.5009,ppo,Ant-v5,42
1680000.0,9.6489,ppo,Ant-v5,42
1700000.0,-48.7345,ppo,Ant-v5,42
1720000.0,3.4118,ppo,Ant-v5,42
1740000.0,-64.2444,ppo,Ant-v5,42
1760000.0,-33.2186,ppo,Ant-v5,42
1780000.0,-16.6637,ppo,Ant-v5,42
1800000.0,-6.7743,ppo,Ant-v5,42
1820000.0,-21.46,ppo,Ant-v5,42
1840000.0,-12.2715,ppo,Ant-v5,42
1860000.0,-77.5317,ppo,Ant-v5,42
1880000.0,2.1948,ppo,Ant-v5,42
1900000.0,2.1885,ppo,Ant-v5,42
1920000.0,-35.6927,ppo,Ant-v5,42
1940000.0,-62.9633,ppo,Ant-v5,42
1960000.0,-36.0434,ppo,Ant-v5,42
1980000.0,-39.4712,ppo,Ant-v5,42
2000000.0,-49.3837,ppo,Ant-v5,42
2020000.0,-35.17,ppo,Ant-v5,42
2040000.0,-15.8567,ppo,Ant-v5,42
2060000.0,-91.3431,ppo,Ant-v5,42
2080000.0,-11.5299,ppo,Ant-v5,42
2100000.0,-26.8933,ppo,Ant-v5,42
2120000.0,-16.02,ppo,Ant-v5,42
2140000.0,-108.3222,ppo,Ant-v5,42
2160000.0,-44.4262,ppo,Ant-v5,42
2180000.0,-64.7172,ppo,Ant-v5,42
2200000.0,-96.4715,ppo,Ant-v5,42
2220000.0,-50.0959,ppo,Ant-v5,42
2240000.0,-33.5695,ppo,Ant-v5,42
2260000.0,-10.9698,ppo,Ant-v5,42
2280000.0,-64.4575,ppo,Ant-v5,42
2300000.0,-66.1298,ppo,Ant-v5,42
2320000.0,-66.0655,ppo,Ant-v5,42
2340000.0,-13.4659,ppo,Ant-v5,42
2360000.0,-65.9337,ppo,Ant-v5,42
2380000.0,0.9078,ppo,Ant-v5,42
2400000.0,-80.8955,ppo,Ant-v5,42
2420000.0,-5.8559,ppo,Ant-v5,42
2440000.0,-78.977,ppo,Ant-v5,42
2460000.0,-12.0764,ppo,Ant-v5,42
2480000.0,-13.8317,ppo,Ant-v5,42
2500000.0,-20.479,ppo,Ant-v5,42
20000.0,-151.3104,sac,HalfCheetah-v5,42
40000.0,1995.4565,sac,HalfCheetah-v5,42
60000.0,3674.0415,sac,HalfCheetah-v5,42
80000.0,4227.9893,sac,HalfCheetah-v5,42
100000.0,4831.8867,sac,HalfCheetah-v5,42
120000.0,5232.095,sac,HalfCheetah-v5,42
140000.0,5943.313,sac,HalfCheetah-v5,42
160000.0,6045.4233,sac,HalfCheetah-v5,42
180000.0,6714.1436,sac,HalfCheetah-v5,42
200000.0,6837.6655,sac,HalfCheetah-v5,42
220000.0,7190.6826,sac,HalfCheetah-v5,42
240000.0,7675.2437,sac,HalfCheetah-v5,42
260000.0,7903.341,sac,HalfCheetah-v5,42
280000.0,8343.064,sac,HalfCheetah-v5,42
300000.0,8606.576,sac,HalfCheetah-v5,42
320000.0,8840.253,sac,HalfCheetah-v5,42
340000.0,8494.542,sac,HalfCheetah-v5,42
360000.0,9135.438,sac,HalfCheetah-v5,42
380000.0,9301.852,sac,HalfCheetah-v5,42
400000.0,9332.2295,sac,HalfCheetah-v5,42
420000.0,9579.73,sac,HalfCheetah-v5,42
440000.0,9387.802,sac,HalfCheetah-v5,42
460000.0,9428.122,sac,HalfCheetah-v5,42
480000.0,9761.1875,sac,HalfCheetah-v5,42
500000.0,9570.408,sac,HalfCheetah-v5,42
520000.0,9845.745,sac,HalfCheetah-v5,42
540000.0,9796.153,sac,HalfCheetah-v5,42
560000.0,10118.989,sac,HalfCheetah-v5,42
580000.0,10004.048,sac,HalfCheetah-v5,42
600000.0,9984.723,sac,HalfCheetah-v5,42
620000.0,10255.536,sac,HalfCheetah-v5,42
640000.0,10269.911,sac,HalfCheetah-v5,42
660000.0,10029.495,sac,HalfCheetah-v5,42
680000.0,10376.794,sac,HalfCheetah-v5,42
700000.0,9911.025,sac,HalfCheetah-v5,42
720000.0,10467.017,sac,HalfCheetah-v5,42
740000.0,10370.78,sac,HalfCheetah-v5,42
760000.0,10574.087,sac,HalfCheetah-v5,42
780000.0,10602.663,sac,HalfCheetah-v5,42
800000.0,10605.899,sac,HalfCheetah-v5,42
820000.0,10847.868,sac,HalfCheetah-v5,42
840000.0,10782.445,sac,HalfCheetah-v5,42
860000.0,10770.01,sac,HalfCheetah-v5,42
880000.0,10862.152,sac,HalfCheetah-v5,42
900000.0,10780.216,sac,HalfCheetah-v5,42
920000.0,10891.104,sac,HalfCheetah-v5,42
940000.0,10520.255,sac,HalfCheetah-v5,42
960000.0,10680.928,sac,HalfCheetah-v5,42
980000.0,10994.917,sac,HalfCheetah-v5,42
1000000.0,10137.744,sac,HalfCheetah-v5,42
1020000.0,11171.508,sac,HalfCheetah-v5,42
1040000.0,11040.62,sac,HalfCheetah-v5,42
1060000.0,11189.238,sac,HalfCheetah-v5,42
1080000.0,11220.331,sac,HalfCheetah-v5,42
1100000.0,11016.74,sac,HalfCheetah-v5,42
1120000.0,11304.336,sac,HalfCheetah-v5,42
1140000.0,11365.381,sac,HalfCheetah-v5,42
1160000.0,11392.681,sac,HalfCheetah-v5,42
1180000.0,11517.51,sac,HalfCheetah-v5,42
1200000.0,11364.218,sac,HalfCheetah-v5,42
1220000.0,11649.716,sac,HalfCheetah-v5,42
1240000.0,11329.088,sac,HalfCheetah-v5,42
1260000.0,11744.757,sac,HalfCheetah-v5,42
1280000.0,11806.716,sac,HalfCheetah-v5,42
1300000.0,11811.454,sac,HalfCheetah-v5,42
1320000.0,11905.672,sac,HalfCheetah-v5,42
1340000.0,11946.794,sac,HalfCheetah-v5,42
1360000.0,12060.102,sac,HalfCheetah-v5,42
1380000.0,11754.676,sac,HalfCheetah-v5,42
1400000.0,12047.475,sac,HalfCheetah-v5,42
1420000.0,12056.937,sac,HalfCheetah-v5,42
1440000.0,12134.2705,sac,HalfCheetah-v5,42
1460000.0,12200.199,sac,HalfCheetah-v5,42
1480000.0,12255.305,sac,HalfCheetah-v5,42
1500000.0,12199.735,sac,HalfCheetah-v5,42
1520000.0,11848.396,sac,HalfCheetah-v5,42
1540000.0,12235.428,sac,HalfCheetah-v5,42
1560000.0,12137.541,sac,HalfCheetah-v5,42
1580000.0,12179.564,sac,HalfCheetah-v5,42
1600000.0,12343.1455,sac,HalfCheetah-v5,42
1620000.0,12369.529,sac,HalfCheetah-v5,42
1640000.0,12474.909,sac,HalfCheetah-v5,42
1660000.0,12579.899,sac,HalfCheetah-v5,42
1680000.0,12159.3125,sac,HalfCheetah-v5,42
1700000.0,12620.452,sac,HalfCheetah-v5,42
1720000.0,12711.313,sac,HalfCheetah-v5,42
1740000.0,12650.929,sac,HalfCheetah-v5,42
1760000.0,12799.416,sac,HalfCheetah-v5,42
1780000.0,12807.199,sac,HalfCheetah-v5,42
1800000.0,12723.612,sac,HalfCheetah-v5,42
1820000.0,13061.401,sac,HalfCheetah-v5,42
1840000.0,12616.303,sac,HalfCheetah-v5,42
1860000.0,12824.038,sac,HalfCheetah-v5,42
1880000.0,12888.084,sac,HalfCheetah-v5,42
1900000.0,12935.672,sac,HalfCheetah-v5,42
1920000.0,13935.273,sac,HalfCheetah-v5,42
1940000.0,13547.367,sac,HalfCheetah-v5,42
1960000.0,13734.618,sac,HalfCheetah-v5,42
1980000.0,13934.249,sac,HalfCheetah-v5,42
2000000.0,14132.304,sac,HalfCheetah-v5,42
2020000.0,13616.617,sac,HalfCheetah-v5,42
2040000.0,13835.57,sac,HalfCheetah-v5,42
2060000.0,14281.212,sac,HalfCheetah-v5,42
2080000.0,13929.88,sac,HalfCheetah-v5,42
2100000.0,13734.674,sac,HalfCheetah-v5,42
2120000.0,13815.128,sac,HalfCheetah-v5,42
2140000.0,12784.241,sac,HalfCheetah-v5,42
2160000.0,13183.469,sac,HalfCheetah-v5,42
2180000.0,13944.803,sac,HalfCheetah-v5,42
2200000.0,14326.881,sac,HalfCheetah-v5,42
2220000.0,14412.418,sac,HalfCheetah-v5,42
2240000.0,14151.732,sac,HalfCheetah-v5,42
2260000.0,13717.71,sac,HalfCheetah-v5,42
2280000.0,14797.562,sac,HalfCheetah-v5,42
2300000.0,14077.819,sac,HalfCheetah-v5,42
2320000.0,13935.733,sac,HalfCheetah-v5,42
2340000.0,14387.276,sac,HalfCheetah-v5,42
2360000.0,14757.347,sac,HalfCheetah-v5,42
2380000.0,14639.767,sac,HalfCheetah-v5,42
2400000.0,14424.067,sac,HalfCheetah-v5,42
2420000.0,14142.577,sac,HalfCheetah-v5,42
2440000.0,14712.115,sac,HalfCheetah-v5,42
2460000.0,14160.527,sac,HalfCheetah-v5,42
2480000.0,13397.787,sac,HalfCheetah-v5,42
2500000.0,13501.695,sac,HalfCheetah-v5,42
20000.0,238.1884,td3,Ant-v5,42
40000.0,2482.314,td3,Ant-v5,42
56000.0,89.49,td3,Ant-v5,42
60000.0,3892.4426,td3,Ant-v5,42
80000.0,4515.7847,td3,Ant-v5,42
100000.0,4857.209,td3,Ant-v5,42
104000.0,324.7408,td3,Ant-v5,42
120000.0,5451.4976,td3,Ant-v5,42
140000.0,5957.7607,td3,Ant-v5,42
160000.0,6248.4463,td3,Ant-v5,42
180000.0,6753.667,td3,Ant-v5,42
200000.0,6136.4478,td3,Ant-v5,42
220000.0,7578.837,td3,Ant-v5,42
240000.0,7718.7603,td3,Ant-v5,42
260000.0,7854.623,td3,Ant-v5,42
272000.0,360.0178,td3,Ant-v5,42
280000.0,7978.3804,td3,Ant-v5,42
300000.0,8637.39,td3,Ant-v5,42
308000.0,414.0727,td3,Ant-v5,42
320000.0,9474.357,td3,Ant-v5,42
340000.0,9181.261,td3,Ant-v5,42
352000.0,477.6597,td3,Ant-v5,42
360000.0,9719.541,td3,Ant-v5,42
380000.0,9589.478,td3,Ant-v5,42
396000.0,419.7118,td3,Ant-v5,42
400000.0,9264.793,td3,Ant-v5,42
420000.0,9878.558,td3,Ant-v5,42
440000.0,8807.6875,td3,Ant-v5,42
444000.0,541.9736,td3,Ant-v5,42
460000.0,10114.676,td3,Ant-v5,42
480000.0,9898.513,td3,Ant-v5,42
500000.0,10077.426,td3,Ant-v5,42
520000.0,10339.427,td3,Ant-v5,42
524000.0,444.5169,td3,Ant-v5,42
540000.0,10298.023,td3,Ant-v5,42
560000.0,10092.407,td3,Ant-v5,42
564000.0,751.2937,td3,Ant-v5,42
580000.0,10192.192,td3,Ant-v5,42
600000.0,596.5194,td3,Ant-v5,42
620000.0,10417.978,td3,Ant-v5,42
632000.0,1578.7821,td3,Ant-v5,42
640000.0,10497.823,td3,Ant-v5,42
656000.0,1473.1024,td3,Ant-v5,42
660000.0,10487.703,td3,Ant-v5,42
680000.0,10887.536,td3,Ant-v5,42
688000.0,871.9692,td3,Ant-v5,42
700000.0,10587.614,td3,Ant-v5,42
720000.0,10611.063,td3,Ant-v5,42
724000.0,1424.6442,td3,Ant-v5,42
740000.0,10104.02,td3,Ant-v5,42
748000.0,1980.2482,td3,Ant-v5,42
760000.0,10728.061,td3,Ant-v5,42
780000.0,10301.767,td3,Ant-v5,42
800000.0,9933.659,td3,Ant-v5,42
812000.0,1532.7318,td3,Ant-v5,42
820000.0,10737.728,td3,Ant-v5,42
832000.0,1305.8954,td3,Ant-v5,42
840000.0,10956.669,td3,Ant-v5,42
860000.0,10809.335,td3,Ant-v5,42
880000.0,10703.776,td3,Ant-v5,42
888000.0,3310.9136,td3,Ant-v5,42
900000.0,11044.207,td3,Ant-v5,42
912000.0,3153.4626,td3,Ant-v5,42
920000.0,11060.121,td3,Ant-v5,42
936000.0,2558.4578,td3,Ant-v5,42
940000.0,11076.237,td3,Ant-v5,42
960000.0,10973.383,td3,Ant-v5,42
980000.0,11234.409,td3,Ant-v5,42
984000.0,2851.0007,td3,Ant-v5,42
1000000.0,10892.729,td3,Ant-v5,42
1012000.0,3227.9785,td3,Ant-v5,42
1020000.0,10594.436,td3,Ant-v5,42
1036000.0,1859.6184,td3,Ant-v5,42
1040000.0,10328.447,td3,Ant-v5,42
1060000.0,11244.66,td3,Ant-v5,42
1064000.0,3573.4973,td3,Ant-v5,42
1080000.0,11077.984,td3,Ant-v5,42
1088000.0,3693.128,td3,Ant-v5,42
1100000.0,10995.991,td3,Ant-v5,42
1112000.0,4020.938,td3,Ant-v5,42
1120000.0,11324.505,td3,Ant-v5,42
1136000.0,3060.5193,td3,Ant-v5,42
1140000.0,10815.442,td3,Ant-v5,42
1160000.0,11238.896,td3,Ant-v5,42
1180000.0,11253.588,td3,Ant-v5,42
1192000.0,4207.7515,td3,Ant-v5,42
1200000.0,11156.584,td3,Ant-v5,42
1216000.0,4222.892,td3,Ant-v5,42
1220000.0,10828.725,td3,Ant-v5,42
1240000.0,11129.855,td3,Ant-v5,42
1260000.0,11206.739,td3,Ant-v5,42
1264000.0,4445.8857,td3,Ant-v5,42
1280000.0,10973.441,td3,Ant-v5,42
1292000.0,4267.6714,td3,Ant-v5,42
1300000.0,11198.34,td3,Ant-v5,42
1316000.0,2700.8633,td3,Ant-v5,42
1320000.0,11333.899,td3,Ant-v5,42
1340000.0,4214.516,td3,Ant-v5,42
1360000.0,11590.324,td3,Ant-v5,42
1364000.0,4398.2173,td3,Ant-v5,42
1380000.0,10557.789,td3,Ant-v5,42
1384000.0,3965.415,td3,Ant-v5,42
1400000.0,11272.554,td3,Ant-v5,42
1408000.0,4878.4546,td3,Ant-v5,42
1420000.0,11592.648,td3,Ant-v5,42
1432000.0,4842.2764,td3,Ant-v5,42
1440000.0,11741.912,td3,Ant-v5,42
1456000.0,4431.8403,td3,Ant-v5,42
1460000.0,11504.225,td3,Ant-v5,42
1480000.0,10765.309,td3,Ant-v5,42
1500000.0,11748.856,td3,Ant-v5,42
1504000.0,4962.715,td3,Ant-v5,42
1520000.0,11654.897,td3,Ant-v5,42
1528000.0,4651.238,td3,Ant-v5,42
1540000.0,11300.033,td3,Ant-v5,42
1548000.0,3941.462,td3,Ant-v5,42
1560000.0,11746.043,td3,Ant-v5,42
1576000.0,4712.203,td3,Ant-v5,42
1580000.0,11612.6,td3,Ant-v5,42
1596000.0,4294.265,td3,Ant-v5,42
1600000.0,11482.868,td3,Ant-v5,42
1620000.0,11326.059,td3,Ant-v5,42
1624000.0,4376.1406,td3,Ant-v5,42
1640000.0,11413.002,td3,Ant-v5,42
1644000.0,4598.8423,td3,Ant-v5,42
1660000.0,10812.171,td3,Ant-v5,42
1668000.0,5079.8755,td3,Ant-v5,42
1680000.0,11779.887,td3,Ant-v5,42
1688000.0,4908.239,td3,Ant-v5,42
1700000.0,11646.13,td3,Ant-v5,42
1716000.0,5066.4517,td3,Ant-v5,42
1720000.0,11367.349,td3,Ant-v5,42
1740000.0,11593.919,td3,Ant-v5,42
1760000.0,11684.737,td3,Ant-v5,42
1780000.0,11878.191,td3,Ant-v5,42
1784000.0,4787.8545,td3,Ant-v5,42
1800000.0,11967.082,td3,Ant-v5,42
1808000.0,5188.676,td3,Ant-v5,42
1820000.0,11693.035,td3,Ant-v5,42
1832000.0,5157.7896,td3,Ant-v5,42
1840000.0,11866.543,td3,Ant-v5,42
1856000.0,4869.917,td3,Ant-v5,42
1860000.0,11856.344,td3,Ant-v5,42
1880000.0,11396.007,td3,Ant-v5,42
1900000.0,11801.379,td3,Ant-v5,42
1904000.0,5337.07,td3,Ant-v5,42
1920000.0,11590.717,td3,Ant-v5,42
1924000.0,4988.903,td3,Ant-v5,42
1940000.0,11745.951,td3,Ant-v5,42
1952000.0,4989.671,td3,Ant-v5,42
1960000.0,11110.387,td3,Ant-v5,42
1976000.0,5495.6904,td3,Ant-v5,42
1980000.0,11952.902,td3,Ant-v5,42
2000000.0,11690.727,td3,Ant-v5,42
2020000.0,11953.355,td3,Ant-v5,42
2040000.0,11690.145,td3,Ant-v5,42
2048000.0,5360.942,td3,Ant-v5,42
2060000.0,12016.925,td3,Ant-v5,42
2068000.0,5534.4893,td3,Ant-v5,42
2080000.0,11590.425,td3,Ant-v5,42
2092000.0,5447.2617,td3,Ant-v5,42
2100000.0,11907.575,td3,Ant-v5,42
2116000.0,5385.639,td3,Ant-v5,42
2120000.0,11520.774,td3,Ant-v5,42
2140000.0,5304.8354,td3,Ant-v5,42
2160000.0,11564.832,td3,Ant-v5,42
2180000.0,11809.499,td3,Ant-v5,42
2184000.0,5584.7764,td3,Ant-v5,42
2200000.0,11773.978,td3,Ant-v5,42
2208000.0,5560.148,td3,Ant-v5,42
2220000.0,11720.411,td3,Ant-v5,42
2228000.0,5603.626,td3,Ant-v5,42
2240000.0,11136.006,td3,Ant-v5,42
2256000.0,5530.177,td3,Ant-v5,42
2260000.0,11838.758,td3,Ant-v5,42
2276000.0,4934.101,td3,Ant-v5,42
2280000.0,11736.354,td3,Ant-v5,42
2300000.0,11786.681,td3,Ant-v5,42
2320000.0,11847.225,td3,Ant-v5,42
2324000.0,5636.977,td3,Ant-v5,42
2340000.0,8919.813,td3,Ant-v5,42
2348000.0,5722.6313,td3,Ant-v5,42
2360000.0,11506.821,td3,Ant-v5,42
2372000.0,5449.51,td3,Ant-v5,42
2380000.0,11352.143,td3,Ant-v5,42
2396000.0,4546.723,td3,Ant-v5,42
2400000.0,11930.36,td3,Ant-v5,42
2420000.0,11428.379,td3,Ant-v5,42
2440000.0,11669.181,td3,Ant-v5,42
2444000.0,5144.743,td3,Ant-v5,42
2460000.0,11870.539,td3,Ant-v5,42
2468000.0,4756.839,td3,Ant-v5,42
2480000.0,11891.541,td3,Ant-v5,42
2488000.0,5683.3926,td3,Ant-v5,42
2500000.0,12050.012,td3,Ant-v5,42
20000.0,227.9439,ppo,Hopper-v5,42
40000.0,223.6207,ppo,Hopper-v5,42
60000.0,285.6909,ppo,Hopper-v5,42
80000.0,396.7029,ppo,Hopper-v5,42
100000.0,1005.2713,ppo,Hopper-v5,42
120000.0,1033.8878,ppo,Hopper-v5,42
140000.0,1024.5769,ppo,Hopper-v5,42
160000.0,1022.1794,ppo,Hopper-v5,42
180000.0,1027.1426,ppo,Hopper-v5,42
200000.0,1028.1146,ppo,Hopper-v5,42
220000.0,1021.8576,ppo,Hopper-v5,42
240000.0,1031.9672,ppo,Hopper-v5,42
260000.0,1037.7576,ppo,Hopper-v5,42
280000.0,1027.3245,ppo,Hopper-v5,42
300000.0,1042.5758,ppo,Hopper-v5,42
320000.0,1027.8064,ppo,Hopper-v5,42
340000.0,1024.2545,ppo,Hopper-v5,42
360000.0,1047.6132,ppo,Hopper-v5,42
380000.0,992.4704,ppo,Hopper-v5,42
400000.0,1015.9176,ppo,Hopper-v5,42
420000.0,1025.8616,ppo,Hopper-v5,42
440000.0,1008.5779,ppo,Hopper-v5,42
460000.0,1011.5988,ppo,Hopper-v5,42
480000.0,1021.2769,ppo,Hopper-v5,42
500000.0,1019.12,ppo,Hopper-v5,42
520000.0,1023.7776,ppo,Hopper-v5,42
540000.0,1021.6603,ppo,Hopper-v5,42
560000.0,1009.1314,ppo,Hopper-v5,42
580000.0,1024.0912,ppo,Hopper-v5,42
600000.0,1024.4529,ppo,Hopper-v5,42
620000.0,1027.4961,ppo,Hopper-v5,42
640000.0,1027.5914,ppo,Hopper-v5,42
660000.0,1028.2091,ppo,Hopper-v5,42
680000.0,1027.2719,ppo,Hopper-v5,42
700000.0,1031.0822,ppo,Hopper-v5,42
720000.0,201.9741,ppo,Hopper-v5,42
740000.0,1027.682,ppo,Hopper-v5,42
760000.0,1027.8635,ppo,Hopper-v5,42
780000.0,238.139,ppo,Hopper-v5,42
800000.0,140.383,ppo,Hopper-v5,42
820000.0,187.9259,ppo,Hopper-v5,42
840000.0,1035.6155,ppo,Hopper-v5,42
860000.0,175.1836,ppo,Hopper-v5,42
880000.0,174.956,ppo,Hopper-v5,42
900000.0,160.0513,ppo,Hopper-v5,42
920000.0,193.8577,ppo,Hopper-v5,42
940000.0,136.2914,ppo,Hopper-v5,42
960000.0,181.9827,ppo,Hopper-v5,42
980000.0,214.2023,ppo,Hopper-v5,42
1000000.0,538.1025,ppo,Hopper-v5,42
1020000.0,338.4168,ppo,Hopper-v5,42
1040000.0,1053.3511,ppo,Hopper-v5,42
1060000.0,1052.4585,ppo,Hopper-v5,42
1080000.0,177.343,ppo,Hopper-v5,42
1100000.0,229.6738,ppo,Hopper-v5,42
1120000.0,206.7366,ppo,Hopper-v5,42
1140000.0,169.8099,ppo,Hopper-v5,42
1160000.0,184.6302,ppo,Hopper-v5,42
1180000.0,1775.3762,ppo,Hopper-v5,42
1200000.0,1033.9746,ppo,Hopper-v5,42
1220000.0,1629.9716,ppo,Hopper-v5,42
1240000.0,1819.9337,ppo,Hopper-v5,42
1260000.0,1374.2806,ppo,Hopper-v5,42
1280000.0,1697.9438,ppo,Hopper-v5,42
1300000.0,170.1367,ppo,Hopper-v5,42
1320000.0,742.8729,ppo,Hopper-v5,42
1340000.0,1545.8025,ppo,Hopper-v5,42
1360000.0,1519.8091,ppo,Hopper-v5,42
1380000.0,1878.2025,ppo,Hopper-v5,42
1400000.0,1791.7035,ppo,Hopper-v5,42
1420000.0,1796.6564,ppo,Hopper-v5,42
1440000.0,1756.9694,ppo,Hopper-v5,42
1460000.0,1622.9232,ppo,Hopper-v5,42
1480000.0,642.5309,ppo,Hopper-v5,42
1500000.0,123.8005,ppo,Hopper-v5,42
1520000.0,743.932,ppo,Hopper-v5,42
1540000.0,832.1826,ppo,Hopper-v5,42
1560000.0,576.9899,ppo,Hopper-v5,42
1580000.0,742.7049,ppo,Hopper-v5,42
1600000.0,533.7622,ppo,Hopper-v5,42
1620000.0,2033.6338,ppo,Hopper-v5,42
1640000.0,2159.9124,ppo,Hopper-v5,42
1660000.0,2042.9227,ppo,Hopper-v5,42
1680000.0,2114.7847,ppo,Hopper-v5,42
1700000.0,2017.4323,ppo,Hopper-v5,42
1720000.0,2039.3547,ppo,Hopper-v5,42
1740000.0,2053.8281,ppo,Hopper-v5,42
1760000.0,2152.8164,ppo,Hopper-v5,42
1780000.0,1843.9147,ppo,Hopper-v5,42
1800000.0,1983.133,ppo,Hopper-v5,42
1820000.0,2010.9128,ppo,Hopper-v5,42
1840000.0,2153.0852,ppo,Hopper-v5,42
1860000.0,2132.1182,ppo,Hopper-v5,42
1880000.0,2208.9011,ppo,Hopper-v5,42
1900000.0,2212.051,ppo,Hopper-v5,42
1920000.0,2307.546,ppo,Hopper-v5,42
1940000.0,2282.719,ppo,Hopper-v5,42
1960000.0,1903.9072,ppo,Hopper-v5,42
1980000.0,2215.742,ppo,Hopper-v5,42
2000000.0,2271.2727,ppo,Hopper-v5,42
2020000.0,2173.4958,ppo,Hopper-v5,42
2040000.0,2281.1782,ppo,Hopper-v5,42
2060000.0,2361.8613,ppo,Hopper-v5,42
2080000.0,2330.5535,ppo,Hopper-v5,42
2100000.0,2358.0393,ppo,Hopper-v5,42
2120000.0,2465.5115,ppo,Hopper-v5,42
2140000.0,2011.8854,ppo,Hopper-v5,42
2160000.0,1368.4198,ppo,Hopper-v5,42
2180000.0,197.8976,ppo,Hopper-v5,42
2200000.0,2194.737,ppo,Hopper-v5,42
2220000.0,1701.97,ppo,Hopper-v5,42
2240000.0,198.3139,ppo,Hopper-v5,42
2260000.0,2469.2605,ppo,Hopper-v5,42
2280000.0,2226.7239,ppo,Hopper-v5,42
2300000.0,231.8953,ppo,Hopper-v5,42
2320000.0,295.3923,ppo,Hopper-v5,42
2340000.0,1540.5781,ppo,Hopper-v5,42
2360000.0,1491.7668,ppo,Hopper-v5,42
2380000.0,682.84,ppo,Hopper-v5,42
2400000.0,714.4419,ppo,Hopper-v5,42
2420000.0,1967.2314,ppo,Hopper-v5,42
2440000.0,2046.1473,ppo,Hopper-v5,42
2460000.0,2236.0583,ppo,Hopper-v5,42
2480000.0,2205.1184,ppo,Hopper-v5,42
2500000.0,2436.0647,ppo,Hopper-v5,42
20000.0,1693.2709,sac,Hopper-v5,42
40000.0,515.1099,sac,Hopper-v5,42
60000.0,640.4731,sac,Hopper-v5,42
80000.0,641.3715,sac,Hopper-v5,42
100000.0,1741.3025,sac,Hopper-v5,42
120000.0,3214.3896,sac,Hopper-v5,42
140000.0,1351.2235,sac,Hopper-v5,42
160000.0,3162.1926,sac,Hopper-v5,42
180000.0,3160.0571,sac,Hopper-v5,42
200000.0,876.8706,sac,Hopper-v5,42
220000.0,1130.1393,sac,Hopper-v5,42
240000.0,2896.8474,sac,Hopper-v5,42
260000.0,2566.2146,sac,Hopper-v5,42
280000.0,3256.1895,sac,Hopper-v5,42
300000.0,1073.4796,sac,Hopper-v5,42
320000.0,3119.6309,sac,Hopper-v5,42
340000.0,3249.7263,sac,Hopper-v5,42
360000.0,2917.3516,sac,Hopper-v5,42
380000.0,3282.3982,sac,Hopper-v5,42
400000.0,3194.987,sac,Hopper-v5,42
420000.0,3264.9407,sac,Hopper-v5,42
440000.0,3256.8738,sac,Hopper-v5,42
460000.0,3289.035,sac,Hopper-v5,42
480000.0,3267.4404,sac,Hopper-v5,42
500000.0,2340.5632,sac,Hopper-v5,42
520000.0,2898.0103,sac,Hopper-v5,42
540000.0,3316.2424,sac,Hopper-v5,42
560000.0,3167.1494,sac,Hopper-v5,42
580000.0,3300.0444,sac,Hopper-v5,42
600000.0,3294.6523,sac,Hopper-v5,42
620000.0,3286.4224,sac,Hopper-v5,42
640000.0,3293.7378,sac,Hopper-v5,42
660000.0,2468.724,sac,Hopper-v5,42
680000.0,2126.01,sac,Hopper-v5,42
700000.0,3311.697,sac,Hopper-v5,42
720000.0,3304.4958,sac,Hopper-v5,42
740000.0,3302.3904,sac,Hopper-v5,42
760000.0,3299.9802,sac,Hopper-v5,42
780000.0,2614.6477,sac,Hopper-v5,42
800000.0,3299.2244,sac,Hopper-v5,42
820000.0,990.1894,sac,Hopper-v5,42
840000.0,1966.7478,sac,Hopper-v5,42
860000.0,3132.7004,sac,Hopper-v5,42
880000.0,3305.6172,sac,Hopper-v5,42
900000.0,1527.6904,sac,Hopper-v5,42
920000.0,3302.127,sac,Hopper-v5,42
940000.0,3307.6487,sac,Hopper-v5,42
960000.0,2365.9565,sac,Hopper-v5,42
980000.0,3301.49,sac,Hopper-v5,42
1000000.0,2386.9592,sac,Hopper-v5,42
1020000.0,3205.2446,sac,Hopper-v5,42
1040000.0,3220.568,sac,Hopper-v5,42
1060000.0,2725.2478,sac,Hopper-v5,42
1080000.0,2655.8425,sac,Hopper-v5,42
1100000.0,1173.2876,sac,Hopper-v5,42
1120000.0,2053.5566,sac,Hopper-v5,42
1140000.0,1205.7275,sac,Hopper-v5,42
1160000.0,1422.9818,sac,Hopper-v5,42
1180000.0,3316.2495,sac,Hopper-v5,42
1200000.0,1099.4768,sac,Hopper-v5,42
1220000.0,2884.1782,sac,Hopper-v5,42
1240000.0,3326.382,sac,Hopper-v5,42
1260000.0,900.4609,sac,Hopper-v5,42
1280000.0,3288.983,sac,Hopper-v5,42
1300000.0,3319.405,sac,Hopper-v5,42
1320000.0,3312.356,sac,Hopper-v5,42
1340000.0,3325.973,sac,Hopper-v5,42
1360000.0,3272.7166,sac,Hopper-v5,42
1380000.0,2774.9333,sac,Hopper-v5,42
1400000.0,3333.7046,sac,Hopper-v5,42
1420000.0,3314.8599,sac,Hopper-v5,42
1440000.0,3340.529,sac,Hopper-v5,42
1460000.0,3233.1318,sac,Hopper-v5,42
1480000.0,2452.0078,sac,Hopper-v5,42
1500000.0,949.4512,sac,Hopper-v5,42
1520000.0,3405.5945,sac,Hopper-v5,42
1540000.0,3411.676,sac,Hopper-v5,42
1560000.0,3369.3748,sac,Hopper-v5,42
1580000.0,1427.2775,sac,Hopper-v5,42
1600000.0,2716.5212,sac,Hopper-v5,42
1620000.0,1120.4115,sac,Hopper-v5,42
1640000.0,1817.8442,sac,Hopper-v5,42
1660000.0,1313.2267,sac,Hopper-v5,42
1680000.0,2379.733,sac,Hopper-v5,42
1700000.0,3326.7708,sac,Hopper-v5,42
1720000.0,2041.0648,sac,Hopper-v5,42
1740000.0,2726.65,sac,Hopper-v5,42
1760000.0,3110.3257,sac,Hopper-v5,42
1780000.0,2752.3735,sac,Hopper-v5,42
1800000.0,1659.6599,sac,Hopper-v5,42
1820000.0,826.0861,sac,Hopper-v5,42
1840000.0,1733.9435,sac,Hopper-v5,42
1860000.0,2020.5514,sac,Hopper-v5,42
1880000.0,1791.9569,sac,Hopper-v5,42
1900000.0,1200.4989,sac,Hopper-v5,42
1920000.0,1343.0297,sac,Hopper-v5,42
1940000.0,1597.6754,sac,Hopper-v5,42
1960000.0,1903.7119,sac,Hopper-v5,42
1980000.0,2846.971,sac,Hopper-v5,42
2000000.0,2389.715,sac,Hopper-v5,42
2020000.0,2256.3638,sac,Hopper-v5,42
2040000.0,2474.509,sac,Hopper-v5,42
2060000.0,3050.7358,sac,Hopper-v5,42
2080000.0,3199.7153,sac,Hopper-v5,42
2100000.0,2893.0493,sac,Hopper-v5,42
2120000.0,2269.8174,sac,Hopper-v5,42
2140000.0,2260.59,sac,Hopper-v5,42
2160000.0,1885.3271,sac,Hopper-v5,42
2180000.0,1684.8271,sac,Hopper-v5,42
2200000.0,1896.6964,sac,Hopper-v5,42
2220000.0,2954.6482,sac,Hopper-v5,42
2240000.0,3031.4272,sac,Hopper-v5,42
2260000.0,2433.806,sac,Hopper-v5,42
2280000.0,2273.1443,sac,Hopper-v5,42
2300000.0,3201.2502,sac,Hopper-v5,42
2320000.0,2314.8845,sac,Hopper-v5,42
2340000.0,3097.952,sac,Hopper-v5,42
2360000.0,2428.5544,sac,Hopper-v5,42
2380000.0,2225.0342,sac,Hopper-v5,42
2400000.0,2931.276,sac,Hopper-v5,42
2420000.0,2654.631,sac,Hopper-v5,42
2440000.0,3752.289,sac,Hopper-v5,42
2460000.0,3655.4377,sac,Hopper-v5,42
2480000.0,3509.5422,sac,Hopper-v5,42
2500000.0,2762.0713,sac,Hopper-v5,42
20000.0,176.5326,td3,Hopper-v5,42
40000.0,244.2274,td3,Hopper-v5,42
60000.0,277.0467,td3,Hopper-v5,42
80000.0,176.4186,td3,Hopper-v5,42
100000.0,1380.7285,td3,Hopper-v5,42
120000.0,780.6873,td3,Hopper-v5,42
140000.0,647.7463,td3,Hopper-v5,42
160000.0,1896.3893,td3,Hopper-v5,42
180000.0,2195.9797,td3,Hopper-v5,42
200000.0,3042.3767,td3,Hopper-v5,42
220000.0,2982.3545,td3,Hopper-v5,42
240000.0,1107.2468,td3,Hopper-v5,42
260000.0,2547.3777,td3,Hopper-v5,42
280000.0,2044.7893,td3,Hopper-v5,42
300000.0,3461.175,td3,Hopper-v5,42
320000.0,3593.09,td3,Hopper-v5,42
340000.0,3635.428,td3,Hopper-v5,42
360000.0,3506.2808,td3,Hopper-v5,42
380000.0,33.9212,td3,Hopper-v5,42
400000.0,3491.9897,td3,Hopper-v5,42
420000.0,3525.7322,td3,Hopper-v5,42
440000.0,3592.749,td3,Hopper-v5,42
460000.0,3382.4414,td3,Hopper-v5,42
480000.0,3532.1594,td3,Hopper-v5,42
500000.0,3600.5254,td3,Hopper-v5,42
520000.0,3568.8855,td3,Hopper-v5,42
540000.0,3554.4778,td3,Hopper-v5,42
560000.0,3530.4355,td3,Hopper-v5,42
580000.0,2687.906,td3,Hopper-v5,42
600000.0,3530.4597,td3,Hopper-v5,42
620000.0,3466.5422,td3,Hopper-v5,42
640000.0,3461.5964,td3,Hopper-v5,42
660000.0,3584.374,td3,Hopper-v5,42
680000.0,3549.0999,td3,Hopper-v5,42
700000.0,3452.433,td3,Hopper-v5,42
720000.0,3573.4485,td3,Hopper-v5,42
740000.0,3589.5208,td3,Hopper-v5,42
760000.0,3532.5127,td3,Hopper-v5,42
780000.0,3602.4531,td3,Hopper-v5,42
800000.0,3517.0305,td3,Hopper-v5,42
820000.0,3588.9612,td3,Hopper-v5,42
840000.0,3431.924,td3,Hopper-v5,42
860000.0,3503.9216,td3,Hopper-v5,42
880000.0,3546.1985,td3,Hopper-v5,42
900000.0,3569.1892,td3,Hopper-v5,42
920000.0,3597.0615,td3,Hopper-v5,42
940000.0,3263.9272,td3,Hopper-v5,42
960000.0,3606.1912,td3,Hopper-v5,42
980000.0,865.0984,td3,Hopper-v5,42
1000000.0,3583.754,td3,Hopper-v5,42
1020000.0,3633.3115,td3,Hopper-v5,42
1040000.0,3533.6558,td3,Hopper-v5,42
1060000.0,3614.0244,td3,Hopper-v5,42
1080000.0,3553.6118,td3,Hopper-v5,42
1100000.0,3543.3286,td3,Hopper-v5,42
1120000.0,3711.4014,td3,Hopper-v5,42
1140000.0,3643.5303,td3,Hopper-v5,42
1160000.0,3540.7341,td3,Hopper-v5,42
1180000.0,3627.2034,td3,Hopper-v5,42
1200000.0,3544.2112,td3,Hopper-v5,42
1220000.0,1129.3278,td3,Hopper-v5,42
1240000.0,3662.0613,td3,Hopper-v5,42
1260000.0,3617.0764,td3,Hopper-v5,42
1280000.0,3590.1216,td3,Hopper-v5,42
1300000.0,3664.8843,td3,Hopper-v5,42
1320000.0,3624.2578,td3,Hopper-v5,42
1340000.0,3640.683,td3,Hopper-v5,42
1360000.0,3668.2092,td3,Hopper-v5,42
1380000.0,2609.9229,td3,Hopper-v5,42
1400000.0,1272.0862,td3,Hopper-v5,42
1420000.0,3650.128,td3,Hopper-v5,42
1440000.0,3640.557,td3,Hopper-v5,42
1460000.0,3645.6577,td3,Hopper-v5,42
1480000.0,902.4401,td3,Hopper-v5,42
1500000.0,1960.5168,td3,Hopper-v5,42
1520000.0,3636.0867,td3,Hopper-v5,42
1540000.0,3527.7708,td3,Hopper-v5,42
1560000.0,3602.9673,td3,Hopper-v5,42
1580000.0,3631.2468,td3,Hopper-v5,42
1600000.0,1171.2937,td3,Hopper-v5,42
1620000.0,3652.679,td3,Hopper-v5,42
1640000.0,3111.762,td3,Hopper-v5,42
1660000.0,3659.4736,td3,Hopper-v5,42
1680000.0,2443.2148,td3,Hopper-v5,42
1700000.0,3668.681,td3,Hopper-v5,42
1720000.0,3680.2463,td3,Hopper-v5,42
1740000.0,3665.8945,td3,Hopper-v5,42
1760000.0,3642.6206,td3,Hopper-v5,42
1780000.0,1635.7312,td3,Hopper-v5,42
1800000.0,3670.4163,td3,Hopper-v5,42
1820000.0,3694.9836,td3,Hopper-v5,42
1840000.0,3657.297,td3,Hopper-v5,42
1860000.0,3692.9526,td3,Hopper-v5,42
1880000.0,3694.12,td3,Hopper-v5,42
1900000.0,3681.8247,td3,Hopper-v5,42
1920000.0,3679.0823,td3,Hopper-v5,42
1940000.0,2949.7173,td3,Hopper-v5,42
1960000.0,3692.4238,td3,Hopper-v5,42
1980000.0,3675.3508,td3,Hopper-v5,42
2000000.0,3645.065,td3,Hopper-v5,42
2020000.0,3678.4158,td3,Hopper-v5,42
2040000.0,3526.9321,td3,Hopper-v5,42
2060000.0,2697.7,td3,Hopper-v5,42
2080000.0,3629.7212,td3,Hopper-v5,42
2100000.0,3621.6655,td3,Hopper-v5,42
2120000.0,3662.5623,td3,Hopper-v5,42
2140000.0,3654.155,td3,Hopper-v5,42
2160000.0,3670.66,td3,Hopper-v5,42
2180000.0,3638.7126,td3,Hopper-v5,42
2200000.0,3672.5789,td3,Hopper-v5,42
2220000.0,3674.4302,td3,Hopper-v5,42
2240000.0,3687.3516,td3,Hopper-v5,42
2260000.0,3660.321,td3,Hopper-v5,42
2280000.0,3662.6506,td3,Hopper-v5,42
2300000.0,3589.1755,td3,Hopper-v5,42
2320000.0,3455.354,td3,Hopper-v5,42
2340000.0,3626.726,td3,Hopper-v5,42
2360000.0,2973.7275,td3,Hopper-v5,42
2380000.0,3598.9675,td3,Hopper-v5,42
2400000.0,3688.8738,td3,Hopper-v5,42
2420000.0,3534.0781,td3,Hopper-v5,42
2440000.0,3675.9019,td3,Hopper-v5,42
2460000.0,3737.1196,td3,Hopper-v5,42
2480000.0,3702.7488,td3,Hopper-v5,42
2500000.0,3541.7534,td3,Hopper-v5,42
50000.0,311.0571,ppo,Humanoid-v5,42
100000.0,305.0182,ppo,Humanoid-v5,42
150000.0,292.695,ppo,Humanoid-v5,42
200000.0,283.7121,ppo,Humanoid-v5,42
250000.0,293.052,ppo,Humanoid-v5,42
300000.0,412.0024,ppo,Humanoid-v5,42
350000.0,464.5186,ppo,Humanoid-v5,42
400000.0,506.6835,ppo,Humanoid-v5,42
450000.0,455.1815,ppo,Humanoid-v5,42
500000.0,464.8034,ppo,Humanoid-v5,42
550000.0,520.3,ppo,Humanoid-v5,42
600000.0,425.954,ppo,Humanoid-v5,42
650000.0,439.0228,ppo,Humanoid-v5,42
700000.0,447.7022,ppo,Humanoid-v5,42
750000.0,436.5606,ppo,Humanoid-v5,42
800000.0,447.9214,ppo,Humanoid-v5,42
850000.0,459.752,ppo,Humanoid-v5,42
900000.0,480.6545,ppo,Humanoid-v5,42
950000.0,410.4179,ppo,Humanoid-v5,42
1000000.0,442.799,ppo,Humanoid-v5,42
1050000.0,429.2633,ppo,Humanoid-v5,42
1100000.0,451.2114,ppo,Humanoid-v5,42
1150000.0,500.1517,ppo,Humanoid-v5,42
1200000.0,516.6018,ppo,Humanoid-v5,42
1250000.0,520.113,ppo,Humanoid-v5,42
1300000.0,557.881,ppo,Humanoid-v5,42
1350000.0,544.8171,ppo,Humanoid-v5,42
1400000.0,596.0865,ppo,Humanoid-v5,42
1450000.0,471.0088,ppo,Humanoid-v5,42
1500000.0,493.8101,ppo,Humanoid-v5,42
1550000.0,500.3861,ppo,Humanoid-v5,42
1600000.0,548.6126,ppo,Humanoid-v5,42
1650000.0,513.1085,ppo,Humanoid-v5,42
1700000.0,537.75,ppo,Humanoid-v5,42
1750000.0,544.7494,ppo,Humanoid-v5,42
1800000.0,483.6576,ppo,Humanoid-v5,42
1850000.0,475.4672,ppo,Humanoid-v5,42
1900000.0,520.4697,ppo,Humanoid-v5,42
1950000.0,500.0053,ppo,Humanoid-v5,42
2000000.0,496.2813,ppo,Humanoid-v5,42
2050000.0,564.4294,ppo,Humanoid-v5,42
2100000.0,537.4328,ppo,Humanoid-v5,42
2150000.0,583.5128,ppo,Humanoid-v5,42
2200000.0,510.3872,ppo,Humanoid-v5,42
2250000.0,556.8074,ppo,Humanoid-v5,42
2300000.0,505.0138,ppo,Humanoid-v5,42
2350000.0,490.1666,ppo,Humanoid-v5,42
2400000.0,450.8978,ppo,Humanoid-v5,42
2450000.0,450.854,ppo,Humanoid-v5,42
2500000.0,515.5489,ppo,Humanoid-v5,42
50000.0,218.3778,td3,Humanoid-v5,42
100000.0,414.2848,td3,Humanoid-v5,42
150000.0,397.0363,td3,Humanoid-v5,42
200000.0,422.158,td3,Humanoid-v5,42
250000.0,556.1476,td3,Humanoid-v5,42
300000.0,540.2436,td3,Humanoid-v5,42
350000.0,557.7524,td3,Humanoid-v5,42
400000.0,610.4592,td3,Humanoid-v5,42
450000.0,562.4688,td3,Humanoid-v5,42
500000.0,513.4926,td3,Humanoid-v5,42
550000.0,592.2203,td3,Humanoid-v5,42
50000.0,482.7567,sac,Humanoid-v5,42
100000.0,692.3464,sac,Humanoid-v5,42
150000.0,941.2783,sac,Humanoid-v5,42
200000.0,3739.3953,sac,Humanoid-v5,42
250000.0,3971.0137,sac,Humanoid-v5,42
300000.0,4824.3037,sac,Humanoid-v5,42
350000.0,5113.0825,sac,Humanoid-v5,42
400000.0,4736.926,sac,Humanoid-v5,42
450000.0,5111.3887,sac,Humanoid-v5,42
10000.0,128.8085,ppo,InvertedDoublePendulum-v5,42
20000.0,230.4966,ppo,InvertedDoublePendulum-v5,42
30000.0,320.3672,ppo,InvertedDoublePendulum-v5,42
40000.0,426.888,ppo,InvertedDoublePendulum-v5,42
50000.0,378.6704,ppo,InvertedDoublePendulum-v5,42
60000.0,512.2291,ppo,InvertedDoublePendulum-v5,42
70000.0,797.1576,ppo,InvertedDoublePendulum-v5,42
80000.0,1586.7589,ppo,InvertedDoublePendulum-v5,42
90000.0,4352.025,ppo,InvertedDoublePendulum-v5,42
100000.0,4841.388,ppo,InvertedDoublePendulum-v5,42
110000.0,2097.4736,ppo,InvertedDoublePendulum-v5,42
120000.0,8442.406,ppo,InvertedDoublePendulum-v5,42
130000.0,21.993,ppo,InvertedDoublePendulum-v5,42
140000.0,26.6628,ppo,InvertedDoublePendulum-v5,42
150000.0,27.0613,ppo,InvertedDoublePendulum-v5,42
160000.0,36.2238,ppo,InvertedDoublePendulum-v5,42
170000.0,118.969,ppo,InvertedDoublePendulum-v5,42
180000.0,105.8792,ppo,InvertedDoublePendulum-v5,42
190000.0,120.578,ppo,InvertedDoublePendulum-v5,42
200000.0,134.6409,ppo,InvertedDoublePendulum-v5,42
210000.0,146.3026,ppo,InvertedDoublePendulum-v5,42
220000.0,122.4679,ppo,InvertedDoublePendulum-v5,42
230000.0,83.779,ppo,InvertedDoublePendulum-v5,42
240000.0,115.505,ppo,InvertedDoublePendulum-v5,42
250000.0,152.0432,ppo,InvertedDoublePendulum-v5,42
260000.0,24.6998,ppo,InvertedDoublePendulum-v5,42
270000.0,18.5683,ppo,InvertedDoublePendulum-v5,42
280000.0,21.9089,ppo,InvertedDoublePendulum-v5,42
290000.0,22.7388,ppo,InvertedDoublePendulum-v5,42
300000.0,25.8417,ppo,InvertedDoublePendulum-v5,42
310000.0,25.7759,ppo,InvertedDoublePendulum-v5,42
320000.0,25.8679,ppo,InvertedDoublePendulum-v5,42
330000.0,25.9112,ppo,InvertedDoublePendulum-v5,42
340000.0,25.8291,ppo,InvertedDoublePendulum-v5,42
350000.0,25.923,ppo,InvertedDoublePendulum-v5,42
360000.0,26.0064,ppo,InvertedDoublePendulum-v5,42
370000.0,25.9447,ppo,InvertedDoublePendulum-v5,42
380000.0,26.0197,ppo,InvertedDoublePendulum-v5,42
390000.0,27.9672,ppo,InvertedDoublePendulum-v5,42
400000.0,28.8108,ppo,InvertedDoublePendulum-v5,42
410000.0,38.1436,ppo,InvertedDoublePendulum-v5,42
420000.0,99.738,ppo,InvertedDoublePendulum-v5,42
430000.0,115.57,ppo,InvertedDoublePendulum-v5,42
440000.0,109.2909,ppo,InvertedDoublePendulum-v5,42
450000.0,132.5617,ppo,InvertedDoublePendulum-v5,42
460000.0,96.2337,ppo,InvertedDoublePendulum-v5,42
470000.0,168.8388,ppo,InvertedDoublePendulum-v5,42
480000.0,159.5339,ppo,InvertedDoublePendulum-v5,42
490000.0,288.6782,ppo,InvertedDoublePendulum-v5,42
500000.0,300.1722,ppo,InvertedDoublePendulum-v5,42
510000.0,171.6901,ppo,InvertedDoublePendulum-v5,42
520000.0,224.535,ppo,InvertedDoublePendulum-v5,42
530000.0,243.1184,ppo,InvertedDoublePendulum-v5,42
540000.0,286.7964,ppo,InvertedDoublePendulum-v5,42
550000.0,334.0851,ppo,InvertedDoublePendulum-v5,42
560000.0,394.8524,ppo,InvertedDoublePendulum-v5,42
570000.0,496.8299,ppo,InvertedDoublePendulum-v5,42
580000.0,907.3987,ppo,InvertedDoublePendulum-v5,42
590000.0,160.3979,ppo,InvertedDoublePendulum-v5,42
600000.0,181.7323,ppo,InvertedDoublePendulum-v5,42
610000.0,196.7124,ppo,InvertedDoublePendulum-v5,42
620000.0,389.8957,ppo,InvertedDoublePendulum-v5,42
630000.0,472.5301,ppo,InvertedDoublePendulum-v5,42
640000.0,1285.9069,ppo,InvertedDoublePendulum-v5,42
650000.0,7554.576,ppo,InvertedDoublePendulum-v5,42
660000.0,432.2512,ppo,InvertedDoublePendulum-v5,42
670000.0,1603.5776,ppo,InvertedDoublePendulum-v5,42
680000.0,3222.932,ppo,InvertedDoublePendulum-v5,42
690000.0,4908.347,ppo,InvertedDoublePendulum-v5,42
700000.0,200.9058,ppo,InvertedDoublePendulum-v5,42
710000.0,262.0501,ppo,InvertedDoublePendulum-v5,42
720000.0,243.8407,ppo,InvertedDoublePendulum-v5,42
730000.0,296.3675,ppo,InvertedDoublePendulum-v5,42
740000.0,183.6163,ppo,InvertedDoublePendulum-v5,42
750000.0,332.573,ppo,InvertedDoublePendulum-v5,42
760000.0,479.2869,ppo,InvertedDoublePendulum-v5,42
770000.0,376.4412,ppo,InvertedDoublePendulum-v5,42
780000.0,658.1452,ppo,InvertedDoublePendulum-v5,42
790000.0,6880.8223,ppo,InvertedDoublePendulum-v5,42
800000.0,170.9983,ppo,InvertedDoublePendulum-v5,42
810000.0,241.7219,ppo,InvertedDoublePendulum-v5,42
820000.0,265.494,ppo,InvertedDoublePendulum-v5,42
830000.0,275.4608,ppo,InvertedDoublePendulum-v5,42
840000.0,314.0141,ppo,InvertedDoublePendulum-v5,42
850000.0,394.6506,ppo,InvertedDoublePendulum-v5,42
860000.0,664.9147,ppo,InvertedDoublePendulum-v5,42
870000.0,487.9617,ppo,InvertedDoublePendulum-v5,42
880000.0,1805.2118,ppo,InvertedDoublePendulum-v5,42
890000.0,6636.3267,ppo,InvertedDoublePendulum-v5,42
900000.0,4974.4116,ppo,InvertedDoublePendulum-v5,42
910000.0,7568.0757,ppo,InvertedDoublePendulum-v5,42
920000.0,7541.7666,ppo,InvertedDoublePendulum-v5,42
930000.0,279.9247,ppo,InvertedDoublePendulum-v5,42
940000.0,1160.9377,ppo,InvertedDoublePendulum-v5,42
950000.0,1807.6482,ppo,InvertedDoublePendulum-v5,42
960000.0,918.8638,ppo,InvertedDoublePendulum-v5,42
970000.0,2478.0264,ppo,InvertedDoublePendulum-v5,42
980000.0,252.4896,ppo,InvertedDoublePendulum-v5,42
990000.0,283.5734,ppo,InvertedDoublePendulum-v5,42
1000000.0,1092.0956,ppo,InvertedDoublePendulum-v5,42
1010000.0,8514.314,ppo,InvertedDoublePendulum-v5,42
1020000.0,4920.07,ppo,InvertedDoublePendulum-v5,42
1030000.0,2713.947,ppo,InvertedDoublePendulum-v5,42
1040000.0,2049.352,ppo,InvertedDoublePendulum-v5,42
1050000.0,1517.976,ppo,InvertedDoublePendulum-v5,42
1060000.0,9359.508,ppo,InvertedDoublePendulum-v5,42
1070000.0,9359.638,ppo,InvertedDoublePendulum-v5,42
1080000.0,7524.822,ppo,InvertedDoublePendulum-v5,42
1090000.0,8439.242,ppo,InvertedDoublePendulum-v5,42
1100000.0,5750.423,ppo,InvertedDoublePendulum-v5,42
1110000.0,4182.2856,ppo,InvertedDoublePendulum-v5,42
1120000.0,6081.991,ppo,InvertedDoublePendulum-v5,42
1130000.0,7602.572,ppo,InvertedDoublePendulum-v5,42
1140000.0,7544.336,ppo,InvertedDoublePendulum-v5,42
1150000.0,8461.791,ppo,InvertedDoublePendulum-v5,42
1160000.0,9357.693,ppo,InvertedDoublePendulum-v5,42
1170000.0,9357.976,ppo,InvertedDoublePendulum-v5,42
1180000.0,9358.044,ppo,InvertedDoublePendulum-v5,42
1190000.0,6707.142,ppo,InvertedDoublePendulum-v5,42
1200000.0,8451.742,ppo,InvertedDoublePendulum-v5,42
1210000.0,7551.952,ppo,InvertedDoublePendulum-v5,42
1220000.0,8465.648,ppo,InvertedDoublePendulum-v5,42
1230000.0,7535.5103,ppo,InvertedDoublePendulum-v5,42
1240000.0,8473.826,ppo,InvertedDoublePendulum-v5,42
1250000.0,8442.379,ppo,InvertedDoublePendulum-v5,42
1260000.0,2841.2358,ppo,InvertedDoublePendulum-v5,42
1270000.0,7564.8804,ppo,InvertedDoublePendulum-v5,42
1280000.0,8440.163,ppo,InvertedDoublePendulum-v5,42
1290000.0,7532.9917,ppo,InvertedDoublePendulum-v5,42
1300000.0,6587.7803,ppo,InvertedDoublePendulum-v5,42
1310000.0,8433.398,ppo,InvertedDoublePendulum-v5,42
1320000.0,3185.995,ppo,InvertedDoublePendulum-v5,42
1330000.0,8439.555,ppo,InvertedDoublePendulum-v5,42
1340000.0,5003.436,ppo,InvertedDoublePendulum-v5,42
1350000.0,1747.7096,ppo,InvertedDoublePendulum-v5,42
1360000.0,4762.354,ppo,InvertedDoublePendulum-v5,42
1370000.0,1173.5026,ppo,InvertedDoublePendulum-v5,42
1380000.0,1013.2327,ppo,InvertedDoublePendulum-v5,42
1390000.0,6591.557,ppo,InvertedDoublePendulum-v5,42
1400000.0,7518.183,ppo,InvertedDoublePendulum-v5,42
1410000.0,6612.936,ppo,InvertedDoublePendulum-v5,42
1420000.0,8434.288,ppo,InvertedDoublePendulum-v5,42
1430000.0,7521.9824,ppo,InvertedDoublePendulum-v5,42
1440000.0,5715.754,ppo,InvertedDoublePendulum-v5,42
1450000.0,5740.5938,ppo,InvertedDoublePendulum-v5,42
1460000.0,2039.7981,ppo,InvertedDoublePendulum-v5,42
1470000.0,5685.127,ppo,InvertedDoublePendulum-v5,42
1480000.0,6596.969,ppo,InvertedDoublePendulum-v5,42
1490000.0,5693.321,ppo,InvertedDoublePendulum-v5,42
1500000.0,7509.4604,ppo,InvertedDoublePendulum-v5,42
1510000.0,3876.776,ppo,InvertedDoublePendulum-v5,42
1520000.0,206.5773,ppo,InvertedDoublePendulum-v5,42
1530000.0,4730.9565,ppo,InvertedDoublePendulum-v5,42
1540000.0,4789.4507,ppo,InvertedDoublePendulum-v5,42
1550000.0,138.9914,ppo,InvertedDoublePendulum-v5,42
1560000.0,172.4708,ppo,InvertedDoublePendulum-v5,42
1570000.0,217.4806,ppo,InvertedDoublePendulum-v5,42
1580000.0,61.5695,ppo,InvertedDoublePendulum-v5,42
1590000.0,24.5128,ppo,InvertedDoublePendulum-v5,42
1600000.0,26.728,ppo,InvertedDoublePendulum-v5,42
1610000.0,23.0659,ppo,InvertedDoublePendulum-v5,42
1620000.0,21.0665,ppo,InvertedDoublePendulum-v5,42
1630000.0,23.5986,ppo,InvertedDoublePendulum-v5,42
1640000.0,22.7548,ppo,InvertedDoublePendulum-v5,42
1650000.0,18.5557,ppo,InvertedDoublePendulum-v5,42
1660000.0,18.5399,ppo,InvertedDoublePendulum-v5,42
1670000.0,20.253,ppo,InvertedDoublePendulum-v5,42
1680000.0,22.7246,ppo,InvertedDoublePendulum-v5,42
1690000.0,17.7162,ppo,InvertedDoublePendulum-v5,42
1700000.0,20.2355,ppo,InvertedDoublePendulum-v5,42
1710000.0,19.3975,ppo,InvertedDoublePendulum-v5,42
1720000.0,21.8808,ppo,InvertedDoublePendulum-v5,42
1730000.0,23.5485,ppo,InvertedDoublePendulum-v5,42
1740000.0,21.068,ppo,InvertedDoublePendulum-v5,42
1750000.0,20.2452,ppo,InvertedDoublePendulum-v5,42
1760000.0,18.5454,ppo,InvertedDoublePendulum-v5,42
1770000.0,19.3657,ppo,InvertedDoublePendulum-v5,42
1780000.0,20.2094,ppo,InvertedDoublePendulum-v5,42
1790000.0,21.0569,ppo,InvertedDoublePendulum-v5,42
1800000.0,21.069,ppo,InvertedDoublePendulum-v5,42
1810000.0,21.048,ppo,InvertedDoublePendulum-v5,42
1820000.0,22.0868,ppo,InvertedDoublePendulum-v5,42
1830000.0,21.9242,ppo,InvertedDoublePendulum-v5,42
1840000.0,21.1312,ppo,InvertedDoublePendulum-v5,42
1850000.0,22.1787,ppo,InvertedDoublePendulum-v5,42
1860000.0,22.7949,ppo,InvertedDoublePendulum-v5,42
1870000.0,21.9902,ppo,InvertedDoublePendulum-v5,42
1880000.0,22.8172,ppo,InvertedDoublePendulum-v5,42
1890000.0,23.662,ppo,InvertedDoublePendulum-v5,42
1900000.0,21.0816,ppo,InvertedDoublePendulum-v5,42
1910000.0,21.067,ppo,InvertedDoublePendulum-v5,42
1920000.0,22.761,ppo,InvertedDoublePendulum-v5,42
1930000.0,21.0365,ppo,InvertedDoublePendulum-v5,42
1940000.0,21.0856,ppo,InvertedDoublePendulum-v5,42
1950000.0,21.0712,ppo,InvertedDoublePendulum-v5,42
1960000.0,21.0969,ppo,InvertedDoublePendulum-v5,42
1970000.0,21.9387,ppo,InvertedDoublePendulum-v5,42
1980000.0,21.9043,ppo,InvertedDoublePendulum-v5,42
1990000.0,21.8838,ppo,InvertedDoublePendulum-v5,42
2000000.0,19.4405,ppo,InvertedDoublePendulum-v5,42
2010000.0,22.7355,ppo,InvertedDoublePendulum-v5,42
2020000.0,17.7065,ppo,InvertedDoublePendulum-v5,42
2030000.0,21.885,ppo,InvertedDoublePendulum-v5,42
2040000.0,19.446,ppo,InvertedDoublePendulum-v5,42
2050000.0,20.2615,ppo,InvertedDoublePendulum-v5,42
2060000.0,21.0626,ppo,InvertedDoublePendulum-v5,42
2070000.0,21.0499,ppo,InvertedDoublePendulum-v5,42
2080000.0,21.9122,ppo,InvertedDoublePendulum-v5,42
2090000.0,21.0749,ppo,InvertedDoublePendulum-v5,42
2100000.0,19.3833,ppo,InvertedDoublePendulum-v5,42
2110000.0,19.3923,ppo,InvertedDoublePendulum-v5,42
2120000.0,21.9233,ppo,InvertedDoublePendulum-v5,42
2130000.0,21.8938,ppo,InvertedDoublePendulum-v5,42
2140000.0,22.7608,ppo,InvertedDoublePendulum-v5,42
2150000.0,20.2603,ppo,InvertedDoublePendulum-v5,42
2160000.0,24.3851,ppo,InvertedDoublePendulum-v5,42
2170000.0,22.749,ppo,InvertedDoublePendulum-v5,42
2180000.0,22.7257,ppo,InvertedDoublePendulum-v5,42
2190000.0,21.0809,ppo,InvertedDoublePendulum-v5,42
2200000.0,23.5913,ppo,InvertedDoublePendulum-v5,42
2210000.0,21.8997,ppo,InvertedDoublePendulum-v5,42
2220000.0,19.3995,ppo,InvertedDoublePendulum-v5,42
2230000.0,21.8747,ppo,InvertedDoublePendulum-v5,42
2240000.0,21.8967,ppo,InvertedDoublePendulum-v5,42
2250000.0,20.2564,ppo,InvertedDoublePendulum-v5,42
2260000.0,21.0847,ppo,InvertedDoublePendulum-v5,42
2270000.0,21.9099,ppo,InvertedDoublePendulum-v5,42
2280000.0,20.2315,ppo,InvertedDoublePendulum-v5,42
2290000.0,20.2204,ppo,InvertedDoublePendulum-v5,42
2300000.0,22.7619,ppo,InvertedDoublePendulum-v5,42
2310000.0,20.235,ppo,InvertedDoublePendulum-v5,42
2320000.0,17.6936,ppo,InvertedDoublePendulum-v5,42
2330000.0,22.7586,ppo,InvertedDoublePendulum-v5,42
2340000.0,20.2633,ppo,InvertedDoublePendulum-v5,42
2350000.0,21.9136,ppo,InvertedDoublePendulum-v5,42
2360000.0,22.7447,ppo,InvertedDoublePendulum-v5,42
2370000.0,22.7548,ppo,InvertedDoublePendulum-v5,42
2380000.0,19.4071,ppo,InvertedDoublePendulum-v5,42
2390000.0,21.0524,ppo,InvertedDoublePendulum-v5,42
2400000.0,17.7318,ppo,InvertedDoublePendulum-v5,42
2410000.0,21.9051,ppo,InvertedDoublePendulum-v5,42
2420000.0,22.6898,ppo,InvertedDoublePendulum-v5,42
2430000.0,21.8885,ppo,InvertedDoublePendulum-v5,42
2440000.0,22.7625,ppo,InvertedDoublePendulum-v5,42
2450000.0,21.9199,ppo,InvertedDoublePendulum-v5,42
2460000.0,21.0845,ppo,InvertedDoublePendulum-v5,42
2470000.0,20.2349,ppo,InvertedDoublePendulum-v5,42
2480000.0,20.2369,ppo,InvertedDoublePendulum-v5,42
2490000.0,21.8917,ppo,InvertedDoublePendulum-v5,42
2500000.0,19.373,ppo,InvertedDoublePendulum-v5,42
10000.0,315.2358,td3,InvertedDoublePendulum-v5,42
20000.0,9322.683,td3,InvertedDoublePendulum-v5,42
30000.0,9322.021,td3,InvertedDoublePendulum-v5,42
40000.0,8434.029,td3,InvertedDoublePendulum-v5,42
50000.0,9319.262,td3,InvertedDoublePendulum-v5,42
60000.0,9322.05,td3,InvertedDoublePendulum-v5,42
70000.0,9324.407,td3,InvertedDoublePendulum-v5,42
80000.0,4968.205,td3,InvertedDoublePendulum-v5,42
90000.0,9322.813,td3,InvertedDoublePendulum-v5,42
100000.0,5159.7363,td3,InvertedDoublePendulum-v5,42
110000.0,9340.465,td3,InvertedDoublePendulum-v5,42
120000.0,9335.658,td3,InvertedDoublePendulum-v5,42
130000.0,9328.248,td3,InvertedDoublePendulum-v5,42
140000.0,9315.129,td3,InvertedDoublePendulum-v5,42
150000.0,9335.025,td3,InvertedDoublePendulum-v5,42
160000.0,9321.607,td3,InvertedDoublePendulum-v5,42
170000.0,9325.464,td3,InvertedDoublePendulum-v5,42
180000.0,9328.902,td3,InvertedDoublePendulum-v5,42
190000.0,9329.179,td3,InvertedDoublePendulum-v5,42
200000.0,9325.708,td3,InvertedDoublePendulum-v5,42
210000.0,9355.95,td3,InvertedDoublePendulum-v5,42
220000.0,2189.3394,td3,InvertedDoublePendulum-v5,42
230000.0,9351.411,td3,InvertedDoublePendulum-v5,42
240000.0,9324.207,td3,InvertedDoublePendulum-v5,42
250000.0,9324.974,td3,InvertedDoublePendulum-v5,42
260000.0,9316.5625,td3,InvertedDoublePendulum-v5,42
270000.0,9336.515,td3,InvertedDoublePendulum-v5,42
280000.0,9334.201,td3,InvertedDoublePendulum-v5,42
290000.0,9324.816,td3,InvertedDoublePendulum-v5,42
300000.0,9341.597,td3,InvertedDoublePendulum-v5,42
310000.0,9321.816,td3,InvertedDoublePendulum-v5,42
320000.0,9320.235,td3,InvertedDoublePendulum-v5,42
330000.0,9331.859,td3,InvertedDoublePendulum-v5,42
340000.0,7651.7056,td3,InvertedDoublePendulum-v5,42
350000.0,9302.685,td3,InvertedDoublePendulum-v5,42
360000.0,9319.066,td3,InvertedDoublePendulum-v5,42
370000.0,9322.651,td3,InvertedDoublePendulum-v5,42
380000.0,4358.3955,td3,InvertedDoublePendulum-v5,42
390000.0,9326.422,td3,InvertedDoublePendulum-v5,42
400000.0,881.8702,td3,InvertedDoublePendulum-v5,42
410000.0,9326.114,td3,InvertedDoublePendulum-v5,42
420000.0,9324.8955,td3,InvertedDoublePendulum-v5,42
430000.0,9324.985,td3,InvertedDoublePendulum-v5,42
440000.0,9330.56,td3,InvertedDoublePendulum-v5,42
450000.0,9358.178,td3,InvertedDoublePendulum-v5,42
460000.0,9320.254,td3,InvertedDoublePendulum-v5,42
470000.0,9323.671,td3,InvertedDoublePendulum-v5,42
480000.0,9357.627,td3,InvertedDoublePendulum-v5,42
490000.0,9358.769,td3,InvertedDoublePendulum-v5,42
500000.0,9338.18,td3,InvertedDoublePendulum-v5,42
510000.0,9322.14,td3,InvertedDoublePendulum-v5,42
520000.0,9345.835,td3,InvertedDoublePendulum-v5,42
530000.0,9340.008,td3,InvertedDoublePendulum-v5,42
540000.0,9335.663,td3,InvertedDoublePendulum-v5,42
550000.0,9324.497,td3,InvertedDoublePendulum-v5,42
560000.0,9337.618,td3,InvertedDoublePendulum-v5,42
570000.0,9338.429,td3,InvertedDoublePendulum-v5,42
580000.0,9333.348,td3,InvertedDoublePendulum-v5,42
590000.0,9355.102,td3,InvertedDoublePendulum-v5,42
600000.0,9338.154,td3,InvertedDoublePendulum-v5,42
610000.0,9341.291,td3,InvertedDoublePendulum-v5,42
620000.0,9339.3,td3,InvertedDoublePendulum-v5,42
630000.0,9347.694,td3,InvertedDoublePendulum-v5,42
640000.0,9350.17,td3,InvertedDoublePendulum-v5,42
650000.0,8425.386,td3,InvertedDoublePendulum-v5,42
660000.0,9333.567,td3,InvertedDoublePendulum-v5,42
670000.0,9340.499,td3,InvertedDoublePendulum-v5,42
680000.0,9351.375,td3,InvertedDoublePendulum-v5,42
690000.0,9350.965,td3,InvertedDoublePendulum-v5,42
700000.0,9357.836,td3,InvertedDoublePendulum-v5,42
710000.0,9342.547,td3,InvertedDoublePendulum-v5,42
720000.0,9333.556,td3,InvertedDoublePendulum-v5,42
730000.0,9332.878,td3,InvertedDoublePendulum-v5,42
740000.0,9348.634,td3,InvertedDoublePendulum-v5,42
750000.0,9330.235,td3,InvertedDoublePendulum-v5,42
760000.0,9346.885,td3,InvertedDoublePendulum-v5,42
770000.0,4038.9414,td3,InvertedDoublePendulum-v5,42
780000.0,9339.392,td3,InvertedDoublePendulum-v5,42
790000.0,9330.059,td3,InvertedDoublePendulum-v5,42
800000.0,9332.17,td3,InvertedDoublePendulum-v5,42
810000.0,9333.75,td3,InvertedDoublePendulum-v5,42
820000.0,9323.128,td3,InvertedDoublePendulum-v5,42
830000.0,9313.972,td3,InvertedDoublePendulum-v5,42
840000.0,9338.901,td3,InvertedDoublePendulum-v5,42
850000.0,9335.778,td3,InvertedDoublePendulum-v5,42
860000.0,9328.797,td3,InvertedDoublePendulum-v5,42
870000.0,9327.431,td3,InvertedDoublePendulum-v5,42
880000.0,9328.741,td3,InvertedDoublePendulum-v5,42
890000.0,9317.196,td3,InvertedDoublePendulum-v5,42
900000.0,9326.082,td3,InvertedDoublePendulum-v5,42
910000.0,9325.263,td3,InvertedDoublePendulum-v5,42
920000.0,9316.023,td3,InvertedDoublePendulum-v5,42
930000.0,9322.722,td3,InvertedDoublePendulum-v5,42
940000.0,9333.533,td3,InvertedDoublePendulum-v5,42
950000.0,9341.235,td3,InvertedDoublePendulum-v5,42
960000.0,9334.426,td3,InvertedDoublePendulum-v5,42
970000.0,9333.566,td3,InvertedDoublePendulum-v5,42
980000.0,9323.984,td3,InvertedDoublePendulum-v5,42
990000.0,9332.397,td3,InvertedDoublePendulum-v5,42
1000000.0,9322.127,td3,InvertedDoublePendulum-v5,42
1010000.0,9328.962,td3,InvertedDoublePendulum-v5,42
1020000.0,8504.302,td3,InvertedDoublePendulum-v5,42
1030000.0,2061.009,td3,InvertedDoublePendulum-v5,42
1040000.0,8455.755,td3,InvertedDoublePendulum-v5,42
1050000.0,7100.1123,td3,InvertedDoublePendulum-v5,42
1060000.0,9329.289,td3,InvertedDoublePendulum-v5,42
1070000.0,9338.858,td3,InvertedDoublePendulum-v5,42
1080000.0,9352.777,td3,InvertedDoublePendulum-v5,42
1090000.0,9320.211,td3,InvertedDoublePendulum-v5,42
1100000.0,9339.483,td3,InvertedDoublePendulum-v5,42
1110000.0,9334.461,td3,InvertedDoublePendulum-v5,42
1120000.0,9328.916,td3,InvertedDoublePendulum-v5,42
1130000.0,9341.047,td3,InvertedDoublePendulum-v5,42
1140000.0,7582.66,td3,InvertedDoublePendulum-v5,42
1150000.0,9338.171,td3,InvertedDoublePendulum-v5,42
1160000.0,9331.586,td3,InvertedDoublePendulum-v5,42
1170000.0,9338.891,td3,InvertedDoublePendulum-v5,42
1180000.0,9353.605,td3,InvertedDoublePendulum-v5,42
1190000.0,9357.023,td3,InvertedDoublePendulum-v5,42
1200000.0,9327.468,td3,InvertedDoublePendulum-v5,42
1210000.0,9336.584,td3,InvertedDoublePendulum-v5,42
1220000.0,9357.093,td3,InvertedDoublePendulum-v5,42
1230000.0,9327.718,td3,InvertedDoublePendulum-v5,42
1240000.0,9321.65,td3,InvertedDoublePendulum-v5,42
1250000.0,9330.116,td3,InvertedDoublePendulum-v5,42
1260000.0,9323.718,td3,InvertedDoublePendulum-v5,42
1270000.0,9322.3,td3,InvertedDoublePendulum-v5,42
1280000.0,9359.498,td3,InvertedDoublePendulum-v5,42
1290000.0,9358.138,td3,InvertedDoublePendulum-v5,42
1300000.0,9346.163,td3,InvertedDoublePendulum-v5,42
1310000.0,9323.049,td3,InvertedDoublePendulum-v5,42
1320000.0,9341.848,td3,InvertedDoublePendulum-v5,42
1330000.0,9346.09,td3,InvertedDoublePendulum-v5,42
1340000.0,9359.721,td3,InvertedDoublePendulum-v5,42
1350000.0,9359.864,td3,InvertedDoublePendulum-v5,42
1360000.0,9359.382,td3,InvertedDoublePendulum-v5,42
1370000.0,9359.098,td3,InvertedDoublePendulum-v5,42
1380000.0,9357.765,td3,InvertedDoublePendulum-v5,42
1390000.0,9356.15,td3,InvertedDoublePendulum-v5,42
1400000.0,9358.433,td3,InvertedDoublePendulum-v5,42
1410000.0,9355.904,td3,InvertedDoublePendulum-v5,42
1420000.0,9355.451,td3,InvertedDoublePendulum-v5,42
1430000.0,9355.839,td3,InvertedDoublePendulum-v5,42
1440000.0,9320.452,td3,InvertedDoublePendulum-v5,42
1450000.0,9315.435,td3,InvertedDoublePendulum-v5,42
1460000.0,8429.434,td3,InvertedDoublePendulum-v5,42
1470000.0,9328.716,td3,InvertedDoublePendulum-v5,42
1480000.0,9336.723,td3,InvertedDoublePendulum-v5,42
1490000.0,9321.917,td3,InvertedDoublePendulum-v5,42
1500000.0,9312.327,td3,InvertedDoublePendulum-v5,42
1510000.0,9355.753,td3,InvertedDoublePendulum-v5,42
1520000.0,9326.989,td3,InvertedDoublePendulum-v5,42
1530000.0,9354.093,td3,InvertedDoublePendulum-v5,42
1540000.0,9325.345,td3,InvertedDoublePendulum-v5,42
1550000.0,9316.5,td3,InvertedDoublePendulum-v5,42
1560000.0,9334.647,td3,InvertedDoublePendulum-v5,42
1570000.0,9329.31,td3,InvertedDoublePendulum-v5,42
1580000.0,9346.911,td3,InvertedDoublePendulum-v5,42
1590000.0,9337.788,td3,InvertedDoublePendulum-v5,42
1600000.0,9305.077,td3,InvertedDoublePendulum-v5,42
1610000.0,9309.623,td3,InvertedDoublePendulum-v5,42
1620000.0,9340.568,td3,InvertedDoublePendulum-v5,42
1630000.0,9343.719,td3,InvertedDoublePendulum-v5,42
1640000.0,9312.617,td3,InvertedDoublePendulum-v5,42
1650000.0,9326.485,td3,InvertedDoublePendulum-v5,42
1660000.0,9312.023,td3,InvertedDoublePendulum-v5,42
1670000.0,2049.6333,td3,InvertedDoublePendulum-v5,42
1680000.0,9319.435,td3,InvertedDoublePendulum-v5,42
1690000.0,9321.046,td3,InvertedDoublePendulum-v5,42
1700000.0,9325.039,td3,InvertedDoublePendulum-v5,42
1710000.0,9344.906,td3,InvertedDoublePendulum-v5,42
1720000.0,9342.318,td3,InvertedDoublePendulum-v5,42
1730000.0,9344.697,td3,InvertedDoublePendulum-v5,42
1740000.0,9335.467,td3,InvertedDoublePendulum-v5,42
1750000.0,9325.014,td3,InvertedDoublePendulum-v5,42
1760000.0,6695.346,td3,InvertedDoublePendulum-v5,42
1770000.0,8455.747,td3,InvertedDoublePendulum-v5,42
1780000.0,9348.029,td3,InvertedDoublePendulum-v5,42
1790000.0,9338.407,td3,InvertedDoublePendulum-v5,42
1800000.0,9321.122,td3,InvertedDoublePendulum-v5,42
1810000.0,9316.047,td3,InvertedDoublePendulum-v5,42
1820000.0,8488.301,td3,InvertedDoublePendulum-v5,42
1830000.0,9343.151,td3,InvertedDoublePendulum-v5,42
1840000.0,9332.655,td3,InvertedDoublePendulum-v5,42
1850000.0,9319.729,td3,InvertedDoublePendulum-v5,42
1860000.0,9316.82,td3,InvertedDoublePendulum-v5,42
1870000.0,9326.237,td3,InvertedDoublePendulum-v5,42
1880000.0,9323.733,td3,InvertedDoublePendulum-v5,42
1890000.0,9321.38,td3,InvertedDoublePendulum-v5,42
1900000.0,9321.793,td3,InvertedDoublePendulum-v5,42
1910000.0,9326.581,td3,InvertedDoublePendulum-v5,42
1920000.0,9325.305,td3,InvertedDoublePendulum-v5,42
1930000.0,9329.754,td3,InvertedDoublePendulum-v5,42
1940000.0,9326.394,td3,InvertedDoublePendulum-v5,42
1950000.0,9324.977,td3,InvertedDoublePendulum-v5,42
1960000.0,9334.207,td3,InvertedDoublePendulum-v5,42
1970000.0,9347.584,td3,InvertedDoublePendulum-v5,42
1980000.0,9332.173,td3,InvertedDoublePendulum-v5,42
1990000.0,9326.456,td3,InvertedDoublePendulum-v5,42
2000000.0,9324.799,td3,InvertedDoublePendulum-v5,42
2010000.0,9321.34,td3,InvertedDoublePendulum-v5,42
2020000.0,9351.401,td3,InvertedDoublePendulum-v5,42
2030000.0,9354.644,td3,InvertedDoublePendulum-v5,42
2040000.0,9329.687,td3,InvertedDoublePendulum-v5,42
2050000.0,9356.258,td3,InvertedDoublePendulum-v5,42
2060000.0,9325.735,td3,InvertedDoublePendulum-v5,42
2070000.0,9335.634,td3,InvertedDoublePendulum-v5,42
2080000.0,9335.898,td3,InvertedDoublePendulum-v5,42
2090000.0,9331.867,td3,InvertedDoublePendulum-v5,42
2100000.0,9330.324,td3,InvertedDoublePendulum-v5,42
2110000.0,9329.103,td3,InvertedDoublePendulum-v5,42
2120000.0,9332.658,td3,InvertedDoublePendulum-v5,42
2130000.0,9359.415,td3,InvertedDoublePendulum-v5,42
2140000.0,9359.184,td3,InvertedDoublePendulum-v5,42
2150000.0,9358.735,td3,InvertedDoublePendulum-v5,42
2160000.0,9353.814,td3,InvertedDoublePendulum-v5,42
2170000.0,9324.726,td3,InvertedDoublePendulum-v5,42
2180000.0,9355.461,td3,InvertedDoublePendulum-v5,42
2190000.0,9323.281,td3,InvertedDoublePendulum-v5,42
2200000.0,2371.047,td3,InvertedDoublePendulum-v5,42
2210000.0,9357.499,td3,InvertedDoublePendulum-v5,42
2220000.0,9356.801,td3,InvertedDoublePendulum-v5,42
2230000.0,9355.281,td3,InvertedDoublePendulum-v5,42
2240000.0,9357.751,td3,InvertedDoublePendulum-v5,42
2250000.0,9340.055,td3,InvertedDoublePendulum-v5,42
2260000.0,9354.38,td3,InvertedDoublePendulum-v5,42
2270000.0,9335.034,td3,InvertedDoublePendulum-v5,42
2280000.0,9330.791,td3,InvertedDoublePendulum-v5,42
2290000.0,3612.658,td3,InvertedDoublePendulum-v5,42
2300000.0,9346.809,td3,InvertedDoublePendulum-v5,42
2310000.0,8467.228,td3,InvertedDoublePendulum-v5,42
2320000.0,9336.792,td3,InvertedDoublePendulum-v5,42
2330000.0,9336.973,td3,InvertedDoublePendulum-v5,42
2340000.0,9358.333,td3,InvertedDoublePendulum-v5,42
2350000.0,9354.961,td3,InvertedDoublePendulum-v5,42
2360000.0,9344.786,td3,InvertedDoublePendulum-v5,42
2370000.0,9352.428,td3,InvertedDoublePendulum-v5,42
2380000.0,9349.099,td3,InvertedDoublePendulum-v5,42
2390000.0,9355.875,td3,InvertedDoublePendulum-v5,42
2400000.0,9347.887,td3,InvertedDoublePendulum-v5,42
2410000.0,801.3464,td3,InvertedDoublePendulum-v5,42
2420000.0,9347.063,td3,InvertedDoublePendulum-v5,42
2430000.0,9345.529,td3,InvertedDoublePendulum-v5,42
2440000.0,656.5635,td3,InvertedDoublePendulum-v5,42
2450000.0,9315.267,td3,InvertedDoublePendulum-v5,42
2460000.0,9331.52,td3,InvertedDoublePendulum-v5,42
2470000.0,9318.015,td3,InvertedDoublePendulum-v5,42
2480000.0,9346.114,td3,InvertedDoublePendulum-v5,42
2490000.0,9353.0,td3,InvertedDoublePendulum-v5,42
2500000.0,9356.134,td3,InvertedDoublePendulum-v5,42
10000.0,78.2859,sac,InvertedDoublePendulum-v5,42
20000.0,9359.527,sac,InvertedDoublePendulum-v5,42
30000.0,9359.824,sac,InvertedDoublePendulum-v5,42
40000.0,9357.718,sac,InvertedDoublePendulum-v5,42
50000.0,9359.132,sac,InvertedDoublePendulum-v5,42
60000.0,9355.268,sac,InvertedDoublePendulum-v5,42
70000.0,9358.899,sac,InvertedDoublePendulum-v5,42
80000.0,9359.772,sac,InvertedDoublePendulum-v5,42
90000.0,9359.76,sac,InvertedDoublePendulum-v5,42
100000.0,9359.762,sac,InvertedDoublePendulum-v5,42
110000.0,9359.14,sac,InvertedDoublePendulum-v5,42
120000.0,9357.862,sac,InvertedDoublePendulum-v5,42
130000.0,9356.324,sac,InvertedDoublePendulum-v5,42
140000.0,9357.613,sac,InvertedDoublePendulum-v5,42
150000.0,9357.335,sac,InvertedDoublePendulum-v5,42
160000.0,9357.582,sac,InvertedDoublePendulum-v5,42
170000.0,9353.54,sac,InvertedDoublePendulum-v5,42
180000.0,9353.747,sac,InvertedDoublePendulum-v5,42
190000.0,9356.318,sac,InvertedDoublePendulum-v5,42
200000.0,9356.338,sac,InvertedDoublePendulum-v5,42
210000.0,9356.787,sac,InvertedDoublePendulum-v5,42
220000.0,9354.874,sac,InvertedDoublePendulum-v5,42
230000.0,9351.29,sac,InvertedDoublePendulum-v5,42
240000.0,9340.983,sac,InvertedDoublePendulum-v5,42
250000.0,9340.6,sac,InvertedDoublePendulum-v5,42
260000.0,9347.299,sac,InvertedDoublePendulum-v5,42
270000.0,9357.988,sac,InvertedDoublePendulum-v5,42
280000.0,9358.28,sac,InvertedDoublePendulum-v5,42
290000.0,9353.464,sac,InvertedDoublePendulum-v5,42
300000.0,9355.282,sac,InvertedDoublePendulum-v5,42
310000.0,9357.421,sac,InvertedDoublePendulum-v5,42
320000.0,9358.305,sac,InvertedDoublePendulum-v5,42
330000.0,9355.722,sac,InvertedDoublePendulum-v5,42
340000.0,9351.873,sac,InvertedDoublePendulum-v5,42
350000.0,9358.275,sac,InvertedDoublePendulum-v5,42
360000.0,9357.743,sac,InvertedDoublePendulum-v5,42
370000.0,9357.413,sac,InvertedDoublePendulum-v5,42
380000.0,9357.8,sac,InvertedDoublePendulum-v5,42
390000.0,9352.547,sac,InvertedDoublePendulum-v5,42
400000.0,9355.82,sac,InvertedDoublePendulum-v5,42
410000.0,9358.262,sac,InvertedDoublePendulum-v5,42
420000.0,9356.874,sac,InvertedDoublePendulum-v5,42
430000.0,9357.5205,sac,InvertedDoublePendulum-v5,42
440000.0,9357.998,sac,InvertedDoublePendulum-v5,42
450000.0,9357.482,sac,InvertedDoublePendulum-v5,42
460000.0,9356.493,sac,InvertedDoublePendulum-v5,42
470000.0,9356.477,sac,InvertedDoublePendulum-v5,42
480000.0,9354.923,sac,InvertedDoublePendulum-v5,42
490000.0,9357.214,sac,InvertedDoublePendulum-v5,42
500000.0,9358.069,sac,InvertedDoublePendulum-v5,42
510000.0,9358.315,sac,InvertedDoublePendulum-v5,42
520000.0,9358.496,sac,InvertedDoublePendulum-v5,42
530000.0,9358.203,sac,InvertedDoublePendulum-v5,42
540000.0,9355.977,sac,InvertedDoublePendulum-v5,42
550000.0,9356.4795,sac,InvertedDoublePendulum-v5,42
560000.0,9358.528,sac,InvertedDoublePendulum-v5,42
570000.0,9357.764,sac,InvertedDoublePendulum-v5,42
580000.0,9356.418,sac,InvertedDoublePendulum-v5,42
590000.0,9353.044,sac,InvertedDoublePendulum-v5,42
600000.0,9359.155,sac,InvertedDoublePendulum-v5,42
610000.0,9358.714,sac,InvertedDoublePendulum-v5,42
620000.0,9355.378,sac,InvertedDoublePendulum-v5,42
630000.0,9357.435,sac,InvertedDoublePendulum-v5,42
640000.0,9357.871,sac,InvertedDoublePendulum-v5,42
650000.0,9357.564,sac,InvertedDoublePendulum-v5,42
660000.0,9354.062,sac,InvertedDoublePendulum-v5,42
670000.0,9358.409,sac,InvertedDoublePendulum-v5,42
680000.0,9357.085,sac,InvertedDoublePendulum-v5,42
690000.0,9354.768,sac,InvertedDoublePendulum-v5,42
700000.0,9359.707,sac,InvertedDoublePendulum-v5,42
710000.0,8433.1045,sac,InvertedDoublePendulum-v5,42
720000.0,9354.934,sac,InvertedDoublePendulum-v5,42
730000.0,9349.861,sac,InvertedDoublePendulum-v5,42
740000.0,9356.356,sac,InvertedDoublePendulum-v5,42
750000.0,9359.194,sac,InvertedDoublePendulum-v5,42
760000.0,9358.406,sac,InvertedDoublePendulum-v5,42
770000.0,9358.28,sac,InvertedDoublePendulum-v5,42
780000.0,9359.46,sac,InvertedDoublePendulum-v5,42
790000.0,9359.802,sac,InvertedDoublePendulum-v5,42
800000.0,9359.777,sac,InvertedDoublePendulum-v5,42
810000.0,9359.81,sac,InvertedDoublePendulum-v5,42
820000.0,9359.598,sac,InvertedDoublePendulum-v5,42
830000.0,9358.49,sac,InvertedDoublePendulum-v5,42
840000.0,9359.599,sac,InvertedDoublePendulum-v5,42
850000.0,9359.02,sac,InvertedDoublePendulum-v5,42
860000.0,9357.753,sac,InvertedDoublePendulum-v5,42
870000.0,9356.069,sac,InvertedDoublePendulum-v5,42
880000.0,9358.795,sac,InvertedDoublePendulum-v5,42
890000.0,9359.105,sac,InvertedDoublePendulum-v5,42
900000.0,9359.217,sac,InvertedDoublePendulum-v5,42
910000.0,9355.709,sac,InvertedDoublePendulum-v5,42
920000.0,9357.644,sac,InvertedDoublePendulum-v5,42
930000.0,9355.109,sac,InvertedDoublePendulum-v5,42
940000.0,9358.444,sac,InvertedDoublePendulum-v5,42
950000.0,9359.81,sac,InvertedDoublePendulum-v5,42
960000.0,9359.663,sac,InvertedDoublePendulum-v5,42
970000.0,9359.575,sac,InvertedDoublePendulum-v5,42
980000.0,9359.609,sac,InvertedDoublePendulum-v5,42
990000.0,9359.638,sac,InvertedDoublePendulum-v5,42
1000000.0,9359.917,sac,InvertedDoublePendulum-v5,42
1010000.0,9359.901,sac,InvertedDoublePendulum-v5,42
1020000.0,9359.809,sac,InvertedDoublePendulum-v5,42
1030000.0,9359.906,sac,InvertedDoublePendulum-v5,42
1040000.0,9359.226,sac,InvertedDoublePendulum-v5,42
1050000.0,9357.996,sac,InvertedDoublePendulum-v5,42
1060000.0,2584.0159,sac,InvertedDoublePendulum-v5,42
1070000.0,9358.725,sac,InvertedDoublePendulum-v5,42
1080000.0,9359.112,sac,InvertedDoublePendulum-v5,42
1090000.0,9359.417,sac,InvertedDoublePendulum-v5,42
1100000.0,9359.575,sac,InvertedDoublePendulum-v5,42
1110000.0,9359.836,sac,InvertedDoublePendulum-v5,42
1120000.0,9359.372,sac,InvertedDoublePendulum-v5,42
1130000.0,9359.83,sac,InvertedDoublePendulum-v5,42
1140000.0,9359.741,sac,InvertedDoublePendulum-v5,42
1150000.0,9356.518,sac,InvertedDoublePendulum-v5,42
1160000.0,8585.122,sac,InvertedDoublePendulum-v5,42
1170000.0,9359.806,sac,InvertedDoublePendulum-v5,42
1180000.0,9358.066,sac,InvertedDoublePendulum-v5,42
1190000.0,9359.278,sac,InvertedDoublePendulum-v5,42
1200000.0,9359.622,sac,InvertedDoublePendulum-v5,42
1210000.0,9357.673,sac,InvertedDoublePendulum-v5,42
1220000.0,9355.053,sac,InvertedDoublePendulum-v5,42
1230000.0,9357.941,sac,InvertedDoublePendulum-v5,42
1240000.0,9356.166,sac,InvertedDoublePendulum-v5,42
1250000.0,9359.678,sac,InvertedDoublePendulum-v5,42
1260000.0,9359.128,sac,InvertedDoublePendulum-v5,42
1270000.0,9359.58,sac,InvertedDoublePendulum-v5,42
1280000.0,9358.869,sac,InvertedDoublePendulum-v5,42
1290000.0,9358.516,sac,InvertedDoublePendulum-v5,42
1300000.0,9359.318,sac,InvertedDoublePendulum-v5,42
1310000.0,9359.44,sac,InvertedDoublePendulum-v5,42
1320000.0,9358.592,sac,InvertedDoublePendulum-v5,42
1330000.0,9357.826,sac,InvertedDoublePendulum-v5,42
1340000.0,9359.658,sac,InvertedDoublePendulum-v5,42
1350000.0,9358.906,sac,InvertedDoublePendulum-v5,42
1360000.0,9358.691,sac,InvertedDoublePendulum-v5,42
1370000.0,9357.956,sac,InvertedDoublePendulum-v5,42
1380000.0,9355.259,sac,InvertedDoublePendulum-v5,42
1390000.0,9357.646,sac,InvertedDoublePendulum-v5,42
1400000.0,9358.13,sac,InvertedDoublePendulum-v5,42
1410000.0,9359.553,sac,InvertedDoublePendulum-v5,42
1420000.0,9359.862,sac,InvertedDoublePendulum-v5,42
1430000.0,9357.33,sac,InvertedDoublePendulum-v5,42
1440000.0,9357.313,sac,InvertedDoublePendulum-v5,42
1450000.0,9359.7295,sac,InvertedDoublePendulum-v5,42
1460000.0,9358.22,sac,InvertedDoublePendulum-v5,42
1470000.0,9358.139,sac,InvertedDoublePendulum-v5,42
1480000.0,9359.787,sac,InvertedDoublePendulum-v5,42
1490000.0,9359.841,sac,InvertedDoublePendulum-v5,42
1500000.0,8431.664,sac,InvertedDoublePendulum-v5,42
1510000.0,9357.436,sac,InvertedDoublePendulum-v5,42
1520000.0,9358.514,sac,InvertedDoublePendulum-v5,42
1530000.0,9359.485,sac,InvertedDoublePendulum-v5,42
1540000.0,9358.939,sac,InvertedDoublePendulum-v5,42
1550000.0,9359.245,sac,InvertedDoublePendulum-v5,42
1560000.0,9359.787,sac,InvertedDoublePendulum-v5,42
1570000.0,9359.791,sac,InvertedDoublePendulum-v5,42
1580000.0,9358.192,sac,InvertedDoublePendulum-v5,42
1590000.0,9357.188,sac,InvertedDoublePendulum-v5,42
1600000.0,9357.396,sac,InvertedDoublePendulum-v5,42
1610000.0,9359.539,sac,InvertedDoublePendulum-v5,42
1620000.0,9358.615,sac,InvertedDoublePendulum-v5,42
1630000.0,9358.236,sac,InvertedDoublePendulum-v5,42
1640000.0,9359.884,sac,InvertedDoublePendulum-v5,42
1650000.0,9359.143,sac,InvertedDoublePendulum-v5,42
1660000.0,9355.855,sac,InvertedDoublePendulum-v5,42
1670000.0,9356.586,sac,InvertedDoublePendulum-v5,42
1680000.0,9359.86,sac,InvertedDoublePendulum-v5,42
1690000.0,9357.234,sac,InvertedDoublePendulum-v5,42
1700000.0,9352.789,sac,InvertedDoublePendulum-v5,42
1710000.0,9358.441,sac,InvertedDoublePendulum-v5,42
1720000.0,9359.453,sac,InvertedDoublePendulum-v5,42
1730000.0,9359.293,sac,InvertedDoublePendulum-v5,42
1740000.0,9359.455,sac,InvertedDoublePendulum-v5,42
1750000.0,9356.922,sac,InvertedDoublePendulum-v5,42
1760000.0,9358.457,sac,InvertedDoublePendulum-v5,42
1770000.0,9357.532,sac,InvertedDoublePendulum-v5,42
1780000.0,9356.809,sac,InvertedDoublePendulum-v5,42
1790000.0,9357.442,sac,InvertedDoublePendulum-v5,42
1800000.0,9358.706,sac,InvertedDoublePendulum-v5,42
1810000.0,9349.722,sac,InvertedDoublePendulum-v5,42
1820000.0,9359.711,sac,InvertedDoublePendulum-v5,42
1830000.0,9359.435,sac,InvertedDoublePendulum-v5,42
1840000.0,9358.222,sac,InvertedDoublePendulum-v5,42
1850000.0,9354.356,sac,InvertedDoublePendulum-v5,42
1860000.0,9356.999,sac,InvertedDoublePendulum-v5,42
1870000.0,9359.304,sac,InvertedDoublePendulum-v5,42
1880000.0,9359.057,sac,InvertedDoublePendulum-v5,42
1890000.0,9354.288,sac,InvertedDoublePendulum-v5,42
1900000.0,9351.876,sac,InvertedDoublePendulum-v5,42
1910000.0,997.863,sac,InvertedDoublePendulum-v5,42
1920000.0,9357.884,sac,InvertedDoublePendulum-v5,42
1930000.0,9356.071,sac,InvertedDoublePendulum-v5,42
1940000.0,9358.325,sac,InvertedDoublePendulum-v5,42
1950000.0,9357.215,sac,InvertedDoublePendulum-v5,42
1960000.0,8455.119,sac,InvertedDoublePendulum-v5,42
1970000.0,9358.25,sac,InvertedDoublePendulum-v5,42
1980000.0,9358.962,sac,InvertedDoublePendulum-v5,42
1990000.0,9359.566,sac,InvertedDoublePendulum-v5,42
2000000.0,9357.858,sac,InvertedDoublePendulum-v5,42
2010000.0,9356.441,sac,InvertedDoublePendulum-v5,42
2020000.0,7252.8193,sac,InvertedDoublePendulum-v5,42
2030000.0,9358.847,sac,InvertedDoublePendulum-v5,42
2040000.0,8456.567,sac,InvertedDoublePendulum-v5,42
2050000.0,9356.745,sac,InvertedDoublePendulum-v5,42
2060000.0,9357.049,sac,InvertedDoublePendulum-v5,42
2070000.0,9358.566,sac,InvertedDoublePendulum-v5,42
2080000.0,9357.321,sac,InvertedDoublePendulum-v5,42
2090000.0,9356.613,sac,InvertedDoublePendulum-v5,42
2100000.0,9356.817,sac,InvertedDoublePendulum-v5,42
2110000.0,9356.837,sac,InvertedDoublePendulum-v5,42
2120000.0,9356.301,sac,InvertedDoublePendulum-v5,42
2130000.0,9358.879,sac,InvertedDoublePendulum-v5,42
2140000.0,1816.7909,sac,InvertedDoublePendulum-v5,42
2150000.0,9357.303,sac,InvertedDoublePendulum-v5,42
2160000.0,9356.626,sac,InvertedDoublePendulum-v5,42
2170000.0,9358.989,sac,InvertedDoublePendulum-v5,42
2180000.0,9356.874,sac,InvertedDoublePendulum-v5,42
2190000.0,9359.4375,sac,InvertedDoublePendulum-v5,42
2200000.0,9357.01,sac,InvertedDoublePendulum-v5,42
2210000.0,9357.372,sac,InvertedDoublePendulum-v5,42
2220000.0,9359.84,sac,InvertedDoublePendulum-v5,42
2230000.0,9359.279,sac,InvertedDoublePendulum-v5,42
2240000.0,9357.513,sac,InvertedDoublePendulum-v5,42
2250000.0,9356.475,sac,InvertedDoublePendulum-v5,42
2260000.0,9356.519,sac,InvertedDoublePendulum-v5,42
2270000.0,9357.8955,sac,InvertedDoublePendulum-v5,42
2280000.0,9356.631,sac,InvertedDoublePendulum-v5,42
2290000.0,9356.174,sac,InvertedDoublePendulum-v5,42
2300000.0,9357.347,sac,InvertedDoublePendulum-v5,42
2310000.0,9358.897,sac,InvertedDoublePendulum-v5,42
2320000.0,9357.77,sac,InvertedDoublePendulum-v5,42
2330000.0,9358.284,sac,InvertedDoublePendulum-v5,42
2340000.0,9359.272,sac,InvertedDoublePendulum-v5,42
2350000.0,9356.597,sac,InvertedDoublePendulum-v5,42
2360000.0,9358.118,sac,InvertedDoublePendulum-v5,42
2370000.0,9358.44,sac,InvertedDoublePendulum-v5,42
2380000.0,9359.284,sac,InvertedDoublePendulum-v5,42
2390000.0,9359.611,sac,InvertedDoublePendulum-v5,42
2400000.0,9359.781,sac,InvertedDoublePendulum-v5,42
2410000.0,9357.064,sac,InvertedDoublePendulum-v5,42
2420000.0,9358.048,sac,InvertedDoublePendulum-v5,42
2430000.0,9359.878,sac,InvertedDoublePendulum-v5,42
2440000.0,9359.842,sac,InvertedDoublePendulum-v5,42
2450000.0,9359.807,sac,InvertedDoublePendulum-v5,42
2460000.0,9357.354,sac,InvertedDoublePendulum-v5,42
2470000.0,9359.842,sac,InvertedDoublePendulum-v5,42
2480000.0,9358.613,sac,InvertedDoublePendulum-v5,42
2490000.0,9359.845,sac,InvertedDoublePendulum-v5,42
2500000.0,9359.918,sac,InvertedDoublePendulum-v5,42
10000.0,105.7,ppo,InvertedPendulum-v5,42
20000.0,242.6,ppo,InvertedPendulum-v5,42
30000.0,1000.0,ppo,InvertedPendulum-v5,42
40000.0,1000.0,ppo,InvertedPendulum-v5,42
50000.0,1000.0,ppo,InvertedPendulum-v5,42
60000.0,1000.0,ppo,InvertedPendulum-v5,42
70000.0,1000.0,ppo,InvertedPendulum-v5,42
80000.0,1000.0,ppo,InvertedPendulum-v5,42
90000.0,1000.0,ppo,InvertedPendulum-v5,42
100000.0,1000.0,ppo,InvertedPendulum-v5,42
110000.0,1000.0,ppo,InvertedPendulum-v5,42
120000.0,1000.0,ppo,InvertedPendulum-v5,42
130000.0,1000.0,ppo,InvertedPendulum-v5,42
140000.0,1000.0,ppo,InvertedPendulum-v5,42
150000.0,1000.0,ppo,InvertedPendulum-v5,42
160000.0,1000.0,ppo,InvertedPendulum-v5,42
170000.0,1000.0,ppo,InvertedPendulum-v5,42
180000.0,1000.0,ppo,InvertedPendulum-v5,42
190000.0,1000.0,ppo,InvertedPendulum-v5,42
200000.0,1000.0,ppo,InvertedPendulum-v5,42
210000.0,1000.0,ppo,InvertedPendulum-v5,42
220000.0,1000.0,ppo,InvertedPendulum-v5,42
230000.0,1000.0,ppo,InvertedPendulum-v5,42
240000.0,1000.0,ppo,InvertedPendulum-v5,42
250000.0,1000.0,ppo,InvertedPendulum-v5,42
260000.0,1000.0,ppo,InvertedPendulum-v5,42
270000.0,1000.0,ppo,InvertedPendulum-v5,42
280000.0,1000.0,ppo,InvertedPendulum-v5,42
290000.0,1000.0,ppo,InvertedPendulum-v5,42
300000.0,1000.0,ppo,InvertedPendulum-v5,42
310000.0,1000.0,ppo,InvertedPendulum-v5,42
320000.0,1000.0,ppo,InvertedPendulum-v5,42
330000.0,1000.0,ppo,InvertedPendulum-v5,42
340000.0,1000.0,ppo,InvertedPendulum-v5,42
350000.0,1000.0,ppo,InvertedPendulum-v5,42
360000.0,1000.0,ppo,InvertedPendulum-v5,42
370000.0,1000.0,ppo,InvertedPendulum-v5,42
380000.0,1000.0,ppo,InvertedPendulum-v5,42
390000.0,1000.0,ppo,InvertedPendulum-v5,42
400000.0,1000.0,ppo,InvertedPendulum-v5,42
410000.0,1000.0,ppo,InvertedPendulum-v5,42
420000.0,1000.0,ppo,InvertedPendulum-v5,42
430000.0,1000.0,ppo,InvertedPendulum-v5,42
440000.0,1000.0,ppo,InvertedPendulum-v5,42
450000.0,1000.0,ppo,InvertedPendulum-v5,42
460000.0,1000.0,ppo,InvertedPendulum-v5,42
470000.0,1000.0,ppo,InvertedPendulum-v5,42
480000.0,1000.0,ppo,InvertedPendulum-v5,42
490000.0,1000.0,ppo,InvertedPendulum-v5,42
500000.0,1000.0,ppo,InvertedPendulum-v5,42
510000.0,1000.0,ppo,InvertedPendulum-v5,42
520000.0,1000.0,ppo,InvertedPendulum-v5,42
530000.0,1000.0,ppo,InvertedPendulum-v5,42
540000.0,1000.0,ppo,InvertedPendulum-v5,42
550000.0,1000.0,ppo,InvertedPendulum-v5,42
560000.0,1000.0,ppo,InvertedPendulum-v5,42
570000.0,1000.0,ppo,InvertedPendulum-v5,42
580000.0,1000.0,ppo,InvertedPendulum-v5,42
590000.0,1000.0,ppo,InvertedPendulum-v5,42
600000.0,1000.0,ppo,InvertedPendulum-v5,42
610000.0,1000.0,ppo,InvertedPendulum-v5,42
620000.0,1000.0,ppo,InvertedPendulum-v5,42
630000.0,1000.0,ppo,InvertedPendulum-v5,42
640000.0,1000.0,ppo,InvertedPendulum-v5,42
650000.0,1000.0,ppo,InvertedPendulum-v5,42
660000.0,1000.0,ppo,InvertedPendulum-v5,42
670000.0,1000.0,ppo,InvertedPendulum-v5,42
680000.0,1000.0,ppo,InvertedPendulum-v5,42
690000.0,1000.0,ppo,InvertedPendulum-v5,42
700000.0,1000.0,ppo,InvertedPendulum-v5,42
710000.0,1000.0,ppo,InvertedPendulum-v5,42
720000.0,1000.0,ppo,InvertedPendulum-v5,42
730000.0,1000.0,ppo,InvertedPendulum-v5,42
740000.0,1000.0,ppo,InvertedPendulum-v5,42
750000.0,1000.0,ppo,InvertedPendulum-v5,42
760000.0,1000.0,ppo,InvertedPendulum-v5,42
770000.0,1000.0,ppo,InvertedPendulum-v5,42
780000.0,1000.0,ppo,InvertedPendulum-v5,42
790000.0,1000.0,ppo,InvertedPendulum-v5,42
800000.0,1000.0,ppo,InvertedPendulum-v5,42
810000.0,1000.0,ppo,InvertedPendulum-v5,42
820000.0,1000.0,ppo,InvertedPendulum-v5,42
830000.0,1000.0,ppo,InvertedPendulum-v5,42
840000.0,1000.0,ppo,InvertedPendulum-v5,42
850000.0,1000.0,ppo,InvertedPendulum-v5,42
860000.0,1000.0,ppo,InvertedPendulum-v5,42
870000.0,1000.0,ppo,InvertedPendulum-v5,42
880000.0,1000.0,ppo,InvertedPendulum-v5,42
890000.0,1000.0,ppo,InvertedPendulum-v5,42
900000.0,1000.0,ppo,InvertedPendulum-v5,42
910000.0,1000.0,ppo,InvertedPendulum-v5,42
920000.0,1000.0,ppo,InvertedPendulum-v5,42
930000.0,1000.0,ppo,InvertedPendulum-v5,42
940000.0,1000.0,ppo,InvertedPendulum-v5,42
950000.0,1000.0,ppo,InvertedPendulum-v5,42
960000.0,1000.0,ppo,InvertedPendulum-v5,42
970000.0,1000.0,ppo,InvertedPendulum-v5,42
980000.0,1000.0,ppo,InvertedPendulum-v5,42
990000.0,1000.0,ppo,InvertedPendulum-v5,42
1000000.0,1000.0,ppo,InvertedPendulum-v5,42
1010000.0,1000.0,ppo,InvertedPendulum-v5,42
1020000.0,1000.0,ppo,InvertedPendulum-v5,42
1030000.0,1000.0,ppo,InvertedPendulum-v5,42
1040000.0,1000.0,ppo,InvertedPendulum-v5,42
1050000.0,1000.0,ppo,InvertedPendulum-v5,42
1060000.0,1000.0,ppo,InvertedPendulum-v5,42
1070000.0,1000.0,ppo,InvertedPendulum-v5,42
1080000.0,1000.0,ppo,InvertedPendulum-v5,42
1090000.0,1000.0,ppo,InvertedPendulum-v5,42
1100000.0,1000.0,ppo,InvertedPendulum-v5,42
1110000.0,1000.0,ppo,InvertedPendulum-v5,42
1120000.0,1000.0,ppo,InvertedPendulum-v5,42
1130000.0,1000.0,ppo,InvertedPendulum-v5,42
1140000.0,1000.0,ppo,InvertedPendulum-v5,42
1150000.0,1000.0,ppo,InvertedPendulum-v5,42
1160000.0,1000.0,ppo,InvertedPendulum-v5,42
1170000.0,1000.0,ppo,InvertedPendulum-v5,42
1180000.0,1000.0,ppo,InvertedPendulum-v5,42
1190000.0,1000.0,ppo,InvertedPendulum-v5,42
1200000.0,1000.0,ppo,InvertedPendulum-v5,42
1210000.0,1000.0,ppo,InvertedPendulum-v5,42
1220000.0,1000.0,ppo,InvertedPendulum-v5,42
1230000.0,1000.0,ppo,InvertedPendulum-v5,42
1240000.0,1000.0,ppo,InvertedPendulum-v5,42
1250000.0,1000.0,ppo,InvertedPendulum-v5,42
1260000.0,1000.0,ppo,InvertedPendulum-v5,42
1270000.0,1000.0,ppo,InvertedPendulum-v5,42
1280000.0,1000.0,ppo,InvertedPendulum-v5,42
1290000.0,1000.0,ppo,InvertedPendulum-v5,42
1300000.0,1000.0,ppo,InvertedPendulum-v5,42
1310000.0,1000.0,ppo,InvertedPendulum-v5,42
1320000.0,1000.0,ppo,InvertedPendulum-v5,42
1330000.0,1000.0,ppo,InvertedPendulum-v5,42
1340000.0,1000.0,ppo,InvertedPendulum-v5,42
1350000.0,1000.0,ppo,InvertedPendulum-v5,42
1360000.0,1000.0,ppo,InvertedPendulum-v5,42
1370000.0,1000.0,ppo,InvertedPendulum-v5,42
1380000.0,1000.0,ppo,InvertedPendulum-v5,42
1390000.0,1000.0,ppo,InvertedPendulum-v5,42
1400000.0,1000.0,ppo,InvertedPendulum-v5,42
1410000.0,1000.0,ppo,InvertedPendulum-v5,42
1420000.0,1000.0,ppo,InvertedPendulum-v5,42
1430000.0,1000.0,ppo,InvertedPendulum-v5,42
1440000.0,1000.0,ppo,InvertedPendulum-v5,42
1450000.0,1000.0,ppo,InvertedPendulum-v5,42
1460000.0,1000.0,ppo,InvertedPendulum-v5,42
1470000.0,1000.0,ppo,InvertedPendulum-v5,42
1480000.0,1000.0,ppo,InvertedPendulum-v5,42
1490000.0,1000.0,ppo,InvertedPendulum-v5,42
1500000.0,1000.0,ppo,InvertedPendulum-v5,42
1510000.0,1000.0,ppo,InvertedPendulum-v5,42
1520000.0,1000.0,ppo,InvertedPendulum-v5,42
1530000.0,1000.0,ppo,InvertedPendulum-v5,42
1540000.0,1000.0,ppo,InvertedPendulum-v5,42
1550000.0,1000.0,ppo,InvertedPendulum-v5,42
1560000.0,1000.0,ppo,InvertedPendulum-v5,42
1570000.0,1000.0,ppo,InvertedPendulum-v5,42
1580000.0,1000.0,ppo,InvertedPendulum-v5,42
1590000.0,1000.0,ppo,InvertedPendulum-v5,42
1600000.0,1000.0,ppo,InvertedPendulum-v5,42
1610000.0,1000.0,ppo,InvertedPendulum-v5,42
1620000.0,1000.0,ppo,InvertedPendulum-v5,42
1630000.0,1000.0,ppo,InvertedPendulum-v5,42
1640000.0,1000.0,ppo,InvertedPendulum-v5,42
1650000.0,1000.0,ppo,InvertedPendulum-v5,42
1660000.0,1000.0,ppo,InvertedPendulum-v5,42
1670000.0,1000.0,ppo,InvertedPendulum-v5,42
1680000.0,1000.0,ppo,InvertedPendulum-v5,42
1690000.0,1000.0,ppo,InvertedPendulum-v5,42
1700000.0,1000.0,ppo,InvertedPendulum-v5,42
1710000.0,1000.0,ppo,InvertedPendulum-v5,42
1720000.0,1000.0,ppo,InvertedPendulum-v5,42
1730000.0,1000.0,ppo,InvertedPendulum-v5,42
1740000.0,1000.0,ppo,InvertedPendulum-v5,42
1750000.0,1000.0,ppo,InvertedPendulum-v5,42
1760000.0,1000.0,ppo,InvertedPendulum-v5,42
1770000.0,1000.0,ppo,InvertedPendulum-v5,42
1780000.0,1000.0,ppo,InvertedPendulum-v5,42
1790000.0,1000.0,ppo,InvertedPendulum-v5,42
1800000.0,1000.0,ppo,InvertedPendulum-v5,42
1810000.0,970.0,ppo,InvertedPendulum-v5,42
1820000.0,1000.0,ppo,InvertedPendulum-v5,42
1830000.0,1000.0,ppo,InvertedPendulum-v5,42
1840000.0,1000.0,ppo,InvertedPendulum-v5,42
1850000.0,1000.0,ppo,InvertedPendulum-v5,42
1860000.0,1000.0,ppo,InvertedPendulum-v5,42
1870000.0,1000.0,ppo,InvertedPendulum-v5,42
1880000.0,1000.0,ppo,InvertedPendulum-v5,42
1890000.0,1000.0,ppo,InvertedPendulum-v5,42
1900000.0,1000.0,ppo,InvertedPendulum-v5,42
1910000.0,1000.0,ppo,InvertedPendulum-v5,42
1920000.0,1000.0,ppo,InvertedPendulum-v5,42
1930000.0,1000.0,ppo,InvertedPendulum-v5,42
1940000.0,1000.0,ppo,InvertedPendulum-v5,42
1950000.0,1000.0,ppo,InvertedPendulum-v5,42
1960000.0,1000.0,ppo,InvertedPendulum-v5,42
1970000.0,1000.0,ppo,InvertedPendulum-v5,42
1980000.0,1000.0,ppo,InvertedPendulum-v5,42
1990000.0,1000.0,ppo,InvertedPendulum-v5,42
2000000.0,1000.0,ppo,InvertedPendulum-v5,42
2010000.0,1000.0,ppo,InvertedPendulum-v5,42
2020000.0,1000.0,ppo,InvertedPendulum-v5,42
2030000.0,1000.0,ppo,InvertedPendulum-v5,42
2040000.0,1000.0,ppo,InvertedPendulum-v5,42
2050000.0,1000.0,ppo,InvertedPendulum-v5,42
2060000.0,1000.0,ppo,InvertedPendulum-v5,42
2070000.0,1000.0,ppo,InvertedPendulum-v5,42
2080000.0,1000.0,ppo,InvertedPendulum-v5,42
2090000.0,1000.0,ppo,InvertedPendulum-v5,42
2100000.0,1000.0,ppo,InvertedPendulum-v5,42
2110000.0,1000.0,ppo,InvertedPendulum-v5,42
2120000.0,1000.0,ppo,InvertedPendulum-v5,42
2130000.0,1000.0,ppo,InvertedPendulum-v5,42
2140000.0,1000.0,ppo,InvertedPendulum-v5,42
2150000.0,1000.0,ppo,InvertedPendulum-v5,42
2160000.0,1000.0,ppo,InvertedPendulum-v5,42
2170000.0,1000.0,ppo,InvertedPendulum-v5,42
2180000.0,1000.0,ppo,InvertedPendulum-v5,42
2190000.0,1000.0,ppo,InvertedPendulum-v5,42
2200000.0,1000.0,ppo,InvertedPendulum-v5,42
2210000.0,1000.0,ppo,InvertedPendulum-v5,42
2220000.0,1000.0,ppo,InvertedPendulum-v5,42
2230000.0,1000.0,ppo,InvertedPendulum-v5,42
2240000.0,1000.0,ppo,InvertedPendulum-v5,42
2250000.0,1000.0,ppo,InvertedPendulum-v5,42
2260000.0,1000.0,ppo,InvertedPendulum-v5,42
2270000.0,1000.0,ppo,InvertedPendulum-v5,42
2280000.0,1000.0,ppo,InvertedPendulum-v5,42
2290000.0,1000.0,ppo,InvertedPendulum-v5,42
2300000.0,1000.0,ppo,InvertedPendulum-v5,42
2310000.0,1000.0,ppo,InvertedPendulum-v5,42
2320000.0,1000.0,ppo,InvertedPendulum-v5,42
2330000.0,1000.0,ppo,InvertedPendulum-v5,42
2340000.0,1000.0,ppo,InvertedPendulum-v5,42
2350000.0,1000.0,ppo,InvertedPendulum-v5,42
2360000.0,1000.0,ppo,InvertedPendulum-v5,42
2370000.0,1000.0,ppo,InvertedPendulum-v5,42
2380000.0,1000.0,ppo,InvertedPendulum-v5,42
2390000.0,1000.0,ppo,InvertedPendulum-v5,42
2400000.0,1000.0,ppo,InvertedPendulum-v5,42
2410000.0,1000.0,ppo,InvertedPendulum-v5,42
2420000.0,1000.0,ppo,InvertedPendulum-v5,42
2430000.0,1000.0,ppo,InvertedPendulum-v5,42
2440000.0,1000.0,ppo,InvertedPendulum-v5,42
2450000.0,1000.0,ppo,InvertedPendulum-v5,42
2460000.0,1000.0,ppo,InvertedPendulum-v5,42
2470000.0,1000.0,ppo,InvertedPendulum-v5,42
2480000.0,1000.0,ppo,InvertedPendulum-v5,42
2490000.0,1000.0,ppo,InvertedPendulum-v5,42
2500000.0,1000.0,ppo,InvertedPendulum-v5,42
10000.0,105.4,td3,InvertedPendulum-v5,42
20000.0,1000.0,td3,InvertedPendulum-v5,42
30000.0,1000.0,td3,InvertedPendulum-v5,42
40000.0,1000.0,td3,InvertedPendulum-v5,42
50000.0,1000.0,td3,InvertedPendulum-v5,42
60000.0,1000.0,td3,InvertedPendulum-v5,42
70000.0,1000.0,td3,InvertedPendulum-v5,42
80000.0,1000.0,td3,InvertedPendulum-v5,42
90000.0,1000.0,td3,InvertedPendulum-v5,42
100000.0,1000.0,td3,InvertedPendulum-v5,42
110000.0,1000.0,td3,InvertedPendulum-v5,42
120000.0,1000.0,td3,InvertedPendulum-v5,42
130000.0,1000.0,td3,InvertedPendulum-v5,42
140000.0,1000.0,td3,InvertedPendulum-v5,42
150000.0,1000.0,td3,InvertedPendulum-v5,42
160000.0,1000.0,td3,InvertedPendulum-v5,42
170000.0,1000.0,td3,InvertedPendulum-v5,42
180000.0,1000.0,td3,InvertedPendulum-v5,42
190000.0,1000.0,td3,InvertedPendulum-v5,42
200000.0,1000.0,td3,InvertedPendulum-v5,42
210000.0,1000.0,td3,InvertedPendulum-v5,42
220000.0,1000.0,td3,InvertedPendulum-v5,42
230000.0,1000.0,td3,InvertedPendulum-v5,42
240000.0,1000.0,td3,InvertedPendulum-v5,42
250000.0,1000.0,td3,InvertedPendulum-v5,42
260000.0,1000.0,td3,InvertedPendulum-v5,42
270000.0,1000.0,td3,InvertedPendulum-v5,42
280000.0,1000.0,td3,InvertedPendulum-v5,42
290000.0,1000.0,td3,InvertedPendulum-v5,42
300000.0,1000.0,td3,InvertedPendulum-v5,42
310000.0,1000.0,td3,InvertedPendulum-v5,42
320000.0,1000.0,td3,InvertedPendulum-v5,42
330000.0,1000.0,td3,InvertedPendulum-v5,42
340000.0,1000.0,td3,InvertedPendulum-v5,42
350000.0,1000.0,td3,InvertedPendulum-v5,42
360000.0,1000.0,td3,InvertedPendulum-v5,42
370000.0,1000.0,td3,InvertedPendulum-v5,42
380000.0,1000.0,td3,InvertedPendulum-v5,42
390000.0,1000.0,td3,InvertedPendulum-v5,42
400000.0,1000.0,td3,InvertedPendulum-v5,42
410000.0,369.7,td3,InvertedPendulum-v5,42
420000.0,1000.0,td3,InvertedPendulum-v5,42
430000.0,1000.0,td3,InvertedPendulum-v5,42
440000.0,1000.0,td3,InvertedPendulum-v5,42
450000.0,1000.0,td3,InvertedPendulum-v5,42
460000.0,1000.0,td3,InvertedPendulum-v5,42
470000.0,1000.0,td3,InvertedPendulum-v5,42
480000.0,1000.0,td3,InvertedPendulum-v5,42
490000.0,1000.0,td3,InvertedPendulum-v5,42
500000.0,900.5,td3,InvertedPendulum-v5,42
510000.0,1000.0,td3,InvertedPendulum-v5,42
520000.0,1000.0,td3,InvertedPendulum-v5,42
530000.0,1000.0,td3,InvertedPendulum-v5,42
540000.0,1000.0,td3,InvertedPendulum-v5,42
550000.0,1000.0,td3,InvertedPendulum-v5,42
560000.0,1000.0,td3,InvertedPendulum-v5,42
570000.0,1000.0,td3,InvertedPendulum-v5,42
580000.0,136.2,td3,InvertedPendulum-v5,42
590000.0,1000.0,td3,InvertedPendulum-v5,42
600000.0,222.3,td3,InvertedPendulum-v5,42
610000.0,1000.0,td3,InvertedPendulum-v5,42
620000.0,1000.0,td3,InvertedPendulum-v5,42
630000.0,1000.0,td3,InvertedPendulum-v5,42
640000.0,1000.0,td3,InvertedPendulum-v5,42
650000.0,1000.0,td3,InvertedPendulum-v5,42
660000.0,78.8,td3,InvertedPendulum-v5,42
670000.0,1000.0,td3,InvertedPendulum-v5,42
680000.0,1000.0,td3,InvertedPendulum-v5,42
690000.0,1000.0,td3,InvertedPendulum-v5,42
700000.0,1000.0,td3,InvertedPendulum-v5,42
710000.0,1000.0,td3,InvertedPendulum-v5,42
720000.0,1000.0,td3,InvertedPendulum-v5,42
730000.0,1000.0,td3,InvertedPendulum-v5,42
740000.0,1000.0,td3,InvertedPendulum-v5,42
750000.0,1000.0,td3,InvertedPendulum-v5,42
760000.0,1000.0,td3,InvertedPendulum-v5,42
770000.0,1000.0,td3,InvertedPendulum-v5,42
780000.0,1000.0,td3,InvertedPendulum-v5,42
790000.0,1000.0,td3,InvertedPendulum-v5,42
800000.0,1000.0,td3,InvertedPendulum-v5,42
810000.0,1000.0,td3,InvertedPendulum-v5,42
820000.0,1000.0,td3,InvertedPendulum-v5,42
830000.0,1000.0,td3,InvertedPendulum-v5,42
840000.0,1000.0,td3,InvertedPendulum-v5,42
850000.0,1000.0,td3,InvertedPendulum-v5,42
860000.0,1000.0,td3,InvertedPendulum-v5,42
870000.0,1000.0,td3,InvertedPendulum-v5,42
880000.0,1000.0,td3,InvertedPendulum-v5,42
890000.0,1000.0,td3,InvertedPendulum-v5,42
900000.0,1000.0,td3,InvertedPendulum-v5,42
910000.0,1000.0,td3,InvertedPendulum-v5,42
920000.0,1000.0,td3,InvertedPendulum-v5,42
930000.0,1000.0,td3,InvertedPendulum-v5,42
940000.0,1000.0,td3,InvertedPendulum-v5,42
950000.0,1000.0,td3,InvertedPendulum-v5,42
960000.0,1000.0,td3,InvertedPendulum-v5,42
970000.0,1000.0,td3,InvertedPendulum-v5,42
980000.0,1000.0,td3,InvertedPendulum-v5,42
990000.0,1000.0,td3,InvertedPendulum-v5,42
1000000.0,1000.0,td3,InvertedPendulum-v5,42
1010000.0,1000.0,td3,InvertedPendulum-v5,42
1020000.0,1000.0,td3,InvertedPendulum-v5,42
1030000.0,1000.0,td3,InvertedPendulum-v5,42
1040000.0,1000.0,td3,InvertedPendulum-v5,42
1050000.0,1000.0,td3,InvertedPendulum-v5,42
1060000.0,1000.0,td3,InvertedPendulum-v5,42
1070000.0,1000.0,td3,InvertedPendulum-v5,42
1080000.0,1000.0,td3,InvertedPendulum-v5,42
1090000.0,1000.0,td3,InvertedPendulum-v5,42
1100000.0,1000.0,td3,InvertedPendulum-v5,42
1110000.0,1000.0,td3,InvertedPendulum-v5,42
1120000.0,1000.0,td3,InvertedPendulum-v5,42
1130000.0,1000.0,td3,InvertedPendulum-v5,42
1140000.0,1000.0,td3,InvertedPendulum-v5,42
1150000.0,1000.0,td3,InvertedPendulum-v5,42
1160000.0,1000.0,td3,InvertedPendulum-v5,42
1170000.0,1000.0,td3,InvertedPendulum-v5,42
1180000.0,1000.0,td3,InvertedPendulum-v5,42
1190000.0,1000.0,td3,InvertedPendulum-v5,42
1200000.0,1000.0,td3,InvertedPendulum-v5,42
1210000.0,1000.0,td3,InvertedPendulum-v5,42
1220000.0,1000.0,td3,InvertedPendulum-v5,42
1230000.0,1000.0,td3,InvertedPendulum-v5,42
1240000.0,1000.0,td3,InvertedPendulum-v5,42
1250000.0,1000.0,td3,InvertedPendulum-v5,42
1260000.0,1000.0,td3,InvertedPendulum-v5,42
1270000.0,1000.0,td3,InvertedPendulum-v5,42
1280000.0,1000.0,td3,InvertedPendulum-v5,42
1290000.0,1000.0,td3,InvertedPendulum-v5,42
1300000.0,1000.0,td3,InvertedPendulum-v5,42
1310000.0,1000.0,td3,InvertedPendulum-v5,42
1320000.0,212.4,td3,InvertedPendulum-v5,42
1330000.0,1000.0,td3,InvertedPendulum-v5,42
1340000.0,1000.0,td3,InvertedPendulum-v5,42
1350000.0,1000.0,td3,InvertedPendulum-v5,42
1360000.0,1000.0,td3,InvertedPendulum-v5,42
1370000.0,1000.0,td3,InvertedPendulum-v5,42
1380000.0,1000.0,td3,InvertedPendulum-v5,42
1390000.0,1000.0,td3,InvertedPendulum-v5,42
1400000.0,1000.0,td3,InvertedPendulum-v5,42
1410000.0,1000.0,td3,InvertedPendulum-v5,42
1420000.0,1000.0,td3,InvertedPendulum-v5,42
1430000.0,1000.0,td3,InvertedPendulum-v5,42
1440000.0,1000.0,td3,InvertedPendulum-v5,42
1450000.0,1000.0,td3,InvertedPendulum-v5,42
1460000.0,1000.0,td3,InvertedPendulum-v5,42
1470000.0,1000.0,td3,InvertedPendulum-v5,42
1480000.0,1000.0,td3,InvertedPendulum-v5,42
1490000.0,1000.0,td3,InvertedPendulum-v5,42
1500000.0,1000.0,td3,InvertedPendulum-v5,42
1510000.0,261.7,td3,InvertedPendulum-v5,42
1520000.0,1000.0,td3,InvertedPendulum-v5,42
1530000.0,1000.0,td3,InvertedPendulum-v5,42
1540000.0,1000.0,td3,InvertedPendulum-v5,42
1550000.0,1000.0,td3,InvertedPendulum-v5,42
1560000.0,1000.0,td3,InvertedPendulum-v5,42
1570000.0,1000.0,td3,InvertedPendulum-v5,42
1580000.0,1000.0,td3,InvertedPendulum-v5,42
1590000.0,1000.0,td3,InvertedPendulum-v5,42
1600000.0,1000.0,td3,InvertedPendulum-v5,42
1610000.0,1000.0,td3,InvertedPendulum-v5,42
1620000.0,1000.0,td3,InvertedPendulum-v5,42
1630000.0,1000.0,td3,InvertedPendulum-v5,42
1640000.0,1000.0,td3,InvertedPendulum-v5,42
1650000.0,1000.0,td3,InvertedPendulum-v5,42
1660000.0,1000.0,td3,InvertedPendulum-v5,42
1670000.0,1000.0,td3,InvertedPendulum-v5,42
1680000.0,1000.0,td3,InvertedPendulum-v5,42
1690000.0,1000.0,td3,InvertedPendulum-v5,42
1700000.0,1000.0,td3,InvertedPendulum-v5,42
1710000.0,1000.0,td3,InvertedPendulum-v5,42
1720000.0,1000.0,td3,InvertedPendulum-v5,42
1730000.0,1000.0,td3,InvertedPendulum-v5,42
1740000.0,1000.0,td3,InvertedPendulum-v5,42
1750000.0,1000.0,td3,InvertedPendulum-v5,42
1760000.0,1000.0,td3,InvertedPendulum-v5,42
1770000.0,1000.0,td3,InvertedPendulum-v5,42
1780000.0,1000.0,td3,InvertedPendulum-v5,42
1790000.0,1000.0,td3,InvertedPendulum-v5,42
1800000.0,1000.0,td3,InvertedPendulum-v5,42
1810000.0,1000.0,td3,InvertedPendulum-v5,42
1820000.0,1000.0,td3,InvertedPendulum-v5,42
1830000.0,1000.0,td3,InvertedPendulum-v5,42
1840000.0,1000.0,td3,InvertedPendulum-v5,42
1850000.0,1000.0,td3,InvertedPendulum-v5,42
1860000.0,1000.0,td3,InvertedPendulum-v5,42
1870000.0,1000.0,td3,InvertedPendulum-v5,42
1880000.0,1000.0,td3,InvertedPendulum-v5,42
1890000.0,1000.0,td3,InvertedPendulum-v5,42
1900000.0,1000.0,td3,InvertedPendulum-v5,42
1910000.0,1000.0,td3,InvertedPendulum-v5,42
1920000.0,1000.0,td3,InvertedPendulum-v5,42
1930000.0,1000.0,td3,InvertedPendulum-v5,42
1940000.0,1000.0,td3,InvertedPendulum-v5,42
1950000.0,401.8,td3,InvertedPendulum-v5,42
1960000.0,1000.0,td3,InvertedPendulum-v5,42
1970000.0,1000.0,td3,InvertedPendulum-v5,42
1980000.0,1000.0,td3,InvertedPendulum-v5,42
1990000.0,1000.0,td3,InvertedPendulum-v5,42
2000000.0,1000.0,td3,InvertedPendulum-v5,42
2010000.0,1000.0,td3,InvertedPendulum-v5,42
2020000.0,1000.0,td3,InvertedPendulum-v5,42
2030000.0,1000.0,td3,InvertedPendulum-v5,42
2040000.0,1000.0,td3,InvertedPendulum-v5,42
2050000.0,1000.0,td3,InvertedPendulum-v5,42
2060000.0,1000.0,td3,InvertedPendulum-v5,42
2070000.0,1000.0,td3,InvertedPendulum-v5,42
2080000.0,1000.0,td3,InvertedPendulum-v5,42
2090000.0,1000.0,td3,InvertedPendulum-v5,42
2100000.0,1000.0,td3,InvertedPendulum-v5,42
2110000.0,1000.0,td3,InvertedPendulum-v5,42
2120000.0,1000.0,td3,InvertedPendulum-v5,42
2130000.0,1000.0,td3,InvertedPendulum-v5,42
2140000.0,1000.0,td3,InvertedPendulum-v5,42
2150000.0,1000.0,td3,InvertedPendulum-v5,42
2160000.0,1000.0,td3,InvertedPendulum-v5,42
2170000.0,1000.0,td3,InvertedPendulum-v5,42
2180000.0,1000.0,td3,InvertedPendulum-v5,42
2190000.0,1000.0,td3,InvertedPendulum-v5,42
2200000.0,1000.0,td3,InvertedPendulum-v5,42
2210000.0,1000.0,td3,InvertedPendulum-v5,42
2220000.0,1000.0,td3,InvertedPendulum-v5,42
2230000.0,1000.0,td3,InvertedPendulum-v5,42
2240000.0,1000.0,td3,InvertedPendulum-v5,42
2250000.0,1000.0,td3,InvertedPendulum-v5,42
2260000.0,1000.0,td3,InvertedPendulum-v5,42
2270000.0,1000.0,td3,InvertedPendulum-v5,42
2280000.0,1000.0,td3,InvertedPendulum-v5,42
2290000.0,1000.0,td3,InvertedPendulum-v5,42
2300000.0,1000.0,td3,InvertedPendulum-v5,42
2310000.0,1000.0,td3,InvertedPendulum-v5,42
2320000.0,1000.0,td3,InvertedPendulum-v5,42
2330000.0,1000.0,td3,InvertedPendulum-v5,42
2340000.0,1000.0,td3,InvertedPendulum-v5,42
2350000.0,1000.0,td3,InvertedPendulum-v5,42
2360000.0,1000.0,td3,InvertedPendulum-v5,42
2370000.0,1000.0,td3,InvertedPendulum-v5,42
2380000.0,1000.0,td3,InvertedPendulum-v5,42
2390000.0,1000.0,td3,InvertedPendulum-v5,42
2400000.0,1000.0,td3,InvertedPendulum-v5,42
2410000.0,1000.0,td3,InvertedPendulum-v5,42
2420000.0,1000.0,td3,InvertedPendulum-v5,42
2430000.0,1000.0,td3,InvertedPendulum-v5,42
2440000.0,1000.0,td3,InvertedPendulum-v5,42
2450000.0,1000.0,td3,InvertedPendulum-v5,42
2460000.0,1000.0,td3,InvertedPendulum-v5,42
2470000.0,1000.0,td3,InvertedPendulum-v5,42
2480000.0,1000.0,td3,InvertedPendulum-v5,42
2490000.0,1000.0,td3,InvertedPendulum-v5,42
2500000.0,1000.0,td3,InvertedPendulum-v5,42
10000.0,8.6,sac,InvertedPendulum-v5,42
20000.0,106.4,sac,InvertedPendulum-v5,42
30000.0,1000.0,sac,InvertedPendulum-v5,42
40000.0,1000.0,sac,InvertedPendulum-v5,42
50000.0,1000.0,sac,InvertedPendulum-v5,42
60000.0,1000.0,sac,InvertedPendulum-v5,42
70000.0,1000.0,sac,InvertedPendulum-v5,42
80000.0,1000.0,sac,InvertedPendulum-v5,42
90000.0,1000.0,sac,InvertedPendulum-v5,42
100000.0,1000.0,sac,InvertedPendulum-v5,42
110000.0,1000.0,sac,InvertedPendulum-v5,42
120000.0,1000.0,sac,InvertedPendulum-v5,42
130000.0,1000.0,sac,InvertedPendulum-v5,42
140000.0,1000.0,sac,InvertedPendulum-v5,42
150000.0,1000.0,sac,InvertedPendulum-v5,42
160000.0,1000.0,sac,InvertedPendulum-v5,42
170000.0,1000.0,sac,InvertedPendulum-v5,42
180000.0,1000.0,sac,InvertedPendulum-v5,42
190000.0,1000.0,sac,InvertedPendulum-v5,42
200000.0,1000.0,sac,InvertedPendulum-v5,42
210000.0,1000.0,sac,InvertedPendulum-v5,42
220000.0,1000.0,sac,InvertedPendulum-v5,42
230000.0,1000.0,sac,InvertedPendulum-v5,42
240000.0,1000.0,sac,InvertedPendulum-v5,42
250000.0,1000.0,sac,InvertedPendulum-v5,42
260000.0,1000.0,sac,InvertedPendulum-v5,42
270000.0,1000.0,sac,InvertedPendulum-v5,42
280000.0,1000.0,sac,InvertedPendulum-v5,42
290000.0,1000.0,sac,InvertedPendulum-v5,42
300000.0,1000.0,sac,InvertedPendulum-v5,42
310000.0,1000.0,sac,InvertedPendulum-v5,42
320000.0,1000.0,sac,InvertedPendulum-v5,42
330000.0,1000.0,sac,InvertedPendulum-v5,42
340000.0,1000.0,sac,InvertedPendulum-v5,42
350000.0,1000.0,sac,InvertedPendulum-v5,42
360000.0,1000.0,sac,InvertedPendulum-v5,42
370000.0,1000.0,sac,InvertedPendulum-v5,42
380000.0,1000.0,sac,InvertedPendulum-v5,42
390000.0,1000.0,sac,InvertedPendulum-v5,42
400000.0,1000.0,sac,InvertedPendulum-v5,42
410000.0,1000.0,sac,InvertedPendulum-v5,42
420000.0,1000.0,sac,InvertedPendulum-v5,42
430000.0,1000.0,sac,InvertedPendulum-v5,42
440000.0,1000.0,sac,InvertedPendulum-v5,42
450000.0,1000.0,sac,InvertedPendulum-v5,42
460000.0,1000.0,sac,InvertedPendulum-v5,42
470000.0,1000.0,sac,InvertedPendulum-v5,42
480000.0,1000.0,sac,InvertedPendulum-v5,42
490000.0,1000.0,sac,InvertedPendulum-v5,42
500000.0,1000.0,sac,InvertedPendulum-v5,42
510000.0,1000.0,sac,InvertedPendulum-v5,42
520000.0,1000.0,sac,InvertedPendulum-v5,42
530000.0,1000.0,sac,InvertedPendulum-v5,42
540000.0,1000.0,sac,InvertedPendulum-v5,42
550000.0,1000.0,sac,InvertedPendulum-v5,42
560000.0,164.7,sac,InvertedPendulum-v5,42
570000.0,1000.0,sac,InvertedPendulum-v5,42
580000.0,1000.0,sac,InvertedPendulum-v5,42
590000.0,1000.0,sac,InvertedPendulum-v5,42
600000.0,1000.0,sac,InvertedPendulum-v5,42
610000.0,1000.0,sac,InvertedPendulum-v5,42
620000.0,1000.0,sac,InvertedPendulum-v5,42
630000.0,1000.0,sac,InvertedPendulum-v5,42
640000.0,1000.0,sac,InvertedPendulum-v5,42
650000.0,1000.0,sac,InvertedPendulum-v5,42
660000.0,1000.0,sac,InvertedPendulum-v5,42
670000.0,1000.0,sac,InvertedPendulum-v5,42
680000.0,1000.0,sac,InvertedPendulum-v5,42
690000.0,1000.0,sac,InvertedPendulum-v5,42
700000.0,1000.0,sac,InvertedPendulum-v5,42
710000.0,1000.0,sac,InvertedPendulum-v5,42
720000.0,1000.0,sac,InvertedPendulum-v5,42
730000.0,1000.0,sac,InvertedPendulum-v5,42
740000.0,1000.0,sac,InvertedPendulum-v5,42
750000.0,1000.0,sac,InvertedPendulum-v5,42
760000.0,1000.0,sac,InvertedPendulum-v5,42
770000.0,1000.0,sac,InvertedPendulum-v5,42
780000.0,1000.0,sac,InvertedPendulum-v5,42
790000.0,1000.0,sac,InvertedPendulum-v5,42
800000.0,1000.0,sac,InvertedPendulum-v5,42
810000.0,1000.0,sac,InvertedPendulum-v5,42
820000.0,1000.0,sac,InvertedPendulum-v5,42
830000.0,118.8,sac,InvertedPendulum-v5,42
840000.0,1000.0,sac,InvertedPendulum-v5,42
850000.0,1000.0,sac,InvertedPendulum-v5,42
860000.0,1000.0,sac,InvertedPendulum-v5,42
870000.0,1000.0,sac,InvertedPendulum-v5,42
880000.0,1000.0,sac,InvertedPendulum-v5,42
890000.0,1000.0,sac,InvertedPendulum-v5,42
900000.0,1000.0,sac,InvertedPendulum-v5,42
910000.0,1000.0,sac,InvertedPendulum-v5,42
920000.0,1000.0,sac,InvertedPendulum-v5,42
930000.0,1000.0,sac,InvertedPendulum-v5,42
940000.0,1000.0,sac,InvertedPendulum-v5,42
950000.0,1000.0,sac,InvertedPendulum-v5,42
960000.0,1000.0,sac,InvertedPendulum-v5,42
970000.0,1000.0,sac,InvertedPendulum-v5,42
980000.0,1000.0,sac,InvertedPendulum-v5,42
990000.0,68.6,sac,InvertedPendulum-v5,42
1000000.0,1000.0,sac,InvertedPendulum-v5,42
1010000.0,1000.0,sac,InvertedPendulum-v5,42
1020000.0,1000.0,sac,InvertedPendulum-v5,42
1030000.0,1000.0,sac,InvertedPendulum-v5,42
1040000.0,1000.0,sac,InvertedPendulum-v5,42
1050000.0,1000.0,sac,InvertedPendulum-v5,42
1060000.0,1000.0,sac,InvertedPendulum-v5,42
1070000.0,1000.0,sac,InvertedPendulum-v5,42
1080000.0,1000.0,sac,InvertedPendulum-v5,42
1090000.0,1000.0,sac,InvertedPendulum-v5,42
1100000.0,1000.0,sac,InvertedPendulum-v5,42
1110000.0,1000.0,sac,InvertedPendulum-v5,42
1120000.0,1000.0,sac,InvertedPendulum-v5,42
1130000.0,1000.0,sac,InvertedPendulum-v5,42
1140000.0,1000.0,sac,InvertedPendulum-v5,42
1150000.0,1000.0,sac,InvertedPendulum-v5,42
1160000.0,1000.0,sac,InvertedPendulum-v5,42
1170000.0,1000.0,sac,InvertedPendulum-v5,42
1180000.0,1000.0,sac,InvertedPendulum-v5,42
1190000.0,1000.0,sac,InvertedPendulum-v5,42
1200000.0,1000.0,sac,InvertedPendulum-v5,42
1210000.0,1000.0,sac,InvertedPendulum-v5,42
1220000.0,1000.0,sac,InvertedPendulum-v5,42
1230000.0,1000.0,sac,InvertedPendulum-v5,42
1240000.0,1000.0,sac,InvertedPendulum-v5,42
1250000.0,1000.0,sac,InvertedPendulum-v5,42
1260000.0,1000.0,sac,InvertedPendulum-v5,42
1270000.0,1000.0,sac,InvertedPendulum-v5,42
1280000.0,1000.0,sac,InvertedPendulum-v5,42
1290000.0,1000.0,sac,InvertedPendulum-v5,42
1300000.0,1000.0,sac,InvertedPendulum-v5,42
1310000.0,1000.0,sac,InvertedPendulum-v5,42
1320000.0,1000.0,sac,InvertedPendulum-v5,42
1330000.0,1000.0,sac,InvertedPendulum-v5,42
1340000.0,1000.0,sac,InvertedPendulum-v5,42
1350000.0,1000.0,sac,InvertedPendulum-v5,42
1360000.0,1000.0,sac,InvertedPendulum-v5,42
1370000.0,1000.0,sac,InvertedPendulum-v5,42
1380000.0,1000.0,sac,InvertedPendulum-v5,42
1390000.0,1000.0,sac,InvertedPendulum-v5,42
1400000.0,1000.0,sac,InvertedPendulum-v5,42
1410000.0,1000.0,sac,InvertedPendulum-v5,42
1420000.0,1000.0,sac,InvertedPendulum-v5,42
1430000.0,1000.0,sac,InvertedPendulum-v5,42
1440000.0,1000.0,sac,InvertedPendulum-v5,42
1450000.0,1000.0,sac,InvertedPendulum-v5,42
1460000.0,1000.0,sac,InvertedPendulum-v5,42
1470000.0,1000.0,sac,InvertedPendulum-v5,42
1480000.0,913.6,sac,InvertedPendulum-v5,42
1490000.0,1000.0,sac,InvertedPendulum-v5,42
1500000.0,1000.0,sac,InvertedPendulum-v5,42
1510000.0,1000.0,sac,InvertedPendulum-v5,42
1520000.0,1000.0,sac,InvertedPendulum-v5,42
1530000.0,1000.0,sac,InvertedPendulum-v5,42
1540000.0,1000.0,sac,InvertedPendulum-v5,42
1550000.0,1000.0,sac,InvertedPendulum-v5,42
1560000.0,1000.0,sac,InvertedPendulum-v5,42
1570000.0,1000.0,sac,InvertedPendulum-v5,42
1580000.0,1000.0,sac,InvertedPendulum-v5,42
1590000.0,1000.0,sac,InvertedPendulum-v5,42
1600000.0,1000.0,sac,InvertedPendulum-v5,42
1610000.0,1000.0,sac,InvertedPendulum-v5,42
1620000.0,1000.0,sac,InvertedPendulum-v5,42
1630000.0,1000.0,sac,InvertedPendulum-v5,42
1640000.0,1000.0,sac,InvertedPendulum-v5,42
1650000.0,1000.0,sac,InvertedPendulum-v5,42
1660000.0,1000.0,sac,InvertedPendulum-v5,42
1670000.0,1000.0,sac,InvertedPendulum-v5,42
1680000.0,1000.0,sac,InvertedPendulum-v5,42
1690000.0,1000.0,sac,InvertedPendulum-v5,42
1700000.0,1000.0,sac,InvertedPendulum-v5,42
1710000.0,1000.0,sac,InvertedPendulum-v5,42
1720000.0,1000.0,sac,InvertedPendulum-v5,42
1730000.0,1000.0,sac,InvertedPendulum-v5,42
1740000.0,1000.0,sac,InvertedPendulum-v5,42
1750000.0,1000.0,sac,InvertedPendulum-v5,42
1760000.0,1000.0,sac,InvertedPendulum-v5,42
1770000.0,1000.0,sac,InvertedPendulum-v5,42
1780000.0,1000.0,sac,InvertedPendulum-v5,42
1790000.0,1000.0,sac,InvertedPendulum-v5,42
1800000.0,1000.0,sac,InvertedPendulum-v5,42
1810000.0,1000.0,sac,InvertedPendulum-v5,42
1820000.0,1000.0,sac,InvertedPendulum-v5,42
1830000.0,1000.0,sac,InvertedPendulum-v5,42
1840000.0,1000.0,sac,InvertedPendulum-v5,42
1850000.0,1000.0,sac,InvertedPendulum-v5,42
1860000.0,1000.0,sac,InvertedPendulum-v5,42
1870000.0,1000.0,sac,InvertedPendulum-v5,42
1880000.0,1000.0,sac,InvertedPendulum-v5,42
1890000.0,1000.0,sac,InvertedPendulum-v5,42
1900000.0,1000.0,sac,InvertedPendulum-v5,42
1910000.0,1000.0,sac,InvertedPendulum-v5,42
1920000.0,1000.0,sac,InvertedPendulum-v5,42
1930000.0,1000.0,sac,InvertedPendulum-v5,42
1940000.0,1000.0,sac,InvertedPendulum-v5,42
1950000.0,1000.0,sac,InvertedPendulum-v5,42
1960000.0,1000.0,sac,InvertedPendulum-v5,42
1970000.0,1000.0,sac,InvertedPendulum-v5,42
1980000.0,1000.0,sac,InvertedPendulum-v5,42
1990000.0,1000.0,sac,InvertedPendulum-v5,42
2000000.0,1000.0,sac,InvertedPendulum-v5,42
2010000.0,1000.0,sac,InvertedPendulum-v5,42
2020000.0,1000.0,sac,InvertedPendulum-v5,42
2030000.0,1000.0,sac,InvertedPendulum-v5,42
2040000.0,1000.0,sac,InvertedPendulum-v5,42
2050000.0,1000.0,sac,InvertedPendulum-v5,42
2060000.0,1000.0,sac,InvertedPendulum-v5,42
2070000.0,1000.0,sac,InvertedPendulum-v5,42
2080000.0,1000.0,sac,InvertedPendulum-v5,42
2090000.0,1000.0,sac,InvertedPendulum-v5,42
2100000.0,1000.0,sac,InvertedPendulum-v5,42
2110000.0,1000.0,sac,InvertedPendulum-v5,42
2120000.0,1000.0,sac,InvertedPendulum-v5,42
2130000.0,1000.0,sac,InvertedPendulum-v5,42
2140000.0,1000.0,sac,InvertedPendulum-v5,42
2150000.0,1000.0,sac,InvertedPendulum-v5,42
2160000.0,1000.0,sac,InvertedPendulum-v5,42
2170000.0,1000.0,sac,InvertedPendulum-v5,42
2180000.0,1000.0,sac,InvertedPendulum-v5,42
2190000.0,1000.0,sac,InvertedPendulum-v5,42
2200000.0,1000.0,sac,InvertedPendulum-v5,42
2210000.0,1000.0,sac,InvertedPendulum-v5,42
2220000.0,1000.0,sac,InvertedPendulum-v5,42
2230000.0,1000.0,sac,InvertedPendulum-v5,42
2240000.0,1000.0,sac,InvertedPendulum-v5,42
2250000.0,1000.0,sac,InvertedPendulum-v5,42
2260000.0,1000.0,sac,InvertedPendulum-v5,42
2270000.0,1000.0,sac,InvertedPendulum-v5,42
2280000.0,1000.0,sac,InvertedPendulum-v5,42
2290000.0,1000.0,sac,InvertedPendulum-v5,42
2300000.0,1000.0,sac,InvertedPendulum-v5,42
2310000.0,1000.0,sac,InvertedPendulum-v5,42
2320000.0,1000.0,sac,InvertedPendulum-v5,42
2330000.0,1000.0,sac,InvertedPendulum-v5,42
2340000.0,1000.0,sac,InvertedPendulum-v5,42
2350000.0,1000.0,sac,InvertedPendulum-v5,42
2360000.0,1000.0,sac,InvertedPendulum-v5,42
2370000.0,1000.0,sac,InvertedPendulum-v5,42
2380000.0,1000.0,sac,InvertedPendulum-v5,42
2390000.0,1000.0,sac,InvertedPendulum-v5,42
2400000.0,1000.0,sac,InvertedPendulum-v5,42
2410000.0,1000.0,sac,InvertedPendulum-v5,42
2420000.0,1000.0,sac,InvertedPendulum-v5,42
2430000.0,1000.0,sac,InvertedPendulum-v5,42
2440000.0,1000.0,sac,InvertedPendulum-v5,42
2450000.0,1000.0,sac,InvertedPendulum-v5,42
10000.0,-17.1205,ppo,Reacher-v5,42
20000.0,-58.8491,ppo,Reacher-v5,42
30000.0,-54.0635,ppo,Reacher-v5,42
40000.0,-34.4845,ppo,Reacher-v5,42
50000.0,-8.329,ppo,Reacher-v5,42
60000.0,-7.4035,ppo,Reacher-v5,42
70000.0,-8.3202,ppo,Reacher-v5,42
80000.0,-7.807,ppo,Reacher-v5,42
90000.0,-8.0695,ppo,Reacher-v5,42
100000.0,-6.2597,ppo,Reacher-v5,42
110000.0,-6.3646,ppo,Reacher-v5,42
120000.0,-6.4078,ppo,Reacher-v5,42
130000.0,-4.4837,ppo,Reacher-v5,42
140000.0,-5.3637,ppo,Reacher-v5,42
150000.0,-4.9368,ppo,Reacher-v5,42
160000.0,-5.0346,ppo,Reacher-v5,42
170000.0,-4.9928,ppo,Reacher-v5,42
180000.0,-4.8762,ppo,Reacher-v5,42
190000.0,-4.4125,ppo,Reacher-v5,42
200000.0,-5.1558,ppo,Reacher-v5,42
210000.0,-5.2503,ppo,Reacher-v5,42
220000.0,-5.2196,ppo,Reacher-v5,42
230000.0,-4.5094,ppo,Reacher-v5,42
240000.0,-5.0744,ppo,Reacher-v5,42
250000.0,-4.675,ppo,Reacher-v5,42
260000.0,-4.7523,ppo,Reacher-v5,42
270000.0,-4.8681,ppo,Reacher-v5,42
280000.0,-4.804,ppo,Reacher-v5,42
290000.0,-5.044,ppo,Reacher-v5,42
300000.0,-3.7666,ppo,Reacher-v5,42
310000.0,-4.2206,ppo,Reacher-v5,42
320000.0,-4.4365,ppo,Reacher-v5,42
330000.0,-4.0626,ppo,Reacher-v5,42
340000.0,-5.3815,ppo,Reacher-v5,42
350000.0,-5.4613,ppo,Reacher-v5,42
360000.0,-3.2581,ppo,Reacher-v5,42
370000.0,-4.0144,ppo,Reacher-v5,42
380000.0,-4.8836,ppo,Reacher-v5,42
390000.0,-4.5228,ppo,Reacher-v5,42
400000.0,-4.3741,ppo,Reacher-v5,42
410000.0,-4.7288,ppo,Reacher-v5,42
420000.0,-4.8317,ppo,Reacher-v5,42
430000.0,-4.5565,ppo,Reacher-v5,42
440000.0,-5.0439,ppo,Reacher-v5,42
450000.0,-4.8487,ppo,Reacher-v5,42
460000.0,-4.9552,ppo,Reacher-v5,42
470000.0,-3.8406,ppo,Reacher-v5,42
480000.0,-3.675,ppo,Reacher-v5,42
490000.0,-3.7231,ppo,Reacher-v5,42
500000.0,-4.3584,ppo,Reacher-v5,42
510000.0,-3.8126,ppo,Reacher-v5,42
520000.0,-4.0936,ppo,Reacher-v5,42
530000.0,-4.2798,ppo,Reacher-v5,42
540000.0,-4.0465,ppo,Reacher-v5,42
550000.0,-3.489,ppo,Reacher-v5,42
560000.0,-4.5831,ppo,Reacher-v5,42
570000.0,-4.8387,ppo,Reacher-v5,42
580000.0,-3.4276,ppo,Reacher-v5,42
590000.0,-4.4918,ppo,Reacher-v5,42
600000.0,-4.6649,ppo,Reacher-v5,42
610000.0,-3.843,ppo,Reacher-v5,42
620000.0,-3.9706,ppo,Reacher-v5,42
630000.0,-5.2006,ppo,Reacher-v5,42
640000.0,-4.1626,ppo,Reacher-v5,42
650000.0,-4.2169,ppo,Reacher-v5,42
660000.0,-3.9122,ppo,Reacher-v5,42
670000.0,-3.4082,ppo,Reacher-v5,42
680000.0,-3.354,ppo,Reacher-v5,42
690000.0,-5.0207,ppo,Reacher-v5,42
700000.0,-3.4391,ppo,Reacher-v5,42
710000.0,-3.0302,ppo,Reacher-v5,42
720000.0,-4.5375,ppo,Reacher-v5,42
730000.0,-3.3483,ppo,Reacher-v5,42
740000.0,-3.3288,ppo,Reacher-v5,42
750000.0,-3.9933,ppo,Reacher-v5,42
760000.0,-4.7229,ppo,Reacher-v5,42
770000.0,-4.4792,ppo,Reacher-v5,42
780000.0,-5.4241,ppo,Reacher-v5,42
790000.0,-4.3284,ppo,Reacher-v5,42
800000.0,-4.0316,ppo,Reacher-v5,42
810000.0,-4.4961,ppo,Reacher-v5,42
820000.0,-4.5876,ppo,Reacher-v5,42
830000.0,-4.9717,ppo,Reacher-v5,42
840000.0,-4.3015,ppo,Reacher-v5,42
850000.0,-4.823,ppo,Reacher-v5,42
860000.0,-4.6808,ppo,Reacher-v5,42
870000.0,-3.9048,ppo,Reacher-v5,42
880000.0,-4.1709,ppo,Reacher-v5,42
890000.0,-4.6957,ppo,Reacher-v5,42
900000.0,-4.2334,ppo,Reacher-v5,42
910000.0,-4.3753,ppo,Reacher-v5,42
920000.0,-4.7031,ppo,Reacher-v5,42
930000.0,-3.2968,ppo,Reacher-v5,42
940000.0,-4.4314,ppo,Reacher-v5,42
950000.0,-4.1821,ppo,Reacher-v5,42
960000.0,-4.0455,ppo,Reacher-v5,42
970000.0,-4.19,ppo,Reacher-v5,42
980000.0,-3.1686,ppo,Reacher-v5,42
990000.0,-4.0543,ppo,Reacher-v5,42
1000000.0,-3.6262,ppo,Reacher-v5,42
1010000.0,-4.6781,ppo,Reacher-v5,42
1020000.0,-4.2129,ppo,Reacher-v5,42
1030000.0,-4.21,ppo,Reacher-v5,42
1040000.0,-3.6269,ppo,Reacher-v5,42
1050000.0,-3.7549,ppo,Reacher-v5,42
1060000.0,-4.0763,ppo,Reacher-v5,42
1070000.0,-4.9122,ppo,Reacher-v5,42
1080000.0,-3.5716,ppo,Reacher-v5,42
1090000.0,-4.9292,ppo,Reacher-v5,42
1100000.0,-3.6742,ppo,Reacher-v5,42
1110000.0,-3.4358,ppo,Reacher-v5,42
1120000.0,-5.0156,ppo,Reacher-v5,42
1130000.0,-3.56,ppo,Reacher-v5,42
1140000.0,-3.4736,ppo,Reacher-v5,42
1150000.0,-3.6503,ppo,Reacher-v5,42
1160000.0,-4.0755,ppo,Reacher-v5,42
1170000.0,-3.9496,ppo,Reacher-v5,42
1180000.0,-4.3855,ppo,Reacher-v5,42
1190000.0,-4.727,ppo,Reacher-v5,42
1200000.0,-4.6042,ppo,Reacher-v5,42
1210000.0,-3.8621,ppo,Reacher-v5,42
1220000.0,-4.1367,ppo,Reacher-v5,42
1230000.0,-2.8004,ppo,Reacher-v5,42
1240000.0,-3.8468,ppo,Reacher-v5,42
1250000.0,-3.6906,ppo,Reacher-v5,42
1260000.0,-4.2224,ppo,Reacher-v5,42
1270000.0,-3.8721,ppo,Reacher-v5,42
1280000.0,-3.7987,ppo,Reacher-v5,42
1290000.0,-3.5552,ppo,Reacher-v5,42
1300000.0,-4.6751,ppo,Reacher-v5,42
1310000.0,-3.1342,ppo,Reacher-v5,42
1320000.0,-3.6366,ppo,Reacher-v5,42
1330000.0,-3.6047,ppo,Reacher-v5,42
1340000.0,-3.9784,ppo,Reacher-v5,42
1350000.0,-3.5973,ppo,Reacher-v5,42
1360000.0,-3.8947,ppo,Reacher-v5,42
1370000.0,-4.4204,ppo,Reacher-v5,42
1380000.0,-4.1776,ppo,Reacher-v5,42
1390000.0,-4.1334,ppo,Reacher-v5,42
1400000.0,-3.8648,ppo,Reacher-v5,42
1410000.0,-3.5504,ppo,Reacher-v5,42
1420000.0,-4.554,ppo,Reacher-v5,42
1430000.0,-3.8828,ppo,Reacher-v5,42
1440000.0,-4.0766,ppo,Reacher-v5,42
1450000.0,-3.5688,ppo,Reacher-v5,42
1460000.0,-4.7844,ppo,Reacher-v5,42
1470000.0,-4.0797,ppo,Reacher-v5,42
1480000.0,-4.3008,ppo,Reacher-v5,42
1490000.0,-4.4373,ppo,Reacher-v5,42
1500000.0,-4.2485,ppo,Reacher-v5,42
1510000.0,-4.0605,ppo,Reacher-v5,42
1520000.0,-3.5732,ppo,Reacher-v5,42
1530000.0,-4.0803,ppo,Reacher-v5,42
1540000.0,-3.657,ppo,Reacher-v5,42
1550000.0,-4.0005,ppo,Reacher-v5,42
1560000.0,-3.6806,ppo,Reacher-v5,42
1570000.0,-4.1788,ppo,Reacher-v5,42
1580000.0,-4.8624,ppo,Reacher-v5,42
1590000.0,-3.9118,ppo,Reacher-v5,42
1600000.0,-3.0175,ppo,Reacher-v5,42
1610000.0,-3.8144,ppo,Reacher-v5,42
1620000.0,-3.7259,ppo,Reacher-v5,42
1630000.0,-3.3184,ppo,Reacher-v5,42
1640000.0,-2.9166,ppo,Reacher-v5,42
1650000.0,-3.9144,ppo,Reacher-v5,42
1660000.0,-4.5289,ppo,Reacher-v5,42
1670000.0,-3.4906,ppo,Reacher-v5,42
1680000.0,-3.5845,ppo,Reacher-v5,42
1690000.0,-4.326,ppo,Reacher-v5,42
1700000.0,-3.4604,ppo,Reacher-v5,42
1710000.0,-3.3786,ppo,Reacher-v5,42
1720000.0,-3.6987,ppo,Reacher-v5,42
1730000.0,-3.737,ppo,Reacher-v5,42
1740000.0,-3.3845,ppo,Reacher-v5,42
1750000.0,-2.9381,ppo,Reacher-v5,42
1760000.0,-4.3129,ppo,Reacher-v5,42
1770000.0,-3.33,ppo,Reacher-v5,42
1780000.0,-3.9884,ppo,Reacher-v5,42
1790000.0,-3.8808,ppo,Reacher-v5,42
1800000.0,-4.05,ppo,Reacher-v5,42
1810000.0,-4.3182,ppo,Reacher-v5,42
1820000.0,-3.6644,ppo,Reacher-v5,42
1830000.0,-3.7957,ppo,Reacher-v5,42
1840000.0,-3.9478,ppo,Reacher-v5,42
1850000.0,-5.9599,ppo,Reacher-v5,42
1860000.0,-4.2715,ppo,Reacher-v5,42
1870000.0,-4.071,ppo,Reacher-v5,42
1880000.0,-3.2905,ppo,Reacher-v5,42
1890000.0,-4.0111,ppo,Reacher-v5,42
1900000.0,-3.2413,ppo,Reacher-v5,42
1910000.0,-3.8653,ppo,Reacher-v5,42
1920000.0,-4.0338,ppo,Reacher-v5,42
1930000.0,-3.9556,ppo,Reacher-v5,42
1940000.0,-3.4064,ppo,Reacher-v5,42
1950000.0,-4.1137,ppo,Reacher-v5,42
1960000.0,-3.0656,ppo,Reacher-v5,42
1970000.0,-2.8779,ppo,Reacher-v5,42
1980000.0,-3.0094,ppo,Reacher-v5,42
1990000.0,-3.5149,ppo,Reacher-v5,42
2000000.0,-4.7352,ppo,Reacher-v5,42
2010000.0,-3.7055,ppo,Reacher-v5,42
2020000.0,-3.1937,ppo,Reacher-v5,42
2030000.0,-4.4866,ppo,Reacher-v5,42
2040000.0,-3.7424,ppo,Reacher-v5,42
2050000.0,-3.6067,ppo,Reacher-v5,42
2060000.0,-3.6224,ppo,Reacher-v5,42
2070000.0,-4.1534,ppo,Reacher-v5,42
2080000.0,-4.4541,ppo,Reacher-v5,42
2090000.0,-3.9005,ppo,Reacher-v5,42
2100000.0,-3.6204,ppo,Reacher-v5,42
2110000.0,-3.4982,ppo,Reacher-v5,42
2120000.0,-4.5947,ppo,Reacher-v5,42
2130000.0,-3.7378,ppo,Reacher-v5,42
2140000.0,-3.4677,ppo,Reacher-v5,42
2150000.0,-3.6119,ppo,Reacher-v5,42
2160000.0,-3.2293,ppo,Reacher-v5,42
2170000.0,-3.5315,ppo,Reacher-v5,42
2180000.0,-3.5417,ppo,Reacher-v5,42
2190000.0,-3.1842,ppo,Reacher-v5,42
2200000.0,-3.8183,ppo,Reacher-v5,42
2210000.0,-2.9147,ppo,Reacher-v5,42
2220000.0,-4.3661,ppo,Reacher-v5,42
2230000.0,-4.0698,ppo,Reacher-v5,42
2240000.0,-3.9241,ppo,Reacher-v5,42
2250000.0,-3.5603,ppo,Reacher-v5,42
2260000.0,-4.3406,ppo,Reacher-v5,42
2270000.0,-2.9734,ppo,Reacher-v5,42
2280000.0,-4.1458,ppo,Reacher-v5,42
2290000.0,-3.9309,ppo,Reacher-v5,42
2300000.0,-4.5586,ppo,Reacher-v5,42
2310000.0,-4.5202,ppo,Reacher-v5,42
2320000.0,-3.2787,ppo,Reacher-v5,42
2330000.0,-3.3722,ppo,Reacher-v5,42
2340000.0,-4.6831,ppo,Reacher-v5,42
2350000.0,-3.0697,ppo,Reacher-v5,42
2360000.0,-4.0086,ppo,Reacher-v5,42
2370000.0,-4.4508,ppo,Reacher-v5,42
2380000.0,-2.9858,ppo,Reacher-v5,42
2390000.0,-3.5762,ppo,Reacher-v5,42
2400000.0,-3.2222,ppo,Reacher-v5,42
2410000.0,-3.3709,ppo,Reacher-v5,42
2420000.0,-4.6649,ppo,Reacher-v5,42
2430000.0,-3.9525,ppo,Reacher-v5,42
2440000.0,-4.4038,ppo,Reacher-v5,42
2450000.0,-3.7152,ppo,Reacher-v5,42
2460000.0,-3.2518,ppo,Reacher-v5,42
2470000.0,-3.3668,ppo,Reacher-v5,42
2480000.0,-3.8439,ppo,Reacher-v5,42
2490000.0,-4.1091,ppo,Reacher-v5,42
2500000.0,-3.8141,ppo,Reacher-v5,42
10000.0,-7.9338,td3,Reacher-v5,42
20000.0,-5.2855,td3,Reacher-v5,42
30000.0,-3.4155,td3,Reacher-v5,42
40000.0,-3.7972,td3,Reacher-v5,42
50000.0,-4.3268,td3,Reacher-v5,42
60000.0,-4.3626,td3,Reacher-v5,42
70000.0,-2.5699,td3,Reacher-v5,42
80000.0,-3.6789,td3,Reacher-v5,42
90000.0,-3.7188,td3,Reacher-v5,42
100000.0,-3.725,td3,Reacher-v5,42
110000.0,-3.3853,td3,Reacher-v5,42
120000.0,-3.9258,td3,Reacher-v5,42
130000.0,-3.2135,td3,Reacher-v5,42
140000.0,-2.7637,td3,Reacher-v5,42
150000.0,-3.5471,td3,Reacher-v5,42
160000.0,-4.1213,td3,Reacher-v5,42
170000.0,-3.3063,td3,Reacher-v5,42
180000.0,-4.0768,td3,Reacher-v5,42
190000.0,-3.655,td3,Reacher-v5,42
200000.0,-4.4009,td3,Reacher-v5,42
210000.0,-3.656,td3,Reacher-v5,42
220000.0,-2.7023,td3,Reacher-v5,42
230000.0,-3.6601,td3,Reacher-v5,42
240000.0,-3.3309,td3,Reacher-v5,42
250000.0,-4.0808,td3,Reacher-v5,42
260000.0,-3.4137,td3,Reacher-v5,42
270000.0,-3.8136,td3,Reacher-v5,42
280000.0,-4.2363,td3,Reacher-v5,42
290000.0,-4.2639,td3,Reacher-v5,42
300000.0,-3.466,td3,Reacher-v5,42
310000.0,-4.0265,td3,Reacher-v5,42
320000.0,-3.6353,td3,Reacher-v5,42
330000.0,-3.7319,td3,Reacher-v5,42
340000.0,-3.4018,td3,Reacher-v5,42
350000.0,-3.1808,td3,Reacher-v5,42
360000.0,-3.3346,td3,Reacher-v5,42
370000.0,-3.3711,td3,Reacher-v5,42
380000.0,-3.4902,td3,Reacher-v5,42
390000.0,-3.4988,td3,Reacher-v5,42
400000.0,-3.0167,td3,Reacher-v5,42
410000.0,-3.3519,td3,Reacher-v5,42
420000.0,-4.1944,td3,Reacher-v5,42
430000.0,-3.6078,td3,Reacher-v5,42
440000.0,-3.6184,td3,Reacher-v5,42
450000.0,-3.4328,td3,Reacher-v5,42
460000.0,-4.2925,td3,Reacher-v5,42
470000.0,-4.5965,td3,Reacher-v5,42
480000.0,-4.6409,td3,Reacher-v5,42
490000.0,-3.2868,td3,Reacher-v5,42
500000.0,-3.137,td3,Reacher-v5,42
510000.0,-3.1241,td3,Reacher-v5,42
520000.0,-2.9119,td3,Reacher-v5,42
530000.0,-3.0504,td3,Reacher-v5,42
540000.0,-4.6562,td3,Reacher-v5,42
550000.0,-3.1875,td3,Reacher-v5,42
560000.0,-3.684,td3,Reacher-v5,42
570000.0,-4.0766,td3,Reacher-v5,42
580000.0,-3.6825,td3,Reacher-v5,42
590000.0,-3.5154,td3,Reacher-v5,42
600000.0,-3.4812,td3,Reacher-v5,42
610000.0,-3.3186,td3,Reacher-v5,42
620000.0,-3.6856,td3,Reacher-v5,42
630000.0,-3.283,td3,Reacher-v5,42
640000.0,-3.4676,td3,Reacher-v5,42
650000.0,-3.307,td3,Reacher-v5,42
660000.0,-3.7172,td3,Reacher-v5,42
670000.0,-3.5154,td3,Reacher-v5,42
680000.0,-2.5499,td3,Reacher-v5,42
690000.0,-3.7474,td3,Reacher-v5,42
700000.0,-3.6991,td3,Reacher-v5,42
710000.0,-3.186,td3,Reacher-v5,42
720000.0,-3.0267,td3,Reacher-v5,42
730000.0,-3.6091,td3,Reacher-v5,42
740000.0,-3.8457,td3,Reacher-v5,42
750000.0,-3.4992,td3,Reacher-v5,42
760000.0,-4.4542,td3,Reacher-v5,42
770000.0,-3.0745,td3,Reacher-v5,42
780000.0,-3.19,td3,Reacher-v5,42
790000.0,-3.1,td3,Reacher-v5,42
800000.0,-3.142,td3,Reacher-v5,42
810000.0,-3.9178,td3,Reacher-v5,42
820000.0,-3.257,td3,Reacher-v5,42
830000.0,-3.6185,td3,Reacher-v5,42
840000.0,-3.8454,td3,Reacher-v5,42
850000.0,-3.5175,td3,Reacher-v5,42
860000.0,-3.7281,td3,Reacher-v5,42
870000.0,-3.4772,td3,Reacher-v5,42
880000.0,-2.4474,td3,Reacher-v5,42
890000.0,-3.6948,td3,Reacher-v5,42
900000.0,-2.4548,td3,Reacher-v5,42
910000.0,-3.2029,td3,Reacher-v5,42
920000.0,-3.3808,td3,Reacher-v5,42
930000.0,-3.0352,td3,Reacher-v5,42
940000.0,-3.203,td3,Reacher-v5,42
950000.0,-3.1554,td3,Reacher-v5,42
960000.0,-2.8896,td3,Reacher-v5,42
970000.0,-3.2647,td3,Reacher-v5,42
980000.0,-2.8872,td3,Reacher-v5,42
990000.0,-3.5784,td3,Reacher-v5,42
1000000.0,-3.7436,td3,Reacher-v5,42
1010000.0,-2.9934,td3,Reacher-v5,42
1020000.0,-3.7004,td3,Reacher-v5,42
1030000.0,-4.4566,td3,Reacher-v5,42
1040000.0,-2.6232,td3,Reacher-v5,42
1050000.0,-3.7899,td3,Reacher-v5,42
1060000.0,-2.9463,td3,Reacher-v5,42
1070000.0,-3.2934,td3,Reacher-v5,42
1080000.0,-2.7159,td3,Reacher-v5,42
1090000.0,-3.1982,td3,Reacher-v5,42
1100000.0,-3.1859,td3,Reacher-v5,42
1110000.0,-3.0505,td3,Reacher-v5,42
1120000.0,-3.6311,td3,Reacher-v5,42
1130000.0,-3.1253,td3,Reacher-v5,42
1140000.0,-3.6463,td3,Reacher-v5,42
1150000.0,-4.08,td3,Reacher-v5,42
1160000.0,-3.7199,td3,Reacher-v5,42
1170000.0,-3.4501,td3,Reacher-v5,42
1180000.0,-2.8833,td3,Reacher-v5,42
1190000.0,-3.4587,td3,Reacher-v5,42
1200000.0,-3.6544,td3,Reacher-v5,42
1210000.0,-3.902,td3,Reacher-v5,42
1220000.0,-3.727,td3,Reacher-v5,42
1230000.0,-3.5544,td3,Reacher-v5,42
1240000.0,-3.1298,td3,Reacher-v5,42
1250000.0,-3.5234,td3,Reacher-v5,42
1260000.0,-3.4046,td3,Reacher-v5,42
1270000.0,-2.3705,td3,Reacher-v5,42
1280000.0,-3.3347,td3,Reacher-v5,42
1290000.0,-3.5923,td3,Reacher-v5,42
1300000.0,-3.6392,td3,Reacher-v5,42
1310000.0,-3.7435,td3,Reacher-v5,42
1320000.0,-3.4365,td3,Reacher-v5,42
1330000.0,-3.6696,td3,Reacher-v5,42
1340000.0,-3.593,td3,Reacher-v5,42
1350000.0,-3.6932,td3,Reacher-v5,42
1360000.0,-3.4821,td3,Reacher-v5,42
1370000.0,-3.3207,td3,Reacher-v5,42
1380000.0,-3.2252,td3,Reacher-v5,42
1390000.0,-3.1084,td3,Reacher-v5,42
1400000.0,-3.3389,td3,Reacher-v5,42
1410000.0,-4.4188,td3,Reacher-v5,42
1420000.0,-3.2437,td3,Reacher-v5,42
1430000.0,-3.8329,td3,Reacher-v5,42
1440000.0,-3.4272,td3,Reacher-v5,42
1450000.0,-3.0475,td3,Reacher-v5,42
1460000.0,-3.4691,td3,Reacher-v5,42
1470000.0,-2.9678,td3,Reacher-v5,42
1480000.0,-3.7813,td3,Reacher-v5,42
1490000.0,-3.6971,td3,Reacher-v5,42
1500000.0,-2.6737,td3,Reacher-v5,42
1510000.0,-3.623,td3,Reacher-v5,42
1520000.0,-3.0753,td3,Reacher-v5,42
1530000.0,-3.2708,td3,Reacher-v5,42
1540000.0,-3.8226,td3,Reacher-v5,42
1550000.0,-2.9276,td3,Reacher-v5,42
1560000.0,-3.5474,td3,Reacher-v5,42
1570000.0,-2.4698,td3,Reacher-v5,42
1580000.0,-3.5685,td3,Reacher-v5,42
1590000.0,-3.6481,td3,Reacher-v5,42
1600000.0,-3.6243,td3,Reacher-v5,42
1610000.0,-3.4739,td3,Reacher-v5,42
1620000.0,-3.377,td3,Reacher-v5,42
1630000.0,-3.9734,td3,Reacher-v5,42
1640000.0,-3.6649,td3,Reacher-v5,42
1650000.0,-3.0326,td3,Reacher-v5,42
1660000.0,-2.8916,td3,Reacher-v5,42
1670000.0,-3.6608,td3,Reacher-v5,42
1680000.0,-2.7322,td3,Reacher-v5,42
1690000.0,-3.6289,td3,Reacher-v5,42
1700000.0,-3.5712,td3,Reacher-v5,42
1710000.0,-3.8673,td3,Reacher-v5,42
1720000.0,-3.7254,td3,Reacher-v5,42
1730000.0,-3.202,td3,Reacher-v5,42
1740000.0,-3.332,td3,Reacher-v5,42
1750000.0,-3.8018,td3,Reacher-v5,42
1760000.0,-2.8221,td3,Reacher-v5,42
1770000.0,-3.9493,td3,Reacher-v5,42
1780000.0,-4.0509,td3,Reacher-v5,42
1790000.0,-3.2176,td3,Reacher-v5,42
1800000.0,-3.2967,td3,Reacher-v5,42
1810000.0,-3.1781,td3,Reacher-v5,42
1820000.0,-3.2824,td3,Reacher-v5,42
1830000.0,-3.5219,td3,Reacher-v5,42
1840000.0,-3.4565,td3,Reacher-v5,42
1850000.0,-2.7769,td3,Reacher-v5,42
1860000.0,-3.1353,td3,Reacher-v5,42
1870000.0,-3.432,td3,Reacher-v5,42
1880000.0,-3.4454,td3,Reacher-v5,42
1890000.0,-3.868,td3,Reacher-v5,42
1900000.0,-2.9748,td3,Reacher-v5,42
1910000.0,-3.6685,td3,Reacher-v5,42
1920000.0,-4.6072,td3,Reacher-v5,42
1930000.0,-4.0781,td3,Reacher-v5,42
1940000.0,-3.2787,td3,Reacher-v5,42
1950000.0,-3.7334,td3,Reacher-v5,42
1960000.0,-3.4114,td3,Reacher-v5,42
1970000.0,-2.6829,td3,Reacher-v5,42
1980000.0,-3.5494,td3,Reacher-v5,42
1990000.0,-2.9779,td3,Reacher-v5,42
2000000.0,-3.6635,td3,Reacher-v5,42
2010000.0,-3.3382,td3,Reacher-v5,42
2020000.0,-3.2081,td3,Reacher-v5,42
2030000.0,-3.778,td3,Reacher-v5,42
2040000.0,-3.6375,td3,Reacher-v5,42
2050000.0,-3.7974,td3,Reacher-v5,42
2060000.0,-3.4457,td3,Reacher-v5,42
2070000.0,-3.0587,td3,Reacher-v5,42
2080000.0,-3.7113,td3,Reacher-v5,42
2090000.0,-3.2653,td3,Reacher-v5,42
2100000.0,-3.8781,td3,Reacher-v5,42
2110000.0,-3.1111,td3,Reacher-v5,42
2120000.0,-4.4073,td3,Reacher-v5,42
2130000.0,-3.7652,td3,Reacher-v5,42
2140000.0,-3.5159,td3,Reacher-v5,42
2150000.0,-3.5343,td3,Reacher-v5,42
2160000.0,-3.4847,td3,Reacher-v5,42
2170000.0,-3.2178,td3,Reacher-v5,42
2180000.0,-3.5841,td3,Reacher-v5,42
2190000.0,-3.5541,td3,Reacher-v5,42
2200000.0,-3.8319,td3,Reacher-v5,42
2210000.0,-3.7597,td3,Reacher-v5,42
2220000.0,-3.6175,td3,Reacher-v5,42
2230000.0,-4.1546,td3,Reacher-v5,42
2240000.0,-3.8326,td3,Reacher-v5,42
2250000.0,-4.2895,td3,Reacher-v5,42
2260000.0,-3.4855,td3,Reacher-v5,42
2270000.0,-3.7418,td3,Reacher-v5,42
2280000.0,-3.4693,td3,Reacher-v5,42
2290000.0,-2.2739,td3,Reacher-v5,42
2300000.0,-3.8714,td3,Reacher-v5,42
2310000.0,-3.6329,td3,Reacher-v5,42
2320000.0,-3.454,td3,Reacher-v5,42
2330000.0,-3.1441,td3,Reacher-v5,42
2340000.0,-4.485,td3,Reacher-v5,42
2350000.0,-2.3459,td3,Reacher-v5,42
2360000.0,-2.9854,td3,Reacher-v5,42
2370000.0,-2.7165,td3,Reacher-v5,42
2380000.0,-3.2253,td3,Reacher-v5,42
2390000.0,-3.5086,td3,Reacher-v5,42
2400000.0,-3.3234,td3,Reacher-v5,42
2410000.0,-4.0603,td3,Reacher-v5,42
2420000.0,-3.8022,td3,Reacher-v5,42
2430000.0,-3.5772,td3,Reacher-v5,42
2440000.0,-3.7743,td3,Reacher-v5,42
2450000.0,-4.0888,td3,Reacher-v5,42
2460000.0,-3.7522,td3,Reacher-v5,42
2470000.0,-3.5811,td3,Reacher-v5,42
2480000.0,-3.5764,td3,Reacher-v5,42
2490000.0,-3.9454,td3,Reacher-v5,42
2500000.0,-3.6954,td3,Reacher-v5,42
10000.0,-9.8126,sac,Reacher-v5,42
20000.0,-6.2267,sac,Reacher-v5,42
30000.0,-5.7307,sac,Reacher-v5,42
40000.0,-5.5198,sac,Reacher-v5,42
50000.0,-3.8721,sac,Reacher-v5,42
60000.0,-3.9108,sac,Reacher-v5,42
70000.0,-4.1501,sac,Reacher-v5,42
80000.0,-4.2545,sac,Reacher-v5,42
90000.0,-3.5516,sac,Reacher-v5,42
100000.0,-3.9307,sac,Reacher-v5,42
110000.0,-4.2328,sac,Reacher-v5,42
120000.0,-3.9909,sac,Reacher-v5,42
130000.0,-3.8297,sac,Reacher-v5,42
140000.0,-3.5904,sac,Reacher-v5,42
150000.0,-3.9866,sac,Reacher-v5,42
160000.0,-2.7848,sac,Reacher-v5,42
170000.0,-3.9182,sac,Reacher-v5,42
180000.0,-3.2352,sac,Reacher-v5,42
190000.0,-3.0004,sac,Reacher-v5,42
200000.0,-3.3178,sac,Reacher-v5,42
210000.0,-2.7711,sac,Reacher-v5,42
220000.0,-2.9141,sac,Reacher-v5,42
230000.0,-2.7226,sac,Reacher-v5,42
240000.0,-3.7285,sac,Reacher-v5,42
250000.0,-3.1672,sac,Reacher-v5,42
260000.0,-2.1802,sac,Reacher-v5,42
270000.0,-3.8511,sac,Reacher-v5,42
280000.0,-3.1884,sac,Reacher-v5,42
290000.0,-3.6722,sac,Reacher-v5,42
300000.0,-3.2529,sac,Reacher-v5,42
310000.0,-2.6828,sac,Reacher-v5,42
320000.0,-3.489,sac,Reacher-v5,42
330000.0,-3.7042,sac,Reacher-v5,42
340000.0,-3.4918,sac,Reacher-v5,42
350000.0,-3.2325,sac,Reacher-v5,42
360000.0,-3.2023,sac,Reacher-v5,42
370000.0,-3.459,sac,Reacher-v5,42
380000.0,-3.0944,sac,Reacher-v5,42
390000.0,-4.1945,sac,Reacher-v5,42
400000.0,-2.5854,sac,Reacher-v5,42
410000.0,-3.3346,sac,Reacher-v5,42
420000.0,-2.8283,sac,Reacher-v5,42
430000.0,-3.8559,sac,Reacher-v5,42
440000.0,-3.9319,sac,Reacher-v5,42
450000.0,-3.0967,sac,Reacher-v5,42
460000.0,-2.3583,sac,Reacher-v5,42
470000.0,-3.0206,sac,Reacher-v5,42
480000.0,-3.6454,sac,Reacher-v5,42
490000.0,-3.7245,sac,Reacher-v5,42
500000.0,-3.1918,sac,Reacher-v5,42
510000.0,-3.4122,sac,Reacher-v5,42
520000.0,-2.7055,sac,Reacher-v5,42
530000.0,-3.6032,sac,Reacher-v5,42
540000.0,-3.3452,sac,Reacher-v5,42
550000.0,-3.6889,sac,Reacher-v5,42
560000.0,-3.1854,sac,Reacher-v5,42
570000.0,-3.8534,sac,Reacher-v5,42
580000.0,-3.3267,sac,Reacher-v5,42
590000.0,-3.3984,sac,Reacher-v5,42
600000.0,-3.8181,sac,Reacher-v5,42
610000.0,-2.4816,sac,Reacher-v5,42
620000.0,-3.2577,sac,Reacher-v5,42
630000.0,-3.5705,sac,Reacher-v5,42
640000.0,-3.5197,sac,Reacher-v5,42
650000.0,-3.0783,sac,Reacher-v5,42
660000.0,-3.304,sac,Reacher-v5,42
670000.0,-2.904,sac,Reacher-v5,42
680000.0,-3.2745,sac,Reacher-v5,42
690000.0,-3.7648,sac,Reacher-v5,42
700000.0,-3.7291,sac,Reacher-v5,42
710000.0,-3.0708,sac,Reacher-v5,42
720000.0,-3.2642,sac,Reacher-v5,42
730000.0,-3.5099,sac,Reacher-v5,42
740000.0,-3.3081,sac,Reacher-v5,42
750000.0,-3.2646,sac,Reacher-v5,42
760000.0,-3.733,sac,Reacher-v5,42
770000.0,-3.1807,sac,Reacher-v5,42
780000.0,-2.9263,sac,Reacher-v5,42
790000.0,-3.7804,sac,Reacher-v5,42
800000.0,-3.3261,sac,Reacher-v5,42
810000.0,-2.8171,sac,Reacher-v5,42
820000.0,-2.9892,sac,Reacher-v5,42
830000.0,-2.9807,sac,Reacher-v5,42
840000.0,-3.3017,sac,Reacher-v5,42
850000.0,-3.0601,sac,Reacher-v5,42
860000.0,-3.622,sac,Reacher-v5,42
870000.0,-3.464,sac,Reacher-v5,42
880000.0,-3.3161,sac,Reacher-v5,42
890000.0,-2.4805,sac,Reacher-v5,42
900000.0,-2.9238,sac,Reacher-v5,42
910000.0,-3.5635,sac,Reacher-v5,42
920000.0,-2.5256,sac,Reacher-v5,42
930000.0,-3.5183,sac,Reacher-v5,42
940000.0,-2.5471,sac,Reacher-v5,42
950000.0,-2.6387,sac,Reacher-v5,42
960000.0,-3.2361,sac,Reacher-v5,42
970000.0,-3.8207,sac,Reacher-v5,42
980000.0,-3.1462,sac,Reacher-v5,42
990000.0,-3.6853,sac,Reacher-v5,42
1000000.0,-3.0643,sac,Reacher-v5,42
1010000.0,-3.063,sac,Reacher-v5,42
1020000.0,-3.2042,sac,Reacher-v5,42
1030000.0,-3.269,sac,Reacher-v5,42
1040000.0,-3.457,sac,Reacher-v5,42
1050000.0,-3.0213,sac,Reacher-v5,42
1060000.0,-3.1712,sac,Reacher-v5,42
1070000.0,-2.8321,sac,Reacher-v5,42
1080000.0,-4.0511,sac,Reacher-v5,42
1090000.0,-3.4106,sac,Reacher-v5,42
1100000.0,-2.9772,sac,Reacher-v5,42
1110000.0,-3.9942,sac,Reacher-v5,42
1120000.0,-3.1824,sac,Reacher-v5,42
1130000.0,-3.8522,sac,Reacher-v5,42
1140000.0,-3.2947,sac,Reacher-v5,42
1150000.0,-3.5773,sac,Reacher-v5,42
1160000.0,-2.7141,sac,Reacher-v5,42
1170000.0,-3.343,sac,Reacher-v5,42
1180000.0,-3.2082,sac,Reacher-v5,42
1190000.0,-3.4296,sac,Reacher-v5,42
1200000.0,-4.0106,sac,Reacher-v5,42
1210000.0,-3.3774,sac,Reacher-v5,42
1220000.0,-3.3287,sac,Reacher-v5,42
1230000.0,-2.4758,sac,Reacher-v5,42
1240000.0,-3.3997,sac,Reacher-v5,42
1250000.0,-3.2543,sac,Reacher-v5,42
1260000.0,-2.9251,sac,Reacher-v5,42
1270000.0,-2.9683,sac,Reacher-v5,42
1280000.0,-3.3196,sac,Reacher-v5,42
1290000.0,-3.4891,sac,Reacher-v5,42
1300000.0,-3.8164,sac,Reacher-v5,42
1310000.0,-3.4224,sac,Reacher-v5,42
1320000.0,-2.9472,sac,Reacher-v5,42
1330000.0,-2.8922,sac,Reacher-v5,42
1340000.0,-3.5508,sac,Reacher-v5,42
1350000.0,-3.463,sac,Reacher-v5,42
1360000.0,-3.4154,sac,Reacher-v5,42
1370000.0,-3.1748,sac,Reacher-v5,42
1380000.0,-2.8042,sac,Reacher-v5,42
1390000.0,-4.2363,sac,Reacher-v5,42
1400000.0,-3.4107,sac,Reacher-v5,42
1410000.0,-2.4951,sac,Reacher-v5,42
1420000.0,-3.0138,sac,Reacher-v5,42
1430000.0,-3.0171,sac,Reacher-v5,42
1440000.0,-2.7364,sac,Reacher-v5,42
1450000.0,-3.5426,sac,Reacher-v5,42
1460000.0,-2.4271,sac,Reacher-v5,42
1470000.0,-3.3758,sac,Reacher-v5,42
1480000.0,-3.3274,sac,Reacher-v5,42
1490000.0,-3.9665,sac,Reacher-v5,42
1500000.0,-3.4098,sac,Reacher-v5,42
1510000.0,-4.1067,sac,Reacher-v5,42
1520000.0,-3.8874,sac,Reacher-v5,42
1530000.0,-2.963,sac,Reacher-v5,42
1540000.0,-3.4539,sac,Reacher-v5,42
1550000.0,-2.9257,sac,Reacher-v5,42
1560000.0,-2.5844,sac,Reacher-v5,42
1570000.0,-2.8205,sac,Reacher-v5,42
1580000.0,-3.1965,sac,Reacher-v5,42
1590000.0,-3.3842,sac,Reacher-v5,42
1600000.0,-3.2514,sac,Reacher-v5,42
1610000.0,-3.5166,sac,Reacher-v5,42
1620000.0,-3.3649,sac,Reacher-v5,42
1630000.0,-2.805,sac,Reacher-v5,42
1640000.0,-4.072,sac,Reacher-v5,42
1650000.0,-2.5199,sac,Reacher-v5,42
1660000.0,-3.5626,sac,Reacher-v5,42
1670000.0,-2.8845,sac,Reacher-v5,42
1680000.0,-3.3972,sac,Reacher-v5,42
1690000.0,-2.8727,sac,Reacher-v5,42
1700000.0,-2.7288,sac,Reacher-v5,42
1710000.0,-3.4153,sac,Reacher-v5,42
1720000.0,-3.2311,sac,Reacher-v5,42
1730000.0,-3.5039,sac,Reacher-v5,42
1740000.0,-3.9324,sac,Reacher-v5,42
1750000.0,-3.0339,sac,Reacher-v5,42
1760000.0,-3.3357,sac,Reacher-v5,42
1770000.0,-3.8081,sac,Reacher-v5,42
1780000.0,-3.8187,sac,Reacher-v5,42
1790000.0,-3.3614,sac,Reacher-v5,42
1800000.0,-3.2072,sac,Reacher-v5,42
20000.0,24.5523,ppo,Swimmer-v5,42
40000.0,45.3168,ppo,Swimmer-v5,42
60000.0,42.9128,ppo,Swimmer-v5,42
80000.0,43.1171,ppo,Swimmer-v5,42
100000.0,45.4602,ppo,Swimmer-v5,42
120000.0,45.4286,ppo,Swimmer-v5,42
140000.0,61.1646,ppo,Swimmer-v5,42
160000.0,70.6353,ppo,Swimmer-v5,42
180000.0,81.1246,ppo,Swimmer-v5,42
200000.0,93.1823,ppo,Swimmer-v5,42
220000.0,100.8802,ppo,Swimmer-v5,42
240000.0,100.6401,ppo,Swimmer-v5,42
260000.0,97.965,ppo,Swimmer-v5,42
280000.0,105.6697,ppo,Swimmer-v5,42
300000.0,108.215,ppo,Swimmer-v5,42
320000.0,112.7578,ppo,Swimmer-v5,42
340000.0,103.4264,ppo,Swimmer-v5,42
360000.0,109.9636,ppo,Swimmer-v5,42
380000.0,112.6186,ppo,Swimmer-v5,42
400000.0,109.737,ppo,Swimmer-v5,42
420000.0,112.3163,ppo,Swimmer-v5,42
440000.0,109.5942,ppo,Swimmer-v5,42
460000.0,112.4414,ppo,Swimmer-v5,42
480000.0,112.5495,ppo,Swimmer-v5,42
500000.0,110.5098,ppo,Swimmer-v5,42
520000.0,111.4754,ppo,Swimmer-v5,42
540000.0,108.9469,ppo,Swimmer-v5,42
560000.0,106.1297,ppo,Swimmer-v5,42
580000.0,111.672,ppo,Swimmer-v5,42
600000.0,111.0621,ppo,Swimmer-v5,42
620000.0,108.5575,ppo,Swimmer-v5,42
640000.0,106.7254,ppo,Swimmer-v5,42
660000.0,104.6393,ppo,Swimmer-v5,42
680000.0,105.1845,ppo,Swimmer-v5,42
700000.0,109.8766,ppo,Swimmer-v5,42
720000.0,62.7933,ppo,Swimmer-v5,42
740000.0,109.6824,ppo,Swimmer-v5,42
760000.0,109.2594,ppo,Swimmer-v5,42
780000.0,107.2561,ppo,Swimmer-v5,42
800000.0,107.0172,ppo,Swimmer-v5,42
820000.0,104.5545,ppo,Swimmer-v5,42
840000.0,107.8501,ppo,Swimmer-v5,42
860000.0,108.5396,ppo,Swimmer-v5,42
880000.0,108.7591,ppo,Swimmer-v5,42
900000.0,102.203,ppo,Swimmer-v5,42
920000.0,104.1845,ppo,Swimmer-v5,42
940000.0,106.3819,ppo,Swimmer-v5,42
960000.0,105.8492,ppo,Swimmer-v5,42
980000.0,101.2064,ppo,Swimmer-v5,42
1000000.0,98.5008,ppo,Swimmer-v5,42
1020000.0,104.7643,ppo,Swimmer-v5,42
1040000.0,107.9562,ppo,Swimmer-v5,42
1060000.0,112.154,ppo,Swimmer-v5,42
1080000.0,113.3124,ppo,Swimmer-v5,42
1100000.0,111.1397,ppo,Swimmer-v5,42
1120000.0,109.7084,ppo,Swimmer-v5,42
1140000.0,110.5919,ppo,Swimmer-v5,42
1160000.0,110.4286,ppo,Swimmer-v5,42
1180000.0,110.2015,ppo,Swimmer-v5,42
1200000.0,112.0581,ppo,Swimmer-v5,42
1220000.0,113.1271,ppo,Swimmer-v5,42
1240000.0,109.9482,ppo,Swimmer-v5,42
1260000.0,110.5151,ppo,Swimmer-v5,42
1280000.0,106.0387,ppo,Swimmer-v5,42
1300000.0,108.6785,ppo,Swimmer-v5,42
1320000.0,108.9903,ppo,Swimmer-v5,42
1340000.0,109.6228,ppo,Swimmer-v5,42
1360000.0,109.8045,ppo,Swimmer-v5,42
1380000.0,109.6029,ppo,Swimmer-v5,42
1400000.0,108.151,ppo,Swimmer-v5,42
1420000.0,106.567,ppo,Swimmer-v5,42
1440000.0,106.4717,ppo,Swimmer-v5,42
1460000.0,108.4395,ppo,Swimmer-v5,42
1480000.0,104.4553,ppo,Swimmer-v5,42
1500000.0,103.2587,ppo,Swimmer-v5,42
1520000.0,107.0238,ppo,Swimmer-v5,42
1540000.0,106.7851,ppo,Swimmer-v5,42
1560000.0,107.5334,ppo,Swimmer-v5,42
1580000.0,104.0916,ppo,Swimmer-v5,42
1600000.0,102.2415,ppo,Swimmer-v5,42
1620000.0,99.2271,ppo,Swimmer-v5,42
1640000.0,106.2296,ppo,Swimmer-v5,42
1660000.0,94.6565,ppo,Swimmer-v5,42
1680000.0,110.5406,ppo,Swimmer-v5,42
1700000.0,114.1772,ppo,Swimmer-v5,42
1720000.0,112.9085,ppo,Swimmer-v5,42
1740000.0,111.5386,ppo,Swimmer-v5,42
1760000.0,116.9247,ppo,Swimmer-v5,42
1780000.0,111.0904,ppo,Swimmer-v5,42
1800000.0,111.72,ppo,Swimmer-v5,42
1820000.0,119.242,ppo,Swimmer-v5,42
1840000.0,113.8404,ppo,Swimmer-v5,42
1860000.0,112.6522,ppo,Swimmer-v5,42
1880000.0,112.8811,ppo,Swimmer-v5,42
1900000.0,117.551,ppo,Swimmer-v5,42
1920000.0,117.055,ppo,Swimmer-v5,42
1940000.0,117.1836,ppo,Swimmer-v5,42
1960000.0,118.0056,ppo,Swimmer-v5,42
1980000.0,119.4402,ppo,Swimmer-v5,42
2000000.0,120.3555,ppo,Swimmer-v5,42
2020000.0,119.2191,ppo,Swimmer-v5,42
2040000.0,117.0544,ppo,Swimmer-v5,42
2060000.0,113.4335,ppo,Swimmer-v5,42
2080000.0,114.7159,ppo,Swimmer-v5,42
2100000.0,111.0092,ppo,Swimmer-v5,42
2120000.0,109.7355,ppo,Swimmer-v5,42
2140000.0,112.742,ppo,Swimmer-v5,42
2160000.0,112.4596,ppo,Swimmer-v5,42
2180000.0,114.6835,ppo,Swimmer-v5,42
2200000.0,114.9138,ppo,Swimmer-v5,42
2220000.0,111.1019,ppo,Swimmer-v5,42
2240000.0,110.2653,ppo,Swimmer-v5,42
2260000.0,103.3689,ppo,Swimmer-v5,42
2280000.0,104.4406,ppo,Swimmer-v5,42
2300000.0,98.0998,ppo,Swimmer-v5,42
2320000.0,108.7856,ppo,Swimmer-v5,42
2340000.0,117.758,ppo,Swimmer-v5,42
2360000.0,94.7576,ppo,Swimmer-v5,42
2380000.0,120.3562,ppo,Swimmer-v5,42
2400000.0,116.6698,ppo,Swimmer-v5,42
2420000.0,109.4886,ppo,Swimmer-v5,42
2440000.0,113.9428,ppo,Swimmer-v5,42
2460000.0,110.919,ppo,Swimmer-v5,42
2480000.0,113.4572,ppo,Swimmer-v5,42
2500000.0,112.9026,ppo,Swimmer-v5,42
20000.0,24.6166,td3,Swimmer-v5,42
40000.0,43.0606,td3,Swimmer-v5,42
60000.0,40.0288,td3,Swimmer-v5,42
80000.0,41.2064,td3,Swimmer-v5,42
100000.0,40.5012,td3,Swimmer-v5,42
120000.0,41.926,td3,Swimmer-v5,42
140000.0,50.4564,td3,Swimmer-v5,42
160000.0,47.3587,td3,Swimmer-v5,42
180000.0,45.512,td3,Swimmer-v5,42
200000.0,46.1709,td3,Swimmer-v5,42
220000.0,47.8279,td3,Swimmer-v5,42
240000.0,50.643,td3,Swimmer-v5,42
260000.0,48.8922,td3,Swimmer-v5,42
280000.0,49.0473,td3,Swimmer-v5,42
300000.0,47.8764,td3,Swimmer-v5,42
320000.0,49.8633,td3,Swimmer-v5,42
340000.0,49.3602,td3,Swimmer-v5,42
360000.0,45.6671,td3,Swimmer-v5,42
380000.0,47.6832,td3,Swimmer-v5,42
400000.0,48.4508,td3,Swimmer-v5,42
420000.0,47.5194,td3,Swimmer-v5,42
440000.0,47.4831,td3,Swimmer-v5,42
460000.0,47.9382,td3,Swimmer-v5,42
480000.0,47.8314,td3,Swimmer-v5,42
500000.0,48.1494,td3,Swimmer-v5,42
520000.0,46.78,td3,Swimmer-v5,42
540000.0,45.8281,td3,Swimmer-v5,42
560000.0,45.9512,td3,Swimmer-v5,42
580000.0,45.8604,td3,Swimmer-v5,42
600000.0,47.8901,td3,Swimmer-v5,42
620000.0,45.3772,td3,Swimmer-v5,42
640000.0,48.4979,td3,Swimmer-v5,42
660000.0,45.6097,td3,Swimmer-v5,42
680000.0,48.4284,td3,Swimmer-v5,42
700000.0,49.6256,td3,Swimmer-v5,42
720000.0,50.5495,td3,Swimmer-v5,42
740000.0,47.2654,td3,Swimmer-v5,42
760000.0,47.492,td3,Swimmer-v5,42
780000.0,46.9157,td3,Swimmer-v5,42
800000.0,46.8904,td3,Swimmer-v5,42
820000.0,49.178,td3,Swimmer-v5,42
840000.0,48.439,td3,Swimmer-v5,42
860000.0,46.395,td3,Swimmer-v5,42
880000.0,46.2536,td3,Swimmer-v5,42
900000.0,45.8836,td3,Swimmer-v5,42
920000.0,45.5334,td3,Swimmer-v5,42
940000.0,48.2996,td3,Swimmer-v5,42
960000.0,48.8809,td3,Swimmer-v5,42
980000.0,47.4465,td3,Swimmer-v5,42
1000000.0,47.4984,td3,Swimmer-v5,42
1020000.0,46.4597,td3,Swimmer-v5,42
1040000.0,47.8936,td3,Swimmer-v5,42
1060000.0,47.5378,td3,Swimmer-v5,42
1080000.0,48.3099,td3,Swimmer-v5,42
1100000.0,47.9294,td3,Swimmer-v5,42
1120000.0,61.5528,td3,Swimmer-v5,42
1140000.0,47.443,td3,Swimmer-v5,42
1160000.0,49.3946,td3,Swimmer-v5,42
1180000.0,49.9022,td3,Swimmer-v5,42
1200000.0,39.4681,td3,Swimmer-v5,42
1220000.0,49.6387,td3,Swimmer-v5,42
1240000.0,47.023,td3,Swimmer-v5,42
1260000.0,47.8736,td3,Swimmer-v5,42
1280000.0,48.3783,td3,Swimmer-v5,42
1300000.0,47.3725,td3,Swimmer-v5,42
1320000.0,47.6594,td3,Swimmer-v5,42
1340000.0,50.2792,td3,Swimmer-v5,42
1360000.0,51.1837,td3,Swimmer-v5,42
1380000.0,49.8892,td3,Swimmer-v5,42
1400000.0,48.5821,td3,Swimmer-v5,42
1420000.0,48.838,td3,Swimmer-v5,42
1440000.0,47.136,td3,Swimmer-v5,42
1460000.0,48.4192,td3,Swimmer-v5,42
1480000.0,50.3279,td3,Swimmer-v5,42
1500000.0,50.6812,td3,Swimmer-v5,42
1520000.0,51.5182,td3,Swimmer-v5,42
1540000.0,51.0259,td3,Swimmer-v5,42
1560000.0,49.0875,td3,Swimmer-v5,42
1580000.0,49.1916,td3,Swimmer-v5,42
1600000.0,50.5197,td3,Swimmer-v5,42
1620000.0,50.2846,td3,Swimmer-v5,42
1640000.0,49.4312,td3,Swimmer-v5,42
1660000.0,50.8981,td3,Swimmer-v5,42
1680000.0,50.373,td3,Swimmer-v5,42
1700000.0,51.6549,td3,Swimmer-v5,42
1720000.0,53.6527,td3,Swimmer-v5,42
1740000.0,51.1117,td3,Swimmer-v5,42
1760000.0,48.9669,td3,Swimmer-v5,42
1780000.0,53.5557,td3,Swimmer-v5,42
1800000.0,53.8427,td3,Swimmer-v5,42
1820000.0,49.6376,td3,Swimmer-v5,42
1840000.0,50.1214,td3,Swimmer-v5,42
1860000.0,56.0539,td3,Swimmer-v5,42
1880000.0,55.522,td3,Swimmer-v5,42
1900000.0,56.6044,td3,Swimmer-v5,42
1920000.0,57.0326,td3,Swimmer-v5,42
1940000.0,56.3899,td3,Swimmer-v5,42
1960000.0,55.8689,td3,Swimmer-v5,42
1980000.0,54.2488,td3,Swimmer-v5,42
2000000.0,54.3985,td3,Swimmer-v5,42
2020000.0,53.8614,td3,Swimmer-v5,42
2040000.0,56.522,td3,Swimmer-v5,42
2060000.0,53.2872,td3,Swimmer-v5,42
2080000.0,57.9632,td3,Swimmer-v5,42
2100000.0,54.428,td3,Swimmer-v5,42
2120000.0,57.9411,td3,Swimmer-v5,42
2140000.0,57.5731,td3,Swimmer-v5,42
2160000.0,57.3571,td3,Swimmer-v5,42
2180000.0,58.2519,td3,Swimmer-v5,42
2200000.0,56.3802,td3,Swimmer-v5,42
2220000.0,58.9734,td3,Swimmer-v5,42
2240000.0,59.2365,td3,Swimmer-v5,42
2260000.0,59.6639,td3,Swimmer-v5,42
2280000.0,59.1125,td3,Swimmer-v5,42
2300000.0,60.7093,td3,Swimmer-v5,42
2320000.0,60.9445,td3,Swimmer-v5,42
2340000.0,60.4812,td3,Swimmer-v5,42
2360000.0,58.1419,td3,Swimmer-v5,42
2380000.0,59.1155,td3,Swimmer-v5,42
2400000.0,61.5643,td3,Swimmer-v5,42
2420000.0,64.581,td3,Swimmer-v5,42
2440000.0,62.7638,td3,Swimmer-v5,42
2460000.0,61.9727,td3,Swimmer-v5,42
2480000.0,67.5517,td3,Swimmer-v5,42
2500000.0,66.1371,td3,Swimmer-v5,42
20000.0,17.9984,sac,Swimmer-v5,42
40000.0,35.3159,sac,Swimmer-v5,42
60000.0,37.1369,sac,Swimmer-v5,42
80000.0,47.114,sac,Swimmer-v5,42
100000.0,52.2939,sac,Swimmer-v5,42
120000.0,44.4106,sac,Swimmer-v5,42
140000.0,49.064,sac,Swimmer-v5,42
160000.0,47.3657,sac,Swimmer-v5,42
180000.0,49.7796,sac,Swimmer-v5,42
200000.0,50.9002,sac,Swimmer-v5,42
220000.0,49.7586,sac,Swimmer-v5,42
240000.0,56.9734,sac,Swimmer-v5,42
260000.0,56.0306,sac,Swimmer-v5,42
280000.0,50.7353,sac,Swimmer-v5,42
300000.0,62.1852,sac,Swimmer-v5,42
320000.0,61.4302,sac,Swimmer-v5,42
340000.0,66.8877,sac,Swimmer-v5,42
360000.0,58.8638,sac,Swimmer-v5,42
380000.0,53.8658,sac,Swimmer-v5,42
400000.0,60.1576,sac,Swimmer-v5,42
420000.0,61.0429,sac,Swimmer-v5,42
440000.0,68.7566,sac,Swimmer-v5,42
460000.0,63.8451,sac,Swimmer-v5,42
480000.0,62.8042,sac,Swimmer-v5,42
500000.0,65.248,sac,Swimmer-v5,42
520000.0,63.0515,sac,Swimmer-v5,42
540000.0,60.8552,sac,Swimmer-v5,42
560000.0,69.0912,sac,Swimmer-v5,42
580000.0,68.3335,sac,Swimmer-v5,42
600000.0,70.6454,sac,Swimmer-v5,42
620000.0,60.6678,sac,Swimmer-v5,42
640000.0,71.5586,sac,Swimmer-v5,42
660000.0,57.8785,sac,Swimmer-v5,42
680000.0,65.9181,sac,Swimmer-v5,42
700000.0,61.1538,sac,Swimmer-v5,42
720000.0,57.085,sac,Swimmer-v5,42
740000.0,59.6767,sac,Swimmer-v5,42
760000.0,65.2934,sac,Swimmer-v5,42
780000.0,60.4849,sac,Swimmer-v5,42
800000.0,62.8768,sac,Swimmer-v5,42
820000.0,63.5516,sac,Swimmer-v5,42
840000.0,57.9319,sac,Swimmer-v5,42
860000.0,58.8685,sac,Swimmer-v5,42
880000.0,63.3421,sac,Swimmer-v5,42
900000.0,64.8554,sac,Swimmer-v5,42
920000.0,65.2978,sac,Swimmer-v5,42
940000.0,64.5263,sac,Swimmer-v5,42
960000.0,59.71,sac,Swimmer-v5,42
980000.0,64.3409,sac,Swimmer-v5,42
1000000.0,64.4674,sac,Swimmer-v5,42
1020000.0,63.0134,sac,Swimmer-v5,42
1040000.0,65.1798,sac,Swimmer-v5,42
1060000.0,61.5204,sac,Swimmer-v5,42
1080000.0,67.598,sac,Swimmer-v5,42
1100000.0,60.6998,sac,Swimmer-v5,42
1120000.0,61.4663,sac,Swimmer-v5,42
1140000.0,68.2226,sac,Swimmer-v5,42
1160000.0,63.4032,sac,Swimmer-v5,42
1180000.0,63.6993,sac,Swimmer-v5,42
1200000.0,64.0518,sac,Swimmer-v5,42
1220000.0,62.7803,sac,Swimmer-v5,42
1240000.0,62.9292,sac,Swimmer-v5,42
1260000.0,68.8638,sac,Swimmer-v5,42
1280000.0,60.5198,sac,Swimmer-v5,42
1300000.0,67.5829,sac,Swimmer-v5,42
1320000.0,63.1933,sac,Swimmer-v5,42
1340000.0,62.686,sac,Swimmer-v5,42
1360000.0,64.0116,sac,Swimmer-v5,42
1380000.0,69.2941,sac,Swimmer-v5,42
1400000.0,59.7684,sac,Swimmer-v5,42
1420000.0,64.2966,sac,Swimmer-v5,42
1440000.0,61.0744,sac,Swimmer-v5,42
20000.0,261.1226,ppo,Walker2d-v5,42
40000.0,260.6085,ppo,Walker2d-v5,42
60000.0,280.046,ppo,Walker2d-v5,42
80000.0,362.9051,ppo,Walker2d-v5,42
100000.0,367.8239,ppo,Walker2d-v5,42
120000.0,389.4596,ppo,Walker2d-v5,42
140000.0,392.4825,ppo,Walker2d-v5,42
160000.0,539.3342,ppo,Walker2d-v5,42
180000.0,486.9847,ppo,Walker2d-v5,42
200000.0,241.807,ppo,Walker2d-v5,42
220000.0,234.8463,ppo,Walker2d-v5,42
240000.0,555.9131,ppo,Walker2d-v5,42
260000.0,705.9127,ppo,Walker2d-v5,42
280000.0,563.7543,ppo,Walker2d-v5,42
300000.0,1432.416,ppo,Walker2d-v5,42
320000.0,1573.3765,ppo,Walker2d-v5,42
340000.0,2015.1256,ppo,Walker2d-v5,42
360000.0,903.5278,ppo,Walker2d-v5,42
380000.0,1081.2922,ppo,Walker2d-v5,42
400000.0,817.7535,ppo,Walker2d-v5,42
420000.0,1027.1366,ppo,Walker2d-v5,42
440000.0,658.5254,ppo,Walker2d-v5,42
460000.0,1321.5677,ppo,Walker2d-v5,42
480000.0,974.6869,ppo,Walker2d-v5,42
500000.0,484.992,ppo,Walker2d-v5,42
520000.0,1119.3818,ppo,Walker2d-v5,42
540000.0,818.221,ppo,Walker2d-v5,42
560000.0,1132.0026,ppo,Walker2d-v5,42
580000.0,1426.7377,ppo,Walker2d-v5,42
600000.0,978.9514,ppo,Walker2d-v5,42
620000.0,963.9021,ppo,Walker2d-v5,42
640000.0,764.0612,ppo,Walker2d-v5,42
660000.0,730.5211,ppo,Walker2d-v5,42
680000.0,951.9411,ppo,Walker2d-v5,42
700000.0,949.5577,ppo,Walker2d-v5,42
720000.0,1900.2719,ppo,Walker2d-v5,42
740000.0,1035.151,ppo,Walker2d-v5,42
760000.0,540.1588,ppo,Walker2d-v5,42
780000.0,484.8964,ppo,Walker2d-v5,42
800000.0,1145.17,ppo,Walker2d-v5,42
820000.0,1090.948,ppo,Walker2d-v5,42
840000.0,703.2875,ppo,Walker2d-v5,42
860000.0,1418.8514,ppo,Walker2d-v5,42
880000.0,1103.9081,ppo,Walker2d-v5,42
900000.0,476.0488,ppo,Walker2d-v5,42
920000.0,859.2666,ppo,Walker2d-v5,42
940000.0,635.207,ppo,Walker2d-v5,42
960000.0,887.0479,ppo,Walker2d-v5,42
980000.0,880.5001,ppo,Walker2d-v5,42
1000000.0,387.176,ppo,Walker2d-v5,42
1020000.0,671.1376,ppo,Walker2d-v5,42
1040000.0,1287.2596,ppo,Walker2d-v5,42
1060000.0,937.4773,ppo,Walker2d-v5,42
1080000.0,653.183,ppo,Walker2d-v5,42
1100000.0,631.444,ppo,Walker2d-v5,42
1120000.0,923.0638,ppo,Walker2d-v5,42
1140000.0,887.901,ppo,Walker2d-v5,42
1160000.0,1012.0613,ppo,Walker2d-v5,42
1180000.0,847.2989,ppo,Walker2d-v5,42
1200000.0,754.0544,ppo,Walker2d-v5,42
1220000.0,989.6952,ppo,Walker2d-v5,42
1240000.0,746.4445,ppo,Walker2d-v5,42
1260000.0,1465.7493,ppo,Walker2d-v5,42
1280000.0,1580.3226,ppo,Walker2d-v5,42
1300000.0,1201.2996,ppo,Walker2d-v5,42
1320000.0,819.9612,ppo,Walker2d-v5,42
1340000.0,1200.8237,ppo,Walker2d-v5,42
1360000.0,846.1653,ppo,Walker2d-v5,42
1380000.0,893.5144,ppo,Walker2d-v5,42
1400000.0,881.1156,ppo,Walker2d-v5,42
1420000.0,630.8606,ppo,Walker2d-v5,42
1440000.0,800.2711,ppo,Walker2d-v5,42
1460000.0,1433.636,ppo,Walker2d-v5,42
1480000.0,551.7026,ppo,Walker2d-v5,42
1500000.0,634.3008,ppo,Walker2d-v5,42
1520000.0,555.9036,ppo,Walker2d-v5,42
1540000.0,660.6874,ppo,Walker2d-v5,42
1560000.0,870.2154,ppo,Walker2d-v5,42
1580000.0,814.8648,ppo,Walker2d-v5,42
1600000.0,771.9963,ppo,Walker2d-v5,42
1620000.0,902.0586,ppo,Walker2d-v5,42
1640000.0,723.848,ppo,Walker2d-v5,42
1660000.0,938.4172,ppo,Walker2d-v5,42
1680000.0,844.484,ppo,Walker2d-v5,42
1700000.0,795.6058,ppo,Walker2d-v5,42
1720000.0,505.5791,ppo,Walker2d-v5,42
1740000.0,500.1899,ppo,Walker2d-v5,42
1760000.0,410.6458,ppo,Walker2d-v5,42
1780000.0,464.9705,ppo,Walker2d-v5,42
1800000.0,725.2708,ppo,Walker2d-v5,42
1820000.0,621.9637,ppo,Walker2d-v5,42
1840000.0,344.6706,ppo,Walker2d-v5,42
1860000.0,421.2955,ppo,Walker2d-v5,42
1880000.0,419.9495,ppo,Walker2d-v5,42
1900000.0,511.2023,ppo,Walker2d-v5,42
1920000.0,521.9246,ppo,Walker2d-v5,42
1940000.0,465.1284,ppo,Walker2d-v5,42
1960000.0,277.8274,ppo,Walker2d-v5,42
1980000.0,297.027,ppo,Walker2d-v5,42
2000000.0,338.8583,ppo,Walker2d-v5,42
2020000.0,311.9359,ppo,Walker2d-v5,42
2040000.0,315.652,ppo,Walker2d-v5,42
2060000.0,254.0242,ppo,Walker2d-v5,42
2080000.0,283.5321,ppo,Walker2d-v5,42
2100000.0,233.8216,ppo,Walker2d-v5,42
2120000.0,288.6165,ppo,Walker2d-v5,42
2140000.0,193.4879,ppo,Walker2d-v5,42
2160000.0,259.3213,ppo,Walker2d-v5,42
2180000.0,359.1025,ppo,Walker2d-v5,42
2200000.0,398.1009,ppo,Walker2d-v5,42
2220000.0,429.6592,ppo,Walker2d-v5,42
2240000.0,460.6305,ppo,Walker2d-v5,42
2260000.0,325.1634,ppo,Walker2d-v5,42
2280000.0,269.247,ppo,Walker2d-v5,42
2300000.0,343.7334,ppo,Walker2d-v5,42
2320000.0,329.6754,ppo,Walker2d-v5,42
2340000.0,392.2316,ppo,Walker2d-v5,42
2360000.0,384.6539,ppo,Walker2d-v5,42
2380000.0,335.8988,ppo,Walker2d-v5,42
2400000.0,376.132,ppo,Walker2d-v5,42
2420000.0,381.5867,ppo,Walker2d-v5,42
2440000.0,301.5918,ppo,Walker2d-v5,42
2460000.0,249.4086,ppo,Walker2d-v5,42
2480000.0,344.8546,ppo,Walker2d-v5,42
2500000.0,385.3306,ppo,Walker2d-v5,42
20000.0,192.3265,td3,Walker2d-v5,42
40000.0,152.0688,td3,Walker2d-v5,42
60000.0,398.8167,td3,Walker2d-v5,42
80000.0,506.6748,td3,Walker2d-v5,42
100000.0,452.3957,td3,Walker2d-v5,42
120000.0,429.5947,td3,Walker2d-v5,42
140000.0,614.2529,td3,Walker2d-v5,42
160000.0,1671.7223,td3,Walker2d-v5,42
180000.0,2077.5615,td3,Walker2d-v5,42
200000.0,1234.1155,td3,Walker2d-v5,42
220000.0,1431.7542,td3,Walker2d-v5,42
240000.0,1756.8658,td3,Walker2d-v5,42
260000.0,1473.3124,td3,Walker2d-v5,42
280000.0,2568.5486,td3,Walker2d-v5,42
300000.0,2890.6106,td3,Walker2d-v5,42
320000.0,2792.8833,td3,Walker2d-v5,42
340000.0,3053.1357,td3,Walker2d-v5,42
360000.0,2415.3088,td3,Walker2d-v5,42
380000.0,3011.585,td3,Walker2d-v5,42
400000.0,3536.3298,td3,Walker2d-v5,42
420000.0,3727.9119,td3,Walker2d-v5,42
440000.0,3511.1294,td3,Walker2d-v5,42
460000.0,1735.3922,td3,Walker2d-v5,42
480000.0,2103.896,td3,Walker2d-v5,42
500000.0,2814.7432,td3,Walker2d-v5,42
520000.0,3832.704,td3,Walker2d-v5,42
540000.0,3359.9087,td3,Walker2d-v5,42
560000.0,3536.7986,td3,Walker2d-v5,42
580000.0,3717.9883,td3,Walker2d-v5,42
600000.0,2827.9045,td3,Walker2d-v5,42
620000.0,3317.3176,td3,Walker2d-v5,42
640000.0,3629.4802,td3,Walker2d-v5,42
660000.0,3497.871,td3,Walker2d-v5,42
680000.0,3765.0962,td3,Walker2d-v5,42
700000.0,3533.5176,td3,Walker2d-v5,42
720000.0,2664.7603,td3,Walker2d-v5,42
740000.0,4010.5913,td3,Walker2d-v5,42
760000.0,3753.7173,td3,Walker2d-v5,42
780000.0,3744.0938,td3,Walker2d-v5,42
800000.0,3603.147,td3,Walker2d-v5,42
820000.0,3395.583,td3,Walker2d-v5,42
840000.0,3476.2664,td3,Walker2d-v5,42
860000.0,3753.4321,td3,Walker2d-v5,42
880000.0,3417.9746,td3,Walker2d-v5,42
900000.0,3571.284,td3,Walker2d-v5,42
920000.0,3939.646,td3,Walker2d-v5,42
940000.0,3989.025,td3,Walker2d-v5,42
960000.0,3496.9294,td3,Walker2d-v5,42
980000.0,4070.303,td3,Walker2d-v5,42
1000000.0,3795.291,td3,Walker2d-v5,42
1020000.0,3780.721,td3,Walker2d-v5,42
1040000.0,3612.1348,td3,Walker2d-v5,42
1060000.0,3834.4072,td3,Walker2d-v5,42
1080000.0,3747.8936,td3,Walker2d-v5,42
1100000.0,3597.9707,td3,Walker2d-v5,42
1120000.0,3790.15,td3,Walker2d-v5,42
1140000.0,3692.863,td3,Walker2d-v5,42
1160000.0,3498.5784,td3,Walker2d-v5,42
1180000.0,3466.7026,td3,Walker2d-v5,42
1200000.0,3654.226,td3,Walker2d-v5,42
1220000.0,3859.3142,td3,Walker2d-v5,42
1240000.0,4036.6458,td3,Walker2d-v5,42
1260000.0,3341.8633,td3,Walker2d-v5,42
1280000.0,4206.972,td3,Walker2d-v5,42
1300000.0,813.955,td3,Walker2d-v5,42
1320000.0,3110.9805,td3,Walker2d-v5,42
1340000.0,1235.5128,td3,Walker2d-v5,42
1360000.0,3433.7722,td3,Walker2d-v5,42
1380000.0,3808.5894,td3,Walker2d-v5,42
1400000.0,4059.1838,td3,Walker2d-v5,42
1420000.0,3562.0469,td3,Walker2d-v5,42
1440000.0,3823.4448,td3,Walker2d-v5,42
1460000.0,3333.9492,td3,Walker2d-v5,42
1480000.0,3559.847,td3,Walker2d-v5,42
1500000.0,3763.4824,td3,Walker2d-v5,42
1520000.0,4152.6914,td3,Walker2d-v5,42
1540000.0,4001.573,td3,Walker2d-v5,42
1560000.0,3934.3245,td3,Walker2d-v5,42
1580000.0,3887.6309,td3,Walker2d-v5,42
1600000.0,3880.971,td3,Walker2d-v5,42
1620000.0,3979.0583,td3,Walker2d-v5,42
1640000.0,4001.1099,td3,Walker2d-v5,42
1660000.0,3501.987,td3,Walker2d-v5,42
1680000.0,3916.0088,td3,Walker2d-v5,42
1700000.0,4107.593,td3,Walker2d-v5,42
1720000.0,4162.2915,td3,Walker2d-v5,42
1740000.0,4094.8638,td3,Walker2d-v5,42
1760000.0,3240.9573,td3,Walker2d-v5,42
1780000.0,3729.931,td3,Walker2d-v5,42
1800000.0,3619.143,td3,Walker2d-v5,42
1820000.0,1211.0667,td3,Walker2d-v5,42
1840000.0,3929.5608,td3,Walker2d-v5,42
1860000.0,3794.4658,td3,Walker2d-v5,42
1880000.0,3749.9155,td3,Walker2d-v5,42
1900000.0,3938.0437,td3,Walker2d-v5,42
1920000.0,4041.4468,td3,Walker2d-v5,42
1940000.0,3559.7764,td3,Walker2d-v5,42
1960000.0,3992.0706,td3,Walker2d-v5,42
20000.0,332.242,sac,Walker2d-v5,42
40000.0,504.3558,sac,Walker2d-v5,42
60000.0,456.1641,sac,Walker2d-v5,42
80000.0,256.7472,sac,Walker2d-v5,42
100000.0,504.1045,sac,Walker2d-v5,42
120000.0,627.8826,sac,Walker2d-v5,42
140000.0,719.0498,sac,Walker2d-v5,42
160000.0,887.0908,sac,Walker2d-v5,42
180000.0,1301.6376,sac,Walker2d-v5,42
200000.0,1244.909,sac,Walker2d-v5,42
220000.0,720.7822,sac,Walker2d-v5,42
240000.0,838.7744,sac,Walker2d-v5,42
260000.0,1053.474,sac,Walker2d-v5,42
280000.0,1367.1726,sac,Walker2d-v5,42
300000.0,649.0384,sac,Walker2d-v5,42
320000.0,1561.3318,sac,Walker2d-v5,42
340000.0,2048.3635,sac,Walker2d-v5,42
360000.0,2734.6165,sac,Walker2d-v5,42
380000.0,3091.431,sac,Walker2d-v5,42
400000.0,2256.6243,sac,Walker2d-v5,42
420000.0,1500.0636,sac,Walker2d-v5,42
440000.0,4264.34,sac,Walker2d-v5,42
460000.0,2460.6921,sac,Walker2d-v5,42
480000.0,3179.2788,sac,Walker2d-v5,42
500000.0,2433.6775,sac,Walker2d-v5,42
520000.0,3859.8032,sac,Walker2d-v5,42
540000.0,4827.101,sac,Walker2d-v5,42
560000.0,4691.945,sac,Walker2d-v5,42
580000.0,4321.113,sac,Walker2d-v5,42
600000.0,4593.462,sac,Walker2d-v5,42
620000.0,4028.0325,sac,Walker2d-v5,42
640000.0,4686.947,sac,Walker2d-v5,42
660000.0,4717.666,sac,Walker2d-v5,42
680000.0,4520.972,sac,Walker2d-v5,42
700000.0,4817.0894,sac,Walker2d-v5,42
720000.0,4820.401,sac,Walker2d-v5,42
740000.0,4819.1963,sac,Walker2d-v5,42
760000.0,4923.1333,sac,Walker2d-v5,42
780000.0,4898.8647,sac,Walker2d-v5,42
800000.0,5140.216,sac,Walker2d-v5,42
820000.0,5026.6294,sac,Walker2d-v5,42
840000.0,4972.03,sac,Walker2d-v5,42
860000.0,5017.547,sac,Walker2d-v5,42
880000.0,5006.135,sac,Walker2d-v5,42
900000.0,4850.439,sac,Walker2d-v5,42
920000.0,5109.2515,sac,Walker2d-v5,42
940000.0,4303.4966,sac,Walker2d-v5,42
960000.0,3486.1753,sac,Walker2d-v5,42
980000.0,5012.5693,sac,Walker2d-v5,42
1000000.0,5138.667,sac,Walker2d-v5,42
1020000.0,5152.892,sac,Walker2d-v5,42
1040000.0,5249.882,sac,Walker2d-v5,42
1060000.0,5146.896,sac,Walker2d-v5,42
1080000.0,5132.6074,sac,Walker2d-v5,42
1100000.0,5198.9824,sac,Walker2d-v5,42
20000.0,-105.7434,ppo,LunarLanderContinuous-v3,42
40000.0,-20.3344,ppo,LunarLanderContinuous-v3,42
60000.0,-185.1262,ppo,LunarLanderContinuous-v3,42
80000.0,-145.7319,ppo,LunarLanderContinuous-v3,42
100000.0,189.281,ppo,LunarLanderContinuous-v3,42
120000.0,183.0868,ppo,LunarLanderContinuous-v3,42
140000.0,233.2933,ppo,LunarLanderContinuous-v3,42
160000.0,194.449,ppo,LunarLanderContinuous-v3,42
180000.0,163.3213,ppo,LunarLanderContinuous-v3,42
200000.0,63.8745,ppo,LunarLanderContinuous-v3,42
220000.0,151.0804,ppo,LunarLanderContinuous-v3,42
240000.0,170.9493,ppo,LunarLanderContinuous-v3,42
260000.0,198.056,ppo,LunarLanderContinuous-v3,42
280000.0,184.9862,ppo,LunarLanderContinuous-v3,42
300000.0,169.2416,ppo,LunarLanderContinuous-v3,42
320000.0,204.755,ppo,LunarLanderContinuous-v3,42
340000.0,156.7519,ppo,LunarLanderContinuous-v3,42
360000.0,175.5063,ppo,LunarLanderContinuous-v3,42
380000.0,223.4049,ppo,LunarLanderContinuous-v3,42
400000.0,203.2475,ppo,LunarLanderContinuous-v3,42
420000.0,125.5738,ppo,LunarLanderContinuous-v3,42
440000.0,195.932,ppo,LunarLanderContinuous-v3,42
460000.0,115.8763,ppo,LunarLanderContinuous-v3,42
480000.0,173.4243,ppo,LunarLanderContinuous-v3,42
500000.0,184.2472,ppo,LunarLanderContinuous-v3,42
520000.0,189.1669,ppo,LunarLanderContinuous-v3,42
540000.0,192.0825,ppo,LunarLanderContinuous-v3,42
560000.0,243.0983,ppo,LunarLanderContinuous-v3,42
580000.0,219.0276,ppo,LunarLanderContinuous-v3,42
600000.0,223.1859,ppo,LunarLanderContinuous-v3,42
620000.0,241.7333,ppo,LunarLanderContinuous-v3,42
640000.0,221.4269,ppo,LunarLanderContinuous-v3,42
660000.0,220.6321,ppo,LunarLanderContinuous-v3,42
680000.0,230.5374,ppo,LunarLanderContinuous-v3,42
700000.0,162.3147,ppo,LunarLanderContinuous-v3,42
720000.0,172.2263,ppo,LunarLanderContinuous-v3,42
740000.0,218.5205,ppo,LunarLanderContinuous-v3,42
760000.0,161.1386,ppo,LunarLanderContinuous-v3,42
780000.0,191.2614,ppo,LunarLanderContinuous-v3,42
800000.0,201.0518,ppo,LunarLanderContinuous-v3,42
820000.0,235.327,ppo,LunarLanderContinuous-v3,42
840000.0,243.244,ppo,LunarLanderContinuous-v3,42
860000.0,243.2423,ppo,LunarLanderContinuous-v3,42
880000.0,174.9938,ppo,LunarLanderContinuous-v3,42
900000.0,246.7418,ppo,LunarLanderContinuous-v3,42
920000.0,174.5973,ppo,LunarLanderContinuous-v3,42
940000.0,143.9464,ppo,LunarLanderContinuous-v3,42
960000.0,255.2197,ppo,LunarLanderContinuous-v3,42
980000.0,186.3519,ppo,LunarLanderContinuous-v3,42
1000000.0,232.2285,ppo,LunarLanderContinuous-v3,42
1020000.0,197.4389,ppo,LunarLanderContinuous-v3,42
1040000.0,175.4676,ppo,LunarLanderContinuous-v3,42
1060000.0,199.4793,ppo,LunarLanderContinuous-v3,42
1080000.0,190.5581,ppo,LunarLanderContinuous-v3,42
1100000.0,199.8229,ppo,LunarLanderContinuous-v3,42
1120000.0,217.2062,ppo,LunarLanderContinuous-v3,42
1140000.0,196.8678,ppo,LunarLanderContinuous-v3,42
1160000.0,202.129,ppo,LunarLanderContinuous-v3,42
1180000.0,198.0727,ppo,LunarLanderContinuous-v3,42
1200000.0,179.6055,ppo,LunarLanderContinuous-v3,42
1220000.0,201.8384,ppo,LunarLanderContinuous-v3,42
1240000.0,197.2051,ppo,LunarLanderContinuous-v3,42
1260000.0,127.663,ppo,LunarLanderContinuous-v3,42
1280000.0,167.139,ppo,LunarLanderContinuous-v3,42
1300000.0,216.1986,ppo,LunarLanderContinuous-v3,42
1320000.0,164.511,ppo,LunarLanderContinuous-v3,42
1340000.0,238.9929,ppo,LunarLanderContinuous-v3,42
1360000.0,152.4936,ppo,LunarLanderContinuous-v3,42
1380000.0,226.6862,ppo,LunarLanderContinuous-v3,42
1400000.0,263.7902,ppo,LunarLanderContinuous-v3,42
1420000.0,185.47,ppo,LunarLanderContinuous-v3,42
1440000.0,247.7508,ppo,LunarLanderContinuous-v3,42
1460000.0,251.5754,ppo,LunarLanderContinuous-v3,42
1480000.0,257.3813,ppo,LunarLanderContinuous-v3,42
1500000.0,170.4906,ppo,LunarLanderContinuous-v3,42
1520000.0,196.0847,ppo,LunarLanderContinuous-v3,42
1540000.0,248.3153,ppo,LunarLanderContinuous-v3,42
1560000.0,236.8428,ppo,LunarLanderContinuous-v3,42
1580000.0,197.8151,ppo,LunarLanderContinuous-v3,42
1600000.0,256.5018,ppo,LunarLanderContinuous-v3,42
1620000.0,241.3464,ppo,LunarLanderContinuous-v3,42
1640000.0,210.4683,ppo,LunarLanderContinuous-v3,42
1660000.0,167.4433,ppo,LunarLanderContinuous-v3,42
1680000.0,246.9829,ppo,LunarLanderContinuous-v3,42
1700000.0,190.7968,ppo,LunarLanderContinuous-v3,42
1720000.0,224.1513,ppo,LunarLanderContinuous-v3,42
1740000.0,264.0332,ppo,LunarLanderContinuous-v3,42
1760000.0,222.1471,ppo,LunarLanderContinuous-v3,42
1780000.0,199.3322,ppo,LunarLanderContinuous-v3,42
1800000.0,222.4288,ppo,LunarLanderContinuous-v3,42
1820000.0,164.1528,ppo,LunarLanderContinuous-v3,42
1840000.0,144.4775,ppo,LunarLanderContinuous-v3,42
1860000.0,227.3291,ppo,LunarLanderContinuous-v3,42
1880000.0,255.0699,ppo,LunarLanderContinuous-v3,42
1900000.0,217.8912,ppo,LunarLanderContinuous-v3,42
1920000.0,143.1776,ppo,LunarLanderContinuous-v3,42
1940000.0,212.3391,ppo,LunarLanderContinuous-v3,42
1960000.0,253.4796,ppo,LunarLanderContinuous-v3,42
1980000.0,141.2425,ppo,LunarLanderContinuous-v3,42
2000000.0,259.3721,ppo,LunarLanderContinuous-v3,42
20000.0,-42.6523,td3,LunarLanderContinuous-v3,42
40000.0,64.5729,td3,LunarLanderContinuous-v3,42
60000.0,183.8058,td3,LunarLanderContinuous-v3,42
80000.0,-55.1431,td3,LunarLanderContinuous-v3,42
100000.0,68.2609,td3,LunarLanderContinuous-v3,42
120000.0,97.5647,td3,LunarLanderContinuous-v3,42
140000.0,217.7297,td3,LunarLanderContinuous-v3,42
160000.0,163.9927,td3,LunarLanderContinuous-v3,42
180000.0,147.5609,td3,LunarLanderContinuous-v3,42
200000.0,208.1386,td3,LunarLanderContinuous-v3,42
220000.0,210.0303,td3,LunarLanderContinuous-v3,42
240000.0,197.683,td3,LunarLanderContinuous-v3,42
260000.0,261.4721,td3,LunarLanderContinuous-v3,42
280000.0,258.6328,td3,LunarLanderContinuous-v3,42
300000.0,263.0012,td3,LunarLanderContinuous-v3,42
320000.0,270.7113,td3,LunarLanderContinuous-v3,42
340000.0,234.3064,td3,LunarLanderContinuous-v3,42
360000.0,261.1213,td3,LunarLanderContinuous-v3,42
380000.0,269.6618,td3,LunarLanderContinuous-v3,42
400000.0,276.6923,td3,LunarLanderContinuous-v3,42
420000.0,265.051,td3,LunarLanderContinuous-v3,42
440000.0,274.9124,td3,LunarLanderContinuous-v3,42
460000.0,280.8349,td3,LunarLanderContinuous-v3,42
480000.0,279.1033,td3,LunarLanderContinuous-v3,42
20000.0,-14.2141,sac,LunarLanderContinuous-v3,42
40000.0,-12.1135,sac,LunarLanderContinuous-v3,42
